# Upstream commits since a662fbb2ff touching src/Mod/PartDesign tests/src/Mod/PartDesign src/Gui/Inventor/Draggers src/Mod/Part/App/GizmoHelper, tip 3383e9119f.
# kind: subject-regex guess (fix/feature/refactor/noise/?). family: gizmo = touches the gizmo sources or says gizmo/dragger.
# fwd/rev: git apply --check against the branch at creation. status: have(rev)=reverse-applies, open.
# decision: taken <fork hash> | adapted <fork hash> | have | n/a | superseded | declined <why> | deferred
hash	date	author	kind	family	fwd	rev	status	lines	decision	subject	files
50fc8e86c7	2023-12-17	Zheng, Lei	fix		0	0	open	10	have (Fork adds the new body to the active Part before setActiveObject (CommandBody...)	PD: fix creating new body in active part	Gui/CommandBody.cpp
0de4c053a6	2023-12-20	Syres916	noise		0	0	open	208		[PartDesign] Sprocket fix bug with translated references	SprocketFeature.py
8ba8375dbb	2023-12-20	Syres916	feature		0	0	open	60		[PartDesign] Add English references at end of table for clarity	SprocketFeature.py
41d9c4bfe5	2023-12-20	Syres916	?		0	0	open	1		[PartDesign] Remove unwanted print statement	SprocketFeature.py
72821eb513	2023-12-27	Max Wilfinger	?		0	0	open	15		Change the description of the default 'Toggle active object' command in the right click menu based on the current state of the selected object.	Gui/ViewProviderBody.cpp
aac3003dcf	2023-12-28	Max Wilfinger	refactor		0	0	open	40		use checkbox in menu item to display current object state and refactor the code	Gui/ViewProviderBody.cpp Gui/ViewProviderBody.h
da05f7c8e8	2023-12-21	bgbsww	?		0	0	open	4		Provide a default axis for polar patterns in multitransformation	Gui/TaskMultiTransformParameters.cpp
f4167b48c0	2023-12-28	Max Wilfinger	feature		0	0	open	3		add placement command to context menu	Gui/Workbench.cpp
bf3ccbc5b6	2024-01-08	bgbsww	fix		0	0	open	259	n/a (Inverted ErrorOnSurface Frenet fallback from #11312 not in the fork)	Correct mistaken Helix patch; use MakePipe for frenet for speed; add tests (#11598)	App/FeatureHelix.cpp CMakeLists.txt PartDesignTests/TestHelix.py PartDesignTests/__init__.py TestPartDesignApp.py
8cadc2294d	2024-01-08	Syres916	?		0	0	open	32		[PartDesign] Hole, ignore duplicate circle/curve centers (#11773)	App/FeatureHole.cpp
56278633ce	2023-12-24	Ajinkya Dahale	fix		0	0	open	7	have (Fork's SelectionMode (TaskRevolutionParameters.cpp:506-531) has no stale sele...)	[PD] Fix reference axis selection in revolve/groove	Gui/TaskRevolutionParameters.cpp
d3049deaa9	2024-01-10	wwmayer	feature		0	0	open	62		PD: Add test for helix (#11601)	CMakeLists.txt PartDesignTests/TestHelix.py TestPartDesignApp.py
a0331f2c80	2024-01-12	Syres916	?		0	0	open	1		[PartDesign] Revert #11357	Gui/TaskPipeParameters.cpp
fa0702956c	2024-01-21	Ulices	?		1	0	open	12		PartDesign: Update Length/Offset when Occurrences changes  (#12069)	App/FeatureLinearPattern.cpp WizardShaft/WizardShaft.py
963652c6a7	2024-02-03	Adrian Insaurralde Avalos	fix		0	0	open	6	have (No raw-label paths left (CommandBody.cpp:263, CommandLink.cpp:631, Expression...)	Avoid sending unescaped quotes to python console	Gui/CommandBody.cpp
4d929d3301	2024-01-24	Florian Foinant-Willig	feature		0	0	open	22		[PD] Add a Suppressed property to disable a feature	App/Feature.cpp App/Feature.h
86e75037d9	2024-01-28	Florian Foinant-Willig	?		0	0	open	3		Set Suppressed false if no shape	App/Feature.cpp
51f546f1f6	2024-01-31	Zolko-123	?		1	0	open	31		Update Mod/PartDesign/Gui/ViewProviderDatumCS.cpp	Gui/ViewProviderDatumCS.cpp
1eb0444bd5	2024-02-12	Florian Foinant-Willig	feature		0	0	open	16		Part & PartDesign Cone: allow equal radii (#12219)	App/FeaturePrimitive.cpp Gui/TaskPrimitiveParameters.cpp
df7e783513	2024-02-07	wmayer	noise		0	0	open	1		Mod: fix several compiler warnings: * fix -Wsometimes-uninitialized * fix -Wunused-parameter * fix -Wunused-variable * fix -Winconsistent-missing-override * fix -Wsign-compare * fix -Wreorder-ctor * fix -Wtautological-overlap-compare	App/FeatureHole.cpp
74c52c9063	2024-02-13	Florian Foinant-Willig	fix		0	0	open	3	have (Fork Feature::getBaseShape already returns early on null: Feature.cpp:196-198...)	PD: handle null pointer in Feature::getBaseShape (#12385)	App/Feature.cpp
5139182dbe	2024-02-17	Andre Althaus	refactor		0	0	open	595		Refactor PD Pattern Tasks ui files	Gui/CMakeLists.txt Gui/TaskLinearPatternParameters.ui Gui/TaskMirroredParameters.ui Gui/TaskMultiTransformParameters.ui Gui/TaskPolarPatternParameters.ui Gui/TaskScaledParameters.ui Gui/TaskTransformedParameters.ui
24c138373c	2024-02-17	Andre Althaus	refactor		0	0	open	894		Move duplicated code to the base class	Gui/TaskLinearPatternParameters.cpp Gui/TaskLinearPatternParameters.h Gui/TaskMirroredParameters.cpp Gui/TaskMirroredParameters.h Gui/TaskMultiTransformParameters.cpp Gui/TaskMultiTransformParameters.h Gui/TaskPolarPatternParameters.cpp Gui/TaskPolarPatternParameters.h Gui/TaskScaledParameters.cpp Gui/TaskScaledParameters.h Gui/TaskTransformedParameters.cpp Gui/TaskTransformedParameters.h
ab7dd607a5	2024-02-17	Andre Althaus	refactor		0	0	open	39		Refactor: replace enum with enum class	Gui/TaskLinearPatternParameters.cpp Gui/TaskMirroredParameters.cpp Gui/TaskPolarPatternParameters.cpp Gui/TaskTransformedParameters.cpp Gui/TaskTransformedParameters.h
4ae184706d	2024-02-17	Andre Althaus	refactor		0	0	open	48		Refactor: add default member initializers	Gui/TaskLinearPatternParameters.h Gui/TaskMultiTransformParameters.cpp Gui/TaskMultiTransformParameters.h Gui/TaskPolarPatternParameters.h Gui/TaskTransformedParameters.cpp Gui/TaskTransformedParameters.h
77bcd7e50f	2024-02-17	Andre Althaus	refactor		0	0	open	40		Refactor: remove unused functions	Gui/TaskLinearPatternParameters.h Gui/TaskMirroredParameters.h Gui/TaskMultiTransformParameters.cpp Gui/TaskMultiTransformParameters.h Gui/TaskPolarPatternParameters.h Gui/TaskScaledParameters.cpp Gui/TaskScaledParameters.h Gui/TaskTransformedParameters.cpp Gui/TaskTransformedParameters.h
48d9a8da86	2024-02-17	Andre Althaus	refactor		0	0	open	215		Refactor: optimize member access specifiers	Gui/TaskLinearPatternParameters.h Gui/TaskMirroredParameters.h Gui/TaskMultiTransformParameters.h Gui/TaskPolarPatternParameters.h Gui/TaskScaledParameters.h Gui/TaskTransformedParameters.h
fd4bea24b7	2024-02-17	Andre Althaus	fix		0	0	open	137	deferred (Linear/Polar pattern OK never calls apply(): TaskDlgTransformedParameters::ac...)	Fix apply() method not called consistently	Gui/TaskLinearPatternParameters.cpp Gui/TaskLinearPatternParameters.h Gui/TaskMirroredParameters.cpp Gui/TaskMirroredParameters.h Gui/TaskMultiTransformParameters.cpp Gui/TaskMultiTransformParameters.h Gui/TaskPolarPatternParameters.cpp Gui/TaskPolarPatternParameters.h Gui/TaskScaledParameters.cpp Gui/TaskScaledParameters.h Gui/TaskTransformedParameters.cpp Gui/TaskTransformedParameters.h
bb25074076	2024-02-17	Andre Althaus	noise		0	0	open	1342		Reformat files with clang-format	Gui/TaskLinearPatternParameters.cpp Gui/TaskLinearPatternParameters.h Gui/TaskMirroredParameters.cpp Gui/TaskMirroredParameters.h Gui/TaskMultiTransformParameters.cpp Gui/TaskMultiTransformParameters.h Gui/TaskPolarPatternParameters.cpp Gui/TaskPolarPatternParameters.h Gui/TaskScaledParameters.cpp Gui/TaskScaledParameters.h Gui/TaskTransformedParameters.cpp Gui/TaskTransformedParameters.h
1c8ca27f28	2024-02-08	LemonBoy	?		1	0	open	11		Preserve object order when moving them	Gui/CommandBody.cpp
7bbca2f00d	2024-02-21	Andre Althaus	fix		0	0	open	7	n/a (Fork's closeSubTask never calls subTask->apply())	Fix crash when canceling the MultiTransform panel while a newly cretated subfeature is edited	Gui/TaskMultiTransformParameters.cpp
b301816889	2024-02-21	Andre Althaus	refactor		0	0	open	33		Refactor the apply function to be virtual public	Gui/TaskLinearPatternParameters.cpp Gui/TaskLinearPatternParameters.h Gui/TaskMirroredParameters.cpp Gui/TaskMirroredParameters.h Gui/TaskMultiTransformParameters.cpp Gui/TaskMultiTransformParameters.h Gui/TaskPolarPatternParameters.cpp Gui/TaskPolarPatternParameters.h Gui/TaskScaledParameters.cpp Gui/TaskScaledParameters.h Gui/TaskTransformedParameters.h
53b512da1c	2024-02-23	wmayer	noise		0	0	open	2		MSVC: fix compiler warnings	App/Feature.cpp
d7a95b4e90	2024-01-30	Florian Foinant-Willig	?		0	0	open	7		PartDesign_Helix: use computed wires	App/FeatureHelix.cpp
74dc66f6f2	2024-02-26	LemonBoy	?		0	0	open	28		PD: Make datum points highlightable/selectable (#12439)	Gui/ViewProviderDatumPoint.cpp
8173e4474b	2024-02-27	wmayer	fix		0	0	open	6	n/a (Test-only)	Tests: use the correct value as reference	PartDesignTests/TestHelix.py
b1f9e9f805	2024-02-28	Andre Althaus	noise		0	0	open	295		Fix linter hints	Gui/TaskLinearPatternParameters.cpp Gui/TaskLinearPatternParameters.h Gui/TaskMirroredParameters.cpp Gui/TaskMirroredParameters.h Gui/TaskMultiTransformParameters.cpp Gui/TaskMultiTransformParameters.h Gui/TaskPolarPatternParameters.cpp Gui/TaskPolarPatternParameters.h Gui/TaskScaledParameters.cpp Gui/TaskScaledParameters.h Gui/TaskTransformedParameters.cpp Gui/TaskTransformedParameters.h
0bdd72e7e7	2024-02-28	Andre Althaus	?		0	0	open	12		Use the isDerived<>() Template function	Gui/TaskLinearPatternParameters.cpp Gui/TaskMirroredParameters.cpp Gui/TaskPolarPatternParameters.cpp Gui/TaskTransformedParameters.cpp
a76aead05e	2024-02-28	Andre Althaus	fix		0	0	open	52	superseded (upstream reverted it, af0f263179)	Fix reference selection code	Gui/TaskLinearPatternParameters.cpp Gui/TaskMirroredParameters.cpp Gui/TaskPolarPatternParameters.cpp
dac2fb4d3d	2024-02-28	Chris Hennes	noise		0	0	open	13		PD: Correct typo in pattern parameters	Gui/TaskLinearPatternParameters.h Gui/TaskMultiTransformParameters.h Gui/TaskPolarPatternParameters.h Gui/TaskScaledParameters.h Gui/TaskTransformedParameters.h
677cadee5e	2024-02-14	Florian Foinant-Willig	?		0	0	open	19		PD: Use SuppressibleExtension	App/Feature.cpp App/Feature.h App/FeatureBoolean.cpp Gui/ViewProvider.cpp Gui/ViewProvider.h
a8ae56e06a	2024-03-02	Josh Coalson	fix		0	0	open	116	have (Fork did the rename itself in 0191f4edf1 (2022))	Part: Rename AttachExtension::Support property to AttachmentSupport, to avoid name conflict with base features.  Fixes #7052	App/DatumLine.cpp App/FeaturePrimitive.cpp App/FeaturePrimitive.h App/FeatureSketchBased.cpp Gui/Command.cpp Gui/CommandBody.cpp Gui/SketchWorkflow.cpp Gui/TaskDatumParameters.cpp Gui/TaskFeaturePick.cpp Gui/Utils.cpp PartDesignTests/TestDatum.py PartDesignTests/TestDraft.py PartDesignTests/TestHelix.py PartDesignTests/TestHole.py PartDesignTests/TestLoft.py PartDesignTests/TestPad.py PartDesignTests/TestPipe.py PartDesignTests/TestPocket.py PartDesignTests/TestShapeBinder.py TestPartDesignGui.py
e91c16aae1	2024-03-03	Chris Hennes	noise		1	0	open	30		PD: Translate shaft end types	WizardShaft/Shaft.py WizardShaft/WizardShaftTable.py
9dac8385f6	2024-03-11	Chris Hennes	noise		1	0	open	3		Fix missing translations in task panel (#12738)	Gui/Workbench.cpp
af0f263179	2024-03-12	Andre Althaus	fix		0	0	open	15	n/a (Regression from upstream's TaskTransformed rework)	Fix regression in pattern reference selection	Gui/TaskLinearPatternParameters.cpp Gui/TaskMirroredParameters.cpp Gui/TaskPolarPatternParameters.cpp
41de357e8f	2024-03-20	wmayer	fix		0	0	open	70	taken 4d981cd8b4	Issue #11989: Segfault on "Move Object to Other Body"	Gui/Utils.cpp
46c32a8c1b	2024-03-20	bgbsww	feature		1	0	open	103		Add c++ testing framework for PartDesign, ShapeBinder	tests/src/Mod/PartDesign/App/CMakeLists.txt tests/src/Mod/PartDesign/App/ShapeBinder.cpp tests/src/Mod/PartDesign/CMakeLists.txt
105c3363b8	2024-03-21	Zheng, Lei	refactor		0	0	open	2		Toponaming/Part: Move missed attacher code into place	Gui/Command.cpp
edec3b6280	2024-03-21	wmayer	fix		0	0	open	69	n/a (Test-only gtest for an upstream attacher regression)	tests: Test case for issue #13055	tests/src/Mod/PartDesign/App/CMakeLists.txt tests/src/Mod/PartDesign/App/DatumPlane.cpp
c7d85ff9d9	2024-03-25	Florian Foinant-Willig	fix		0	0	open	96	deferred (Fork helix cone ~3% low (testCone 3.7757e5 vs 3.8828e5))	[PartDesign] Still a helix fix (#12977)	App/FeatureHelix.cpp App/FeatureHelix.h PartDesignTests/TestHelix.py
c3409fa424	2024-03-16	Max Wilfinger	fix		0	0	open	11	have (Workbench::setupContextMenu chains to StdWorkbench for Tree (Workbench.cpp:221))	add missing commands to tree context menu to be consistent with other WBs	Gui/Workbench.cpp
6ca8b2daae	2024-03-23	Max Wilfinger	?		0	0	open	414		update hardcoded XPMs to .svg files. Updated .svg icons for clarity.	Gui/Resources/PartDesign.qrc Gui/Resources/icons/PartDesign_Overlay_Tip.svg Gui/ViewProvider.cpp
da7ee06d67	2024-03-30	ppphp	fix		1	0	open	2	declined (Deprecation-warning only ([=] captures))	fix: c++20 deprecate [=]	Gui/TaskShapeBinder.cpp
ede1ccc191	2024-03-31	wmayer	refactor		0	0	open	174		PD: refactor Mirrored::getTransformations	App/FeatureMirrored.cpp App/FeatureMirrored.h
7d10f5ed73	2024-03-31	wmayer	?		0	0	open	24		PD: Mirror feature should be more permissive	App/FeatureMirrored.cpp App/FeatureTransformed.cpp
3604e57d6d	2024-04-01	Andre	feature		0	0	open	69		Allow adding subfeatures to MultiTransform if there is no active Body (#12538)	Gui/TaskMultiTransformParameters.cpp Gui/TaskTransformedParameters.h
79f9da420c	2024-03-25	Andre Althaus	?		0	0	open	9		Ignore suppressed features in patterns	App/FeatureTransformed.cpp
eaf1e7ecee	2024-03-23	Max Wilfinger	?		1	0	open	3475		adjust Part Design icons incl. WB icon	Gui/Resources/icons/PartDesignWorkbench.svg Gui/Resources/icons/PartDesign_BaseFeature.svg Gui/Resources/icons/PartDesign_Hole.svg Gui/Resources/icons/PartDesign_InternalExternalGear.svg Gui/Resources/icons/PartDesign_InvoluteGear.svg Gui/Resources/icons/PartDesign_Migrate.svg Gui/Resources/icons/PartDesign_MoveFeature.svg Gui/Resources/icons/PartDesign_MoveTip.svg Gui/Resources/icons/PartDesign_Point.svg Gui/Resources/icons/PartDesign_Sprocket.svg
a7470332f7	2024-04-02	wmayer	refactor		0	0	open	10		PD: replace static_cast with dynamic_cast	Gui/TaskMultiTransformParameters.cpp
3b39c0885b	2024-04-01	wmayer	fix		0	0	open	2	n/a (Fork's SubShapeBinder VP menu uses lambdas)	PD: Fixes 12673: Transforming of sub-shape binder fails	Gui/ViewProviderShapeBinder.h
252707a803	2024-04-03	bgbsww	feature		0	0	open	154		Add an initial test to show TNP (#13233)	CMakeLists.txt PartDesignTests/TestTopologicalNamingProblem.py PartDesignTests/__init__.py TestPartDesignApp.py
495a96a0f5	2024-03-17	David Carter	?		0	0	open	19		Material: Material appearance	Gui/Command.cpp Gui/CommandPrimitive.cpp Gui/ViewProviderDatum.cpp Gui/ViewProviderDressUp.cpp Gui/ViewProviderShapeBinder.cpp Gui/Workbench.cpp
14ed89f903	2024-04-05	wmayer	feature		0	0	open	2		Material: add workbench manipulator	Gui/Workbench.cpp
3a34fe080a	2024-04-09	wmayer	fix		1	0	open	84		Mod: Show regressions in shape colouring	TestPartDesignGui.py
780481f6ed	2024-04-06	wmayer	fix		0	0	open	16	n/a (Fork's appearance applies the material card only while following it)	PD: fix shape appearance of datum features, shape binder and sub-shape binder	Gui/ViewProviderDatum.cpp Gui/ViewProviderShapeBinder.cpp Gui/ViewProviderShapeBinder.h
83ea7e4355	2024-04-08	bgbsww	?		0	0	open	519		Upgrade Toponaming tests	PartDesignTests/TestTopologicalNamingProblem.py
82c3e107d7	2024-04-07	Zheng, Lei	?		0	0	open	681		TopoShape/Part: Bring in PartDesign dependencies	App/Feature.cpp App/Feature.h App/FeatureAddSub.cpp App/FeatureAddSub.h App/FeatureExtrude.cpp App/FeatureExtrude.h App/FeatureSketchBased.cpp App/FeatureSketchBased.h
c9d8bdf13d	2024-04-07	bgbsww	noise		0	0	open	728		Toponaming/Part: Add deprecation comments, clean up code	App/Feature.cpp App/Feature.h App/FeatureAddSub.cpp App/FeatureAddSub.h App/FeatureExtrude.cpp App/FeatureExtrude.h App/FeaturePad.cpp App/FeaturePrimitive.cpp App/FeatureSketchBased.cpp App/FeatureSketchBased.h
bd307d7cac	2024-04-10	bgbsww	fix		0	0	open	27	declined (Strips multi-solid logic from getSolid)	Toponaming/Part: Fix review items	App/Feature.cpp App/Feature.h
7bc2b3688a	2024-04-11	Zheng, Lei	?		0	0	open	23		TopoShape/Part: Bring in FeatureDressup	App/FeatureDressUp.cpp
5f2c412cfa	2024-04-11	bgbsww	refactor		0	0	open	107		Toponaming/Part: Clean and add tests	App/FeatureTransformed.cpp PartDesignTests/TestTopologicalNamingProblem.py
6c6dce236d	2024-04-11	Zheng, Lei	fix		0	0	open	17	have (findPlane(pln,tol,atol) is the fork's own code (TopoShape.h:318))	Bring in missing code	App/FeatureExtrude.cpp
b471435bc5	2024-04-10	bgbsww	refactor		0	0	open	75		Toponaming/Part: Add Pad test, cleanup	PartDesignTests/TestTopologicalNamingProblem.py
11b4d218bd	2024-04-10	bgbsww	?		0	0	open	56		Toponaming/Part: Enhanced testing for FeaturePrimitives	PartDesignTests/TestTopologicalNamingProblem.py
6291078939	2024-04-13	bgbsww	?		0	0	open	5		Toponaming/Part: Initialize the hasher so that it operates	PartDesignTests/TestTopologicalNamingProblem.py
2eb4689996	2024-04-10	bgbsww	refactor		0	0	open	75		Toponaming/Part: Add Pad test, cleanup	PartDesignTests/TestTopologicalNamingProblem.py
a88e7baff5	2024-04-13	bgbsww	fix		0	0	open	20	have (Fork is where this code came from (FeatureExtrude.cpp hasher, FaceMaker.cpp:6...)	TopoShape/Part:  Bug fixes; pass Hasher parms, OCCT 7.8 compatibility, ElementMaps correct item count	App/FeatureExtrude.cpp PartDesignTests/TestTopologicalNamingProblem.py
e05e17c954	2024-04-14	wmayer	fix		0	0	open	2	taken e762e7afb5	PD: Fixes #13446: Crash with hole in additive loft	App/FeatureHole.cpp
3d1f6199c4	2024-04-11	bgbsww	feature		0	0	open	68		TopoNaming/PartDesign: Implement shapebinders	App/ShapeBinder.cpp PartDesignTests/TestTopologicalNamingProblem.py
a4dd600ec6	2024-04-15	bgbsww	fix		0	0	open	2	have (Hasher.reset() at PartFeature.cpp:1037/1080/1162/1273)	Toponaming/Part: Fix hashing, hasher mismatches, and adjust test results to match	App/FeatureExtrude.cpp
fa8f29aed4	2024-04-25	bgbsww	fix		0	0	open	799	have (Upstream porting the fork's TopoShape-based PD back in)	Toponaming/Part: Fix all getBaseTopoShape calls.  Tests and missing code.	App/Feature.cpp App/FeatureChamfer.cpp App/FeatureDraft.cpp App/FeatureFillet.cpp App/FeatureGroove.cpp App/FeatureHelix.cpp App/FeatureHole.cpp App/FeatureLoft.cpp App/FeatureLoft.h App/FeaturePipe.cpp App/FeaturePipe.h App/FeaturePocket.cpp App/FeatureRevolution.cpp App/FeatureSketchBased.cpp App/FeatureThickness.cpp PartDesignTests/TestTopologicalNamingProblem.py
ed77603af9	2024-04-27	wmayer	fix		0	0	open	3	have (subReferenceAxis[0] accesses guarded (FeatureSketchBased.cpp:1099, 1151))	PD: Fixes crash if sub-element name of reference axis is empty	App/FeatureSketchBased.cpp
4f5dd40fa7	2024-01-14	hlorus	feature		0	0	open	85		[PD] Add handlers for unified measurement facility	App/AppPartDesign.cpp App/CMakeLists.txt App/Measure.cpp App/Measure.h
7ff4da5a27	2024-04-22	hlorus	?		0	0	open	27		[Part/PD] Remove measure tools	Gui/Workbench.cpp
56f84c8042	2024-04-30	wmayer	noise		0	0	open	3		Fix various compiler warnings:	App/FeatureExtrude.cpp App/FeatureSketchBased.cpp
f9b65e563d	2024-05-01	bgbsww	fix		0	0	open	94	declined (Deletes upstream's commented copies of code the fork runs)	Test for changed Sketches avoiding TNP	PartDesignTests/TestTopologicalNamingProblem.py
ad0cb61656	2024-05-02	bgbsww	?		0	0	open	405		Toponaming/Part: unify revolution changes	App/FeatureRevolution.cpp App/FeatureRevolution.h PartDesignTests/TestTopologicalNamingProblem.py
2bff3f5343	2024-05-03	bgbsww	noise		0	0	open	1		Lint corrections	PartDesignTests/TestTopologicalNamingProblem.py
9759da82e4	2024-05-06	Martin Rodriguez Reboredo	fix		0	0	open	10	taken e129e9e0d6 (PartDesign part)	Fixups with Qt6 enums (#13611)	InvoluteGearFeature.py SprocketFeature.py WizardShaft/WizardShaft.py
8fff92618c	2024-05-07	bgbsww	fix		0	0	open	259	n/a (Upstream port bug)	Toponaming/Part: Fix fillet/pad bug, add tests	PartDesignTests/TestTopologicalNamingProblem.py
71d96bccac	2024-05-07	bgbsww	fix		0	0	open	167	n/a (Upstream #ifdef around code the fork runs unconditionally)	Fix tests, slip in TNP defense	PartDesignTests/TestTopologicalNamingProblem.py
35b70acb33	2024-05-10	wmayer	noise		1	0	open	72		PD: Fix linter warnings	App/ShapeBinder.cpp
7d738f161a	2024-05-10	wmayer	fix		1	0	open	3	taken b9d82d07da	PD: Fix ShapeBinder::execute() if Support is empty	App/ShapeBinder.cpp
17d0ee3aca	2024-05-11	marcuspollio	?		0	0	open	50		PartDesign UI: Update Task panels titles and icons	Gui/TaskFeaturePick.cpp Gui/Workbench.cpp
45c4aefaae	2024-05-10	bgbsww	feature		0	0	open	284		Rework makeElementChamfer to match current parms, and add PartDesign code for Chamfers	App/FeatureChamfer.cpp App/FeatureDressUp.cpp App/FeatureDressUp.h App/FeaturePocket.cpp PartDesignTests/TestTopologicalNamingProblem.py
dbaaa95974	2024-05-10	bgbsww	feature		0	0	open	80		Rework makeElementChamfer to match current parms, and add PartDesign code for Chamfers	App/FeatureDressUp.cpp PartDesignTests/TestTopologicalNamingProblem.py
71892a1d72	2024-05-11	bgbsww	fix		0	0	open	80	have (Ports fork code into upstream (GeoFeature.h:184,207)	Toponaming: bring in missing code fragments in App	App/FeatureDressUp.cpp PartDesignTests/TestTopologicalNamingProblem.py
c734bfd53c	2024-05-10	bgbsww	feature		1	0	open	78		Rework makeElementChamfer to match current parms, and add PartDesign code for Chamfers	App/FeatureDressUp.cpp
84ae6b9b7b	2024-05-11	bgbsww	fix		0	1	have(rev)	78	have (The PD hunk only deletes a duplicate getContinuousEdges/getFaces)	Toponaming: bring in missing code fragments in Part	App/FeatureDressUp.cpp
f304b0123c	2024-05-11	bgbsww	fix		0	0	open	40	superseded (Fork's Feature::onChanged is its own design)	Toponaming: bring in missing code fragments in PartDesign	App/Feature.cpp App/Feature.h App/FeatureSketchBased.cpp
e7993e053f	2024-05-15	marcuspollio	feature		0	0	open	16		Address feedback	Gui/TaskTransformedMessages.cpp Gui/Workbench.cpp
b72a8c4222	2024-05-15	bgbsww	feature		0	0	open	307		Toponaming: Bring in Chamfer, Fillet code and add tests (#14035)	App/FeatureExtrude.cpp App/FeatureExtrude.h App/FeatureFillet.cpp App/FeatureLoft.cpp App/FeaturePad.cpp App/FeaturePocket.cpp App/FeaturePocket.h App/FeatureRevolution.cpp App/FeatureSketchBased.cpp App/FeatureSketchBased.h PartDesignTests/TestTopologicalNamingProblem.py
f662357537	2024-05-17	Andre Althaus	?		0	0	open	274		Change PartDesign Pad and Revolution tree icons	Gui/Resources/PartDesign.qrc Gui/Resources/icons/Tree_PartDesign_Pad.svg Gui/Resources/icons/Tree_PartDesign_Revolution.svg Gui/ViewProviderPad.cpp Gui/ViewProviderRevolution.cpp
2657bbee4d	2024-05-17	bgbsww	fix		0	0	open	2		Minor test tweaks, and small fixes to pass tests	PartDesignTests/TestTopologicalNamingProblem.py
9decb98c71	2024-05-18	bgbsww	?		0	0	open	3		Toponaming: adjust tests	PartDesignTests/TestTopologicalNamingProblem.py
86a865e7e0	2024-05-18	Andre Althaus	?		1	0	open	379		Make "Sketch" in Pad icon red	Gui/Resources/icons/PartDesign_Pad.svg
9b4c4ce60c	2024-05-18	Andre Althaus	refactor		0	0	open	24		Replace the yellow Part primitive toolbar icons with the blue tree icons	Gui/Workbench.cpp
428b8ba0bc	2024-05-19	Andre Althaus	refactor		0	0	open	597		Remove unused icons	Gui/Resources/PartDesign.qrc Gui/Resources/icons/PartDesign_Body_old.svg Gui/Resources/icons/PartDesign_InvoluteGear.svg
458d53c027	2024-05-19	Andre Althaus	?		0	0	open	325		Use Body toolbar icon for the tree	Gui/Resources/PartDesign.qrc Gui/Resources/icons/PartDesign_Body_Tree.svg Gui/ViewProviderBody.cpp
dd012f366a	2024-05-05	Max Wilfinger	feature		0	0	open	104		Update Part Design toolbars. Command group for datum. Removed ShapeBinder. Added CheckGeometry.	Gui/Command.cpp Gui/Workbench.cpp
935bdf9a0f	2024-05-11	Kacper Donat	refactor		0	0	open	87		PartDesign: Refactor single-solid rule enforcement	App/Feature.cpp App/Feature.h App/FeatureBoolean.cpp App/FeatureChamfer.cpp App/FeatureDraft.cpp App/FeatureFillet.cpp App/FeatureGroove.cpp App/FeatureHelix.cpp App/FeatureHole.cpp App/FeatureLoft.cpp App/FeaturePad.cpp App/FeaturePipe.cpp App/FeaturePocket.cpp App/FeaturePrimitive.cpp App/FeatureTransformed.cpp
f8c47b55cb	2024-05-11	Kacper Donat	feature		0	0	open	72		PartDesign: Introduce ability to disable single-solid rule	App/Body.cpp App/Body.h App/Feature.cpp App/Feature.h
3f2d5b83b5	2024-05-11	Kacper Donat	feature		0	0	open	6		Gui: Add ability to disable single-solid rule by default	App/Feature.cpp
5690eb8c75	2024-05-17	Florian Foinant-Willig	?		0	0	open	4		PartDesign: hide Suppressed property with FC_USE_TNP_FIX flag	App/Feature.cpp
040502280f	2024-05-20	bgbsww	refactor		0	0	open	294		Toponaming: Cleanup verified face calls	App/FeatureGroove.cpp App/FeatureHelix.cpp App/FeatureHole.cpp App/FeatureRevolution.cpp App/FeatureSketchBased.cpp PartDesignTests/TestTopologicalNamingProblem.py
5c84ce7317	2024-05-21	marcuspollio	?		0	0	open	42		Resolve conflicts	Gui/Workbench.cpp
ec841ed6d4	2024-05-19	Pieter Hijma	feature		0	0	open	9		Core: Add VarSets to Groups	App/Body.cpp Gui/ViewProviderBody.cpp
febe5c3d9e	2024-05-21	bgbsww	fix		0	0	open	3	n/a (Fork SubShapeBinder resolves mapped names natively (SubShapeBinder.cpp:444))	Toponaming: fix shapebinder selection error	App/ShapeBinder.cpp
12619b2c2d	2024-05-21	bgbsww	feature		0	0	open	31		TopoNaming: restore defenses against multisolids when enabled	App/FeatureChamfer.cpp App/FeatureExtrude.cpp App/FeatureFillet.cpp App/FeatureGroove.cpp App/FeatureLoft.cpp
0484592835	2024-05-21	wmayer	fix		0	0	open	10	n/a (Fork has no PartDesign_CompDatums/CompSketches group commands)	Fix accessibility of some group commands	Gui/Command.cpp
4d9b89e265	2024-03-25	Andre Althaus	feature		0	0	open	28		Add function to check if a Transformed feature is a sub-feature of MultiTransform	App/FeatureTransformed.cpp App/FeatureTransformed.h
45bb606095	2024-03-25	Andre Althaus	feature		0	0	open	202		Add a TransformMode property to the pattern features	App/FeatureMultiTransform.cpp App/FeatureScaled.cpp App/FeatureTransformed.cpp App/FeatureTransformed.h
a6c061e19a	2024-03-25	Andre Althaus	feature		0	0	open	135		Add a combo box to the transform featues UI for the TransformMode	Gui/TaskTransformedParameters.cpp Gui/TaskTransformedParameters.h Gui/TaskTransformedParameters.ui
067c774292	2024-05-23	Andre Althaus	?		0	0	open	518		Format code with clang-format	App/FeatureMultiTransform.cpp App/FeatureMultiTransform.h App/FeatureScaled.cpp App/FeatureScaled.h App/FeatureTransformed.cpp App/FeatureTransformed.h
a93e94dabb	2024-03-25	Andre Althaus	refactor		0	0	open	205		Modernize code	App/FeatureMultiTransform.cpp App/FeatureScaled.cpp App/FeatureTransformed.cpp
b4b41a9428	2024-03-25	Andre Althaus	refactor		0	0	open	57		Remove unused function	App/FeatureTransformed.cpp App/FeatureTransformed.h
648faf5d36	2024-03-25	Andre Althaus	fix		0	0	open	2	deferred (Needs upstream's Transformed::TransformMode)	Fix ambiguous setValue() call	App/FeatureTransformed.cpp
0b5e993b90	2024-03-28	Andre Althaus	fix		0	0	open	45	n/a (The fork has no "Transform Body" TransformMode, and Body::isMemberOfMultiTran...)	Fix solid feature detection for "Transform Body" mode	App/Body.cpp App/Body.h App/FeatureTransformed.h
5dca1d3e04	2024-05-01	Andre Althaus	?		0	0	open	29		Change MultiTransform child detection to the previous method	App/FeatureTransformed.cpp
9ed12bfb30	2024-05-18	Andre Althaus	?		0	0	open	67		Set TransformMode to "Transform body" if no features are selected on creation of transform features	Gui/Command.cpp
359c58f2ef	2024-05-23	Andre Althaus	?		0	0	open	58		Remove feature selection dialog for transformed features	Gui/Command.cpp
b7bbc2ed11	2024-05-23	Zheng, Lei	fix		0	0	open	98	have (Fork's SubShapeBinder in Part has the owner retag and collapseGeoChildren)	Toponaming: Missing code for shapebinder	App/ShapeBinder.cpp App/ShapeBinder.h
51be8e7b4e	2024-05-13	David Carter	?		0	0	open	3		Material: Appearance and Material inspectors	Gui/Workbench.cpp
904d689218	2024-05-25	Max Wilfinger	?		1	0	open	595		Adjust shaft wizard icon to match other Part Design icons	WizardShaft/WizardShaft.svg
9d0320198f	2024-05-26	Max Wilfinger	?		0	1	have(rev)	1		Revert UI command change in Sketcher and PartDesign	Gui/Workbench.cpp
cae23ddcc8	2024-05-28	Andre Althaus	refactor		0	0	open	109		Replace combobox with radio buttons	Gui/TaskTransformedParameters.cpp Gui/TaskTransformedParameters.h Gui/TaskTransformedParameters.ui
917cebd66e	2024-05-28	Andre Althaus	fix		0	0	open	6	n/a (Fork's TaskTransformedParameters has no buttonGroupMode)	Fix signal for Qt < 5.15	Gui/TaskTransformedParameters.cpp
4185605d5e	2024-05-29	wmayer	noise		1	0	open	6		clang/gcc: Add build option FREECAD_WARN_ERROR to force to make warnings into errors	App/CMakeLists.txt Gui/CMakeLists.txt
ffad1e0c34	2024-05-29	wmayer	noise		0	0	open	2		Mod: Fix several compiler warnings	App/FeatureRevolution.cpp
958d83ed06	2024-06-01	bgbsww	feature		0	0	open	13		Toponaming: Restore use of AttachmentSupport	App/FeatureSketchBased.cpp
8b5a3b1124	2024-06-01	David Carter	?		0	0	open	41		Material: Appearance Updates 2	Gui/ViewProviderBody.cpp Gui/ViewProviderDressUp.cpp Gui/ViewProviderDressUp.h Gui/ViewProviderShapeBinder.cpp Gui/ViewProviderShapeBinder.h
669f2da362	2024-05-31	bgbsww	fix		0	0	open	114	have (Fork's own importExternalElements (Utils.cpp:1687))	Toponaming: fix bug with points in sketches	Gui/Command.cpp
6474a44c87	2024-06-03	Zheng, Lei	feature		0	0	open	31		Toponaming: update TaskDressUp addAllEdges	Gui/TaskDressUpParameters.cpp
11fa271eb5	2024-06-03	Chris Hennes	noise		0	0	open	4		Test: Support system GTest, and give warning if no submodule (#13662)	tests/src/Mod/PartDesign/App/DatumPlane.cpp tests/src/Mod/PartDesign/App/ShapeBinder.cpp
309dd6e30d	2024-05-26	Florian Foinant-Willig	?		0	0	open	105		PD Extrude up to multiple faces or shape	App/FeatureExtrude.cpp App/FeaturePad.cpp App/FeaturePocket.cpp App/FeatureSketchBased.cpp App/FeatureSketchBased.h
96aa878b7e	2024-06-03	bgbsww	noise		0	0	open	24		Toponaming: reformat code	App/FeatureDressUp.cpp Gui/TaskDressUpParameters.cpp
9456df5a4b	2024-06-04	wmayer	noise		0	0	open	3		Fix compiler warnings	Gui/TaskDressUpParameters.cpp
3f6f8c0172	2024-05-31	Kacper Donat	refactor		0	0	open	34		Gui: Refactor DressUp VP to use setHighlighted*	Gui/ViewProviderDressUp.cpp Gui/ViewProviderDressUp.h
b68da9d844	2024-05-31	Kacper Donat	feature		0	0	open	804		GUI: Add UI for Up To Shape feature	App/FeatureExtrude.h Gui/AppPartDesignGui.cpp Gui/CMakeLists.txt Gui/TaskExtrudeParameters.cpp Gui/TaskExtrudeParameters.h Gui/TaskPadParameters.cpp Gui/TaskPadParameters.h Gui/TaskPadPocketParameters.ui Gui/TaskPocketParameters.cpp Gui/TaskPocketParameters.h Gui/TaskSketchBasedParameters.cpp Gui/TaskTransformedParameters.h Gui/ViewProviderExtrude.cpp Gui/ViewProviderExtrude.h Gui/ViewProviderPad.cpp Gui/ViewProviderPad.h Gui/ViewProviderPocket.cpp Gui/ViewProviderPocket.h
0b4e01047f	2024-06-10	Florian Foinant-Willig	fix		0	0	open	22	have (its test taken in 16f80f19fd)	Fix can't pad a sketch on datum plane (#14397)	App/FeatureExtrude.cpp PartDesignTests/TestPad.py
1f35398d5a	2024-06-10	Kacper Donat	fix		0	0	open	12	deferred (UpToShape (ViewProviderExtrude))	Gui: Fix use of no longer existing DiffuseColor property	Gui/ViewProviderExtrude.cpp
dd816a635c	2024-06-11	wmayer	noise		0	0	open	2		Fix several compiler warnings	Gui/TaskExtrudeParameters.cpp
b4c5a6d5ba	2024-06-05	wmayer	fix		0	0	open	1		Fix several regressions:	Gui/ViewProviderBody.cpp
9b198c7704	2024-06-12	wmayer	noise		0	0	open	4		MSVC: Fix warnings and build failure	App/FeatureLoft.cpp App/FeaturePrimitive.cpp
8f6798fcc1	2024-06-11	wmayer	noise		0	0	open	2		PD: Fix Qt warning at runtime	Gui/TaskExtrudeParameters.cpp
41b1fdcb84	2024-06-14	wmayer	fix		0	0	open	6	have (unifyVisualProperty null-checks the VP (ViewProviderBody.cpp:634-635))	PD: Fixes issue #14598: FreeCAD crashes on Undo	Gui/ViewProviderBody.cpp
3ab53aba3d	2024-06-16	xtemp09	noise		0	0	open	5		Fix crash described in 14370 (issue comment)	Gui/TaskDressUpParameters.cpp
1ccb74f141	2024-06-18	wmayer	fix		0	0	open	5	have (ViewProviderBody.cpp:635-636 null-checks)	PD: Fix crash in ViewProviderBody::unifyVisualProperty	Gui/ViewProviderBody.cpp
df4a4591d2	2024-06-19	Jookia	refactor		0	0	open	2		Tests: Use assertEqual instead of assertEquals	PartDesignTests/TestTopologicalNamingProblem.py
4c3fc869fe	2024-06-22	bgbsww	?		0	0	open	31		Toponaming: Check for selection mapped element name	PartDesignTests/TestTopologicalNamingProblem.py
3c3709cb5d	2024-06-23	bgbsww	fix		0	0	open	13	have (Upstream porting the fork's element-map persistence (ElementMap.cpp:1846))	Toponaming: Fix save and restore of elementmaps	PartDesignTests/TestTopologicalNamingProblem.py
36b9b58eb3	2024-06-24	mosfet80	?		0	0	open	2		[MOD:PART] removed unused parameter (#14252)	App/FeatureRevolution.cpp
114166a0e3	2024-06-24	Adrian Insaurralde Avalos	feature		0	0	open	1652		PD: improve hole dialog layout (#14031)	Gui/TaskHoleParameters.ui
44e8f91085	2024-06-22	Syres916	fix		1	0	open	3	taken 23d0ad5e07	[PartDesign] Fix thread depth level not enabled unless clicked 3 times	Gui/TaskHoleParameters.cpp
49e214729c	2024-06-06	Syres916	feature		0	0	open	427		Part/Toponaming: makeElementWires  * Added tests developed by Syres916	PartDesignTests/TestTopologicalNamingProblem.py
6c41f92980	2024-06-26	Chris Hennes	feature		0	0	open	2		TNP: Update test to use AttachmentSupport	PartDesignTests/TestTopologicalNamingProblem.py
47f94afcba	2024-06-27	bgbsww	feature		0	0	open	325		Toponaming: Add tests for subshaoebinder, attachment problems.	PartDesignTests/TestTopologicalNamingProblem.py
7a4bc95d47	2024-06-27	Zheng, Lei	fix		0	0	open	93	have (Fork's own code ported upstream (FeatureBase.cpp, PartFeature.cpp:555, Body.c...)	Toponaming: Transfer in missing Code for BaseFeatures and Sketches	App/Body.cpp App/FeatureBase.cpp
a674729dd3	2024-06-27	bgbsww	refactor		0	0	open	55		Toponaming: Cleanups	App/Body.cpp
54920e6611	2024-06-27	pre-commit-ci[bot]	refactor		0	0	open	3		Review cleanups	App/Body.cpp
e490531510	2024-07-01	Max Wilfinger	?		0	0	open	19		Activate Part/Part Design check and refine preferences by default (#14406)	App/FeatureAddSub.cpp App/FeatureBoolean.cpp App/FeatureTransformed.cpp App/ShapeBinder.cpp PartDesignTests/TestTopologicalNamingProblem.py
3abd1989a9	2024-06-19	wmayer	refactor		0	0	open	2		PD: Rename duplicated test method	PartDesignTests/TestTopologicalNamingProblem.py
b08714116c	2024-07-04	shai	fix		0	0	open	21	have (TopoShapePy::getElement already takes silent (fork code ported upstream))	Fix python shape setElement function. Partially fixes #15095	PartDesignTests/TestTopologicalNamingProblem.py
2d1edacaa9	2024-07-04	shai	fix		0	0	open	7	n/a (TNP test file + docstring)	Add fixes suggested by @bgbsww	PartDesignTests/TestTopologicalNamingProblem.py
aac8bdd7bc	2024-06-29	wmayer	fix		0	0	open	1	n/a (Fork's Std_RandomColor never recurses into group children)	Fixes #14772: Random color problem	Gui/ViewProviderBody.cpp
0af1ec2cf3	2024-07-03	wmayer	?		0	0	open	1		PD: Do not set hard-coded maximum for thickness parameter	Gui/TaskThicknessParameters.cpp
7c0ecac580	2024-07-03	wmayer	noise		0	0	open	53		PD: Fix linter warnings in TaskThicknessParameters	Gui/TaskThicknessParameters.cpp
610e1d67ad	2024-07-03	wmayer	refactor		0	0	open	117		PD: Refactor TaskThicknessParameters	Gui/TaskThicknessParameters.cpp Gui/TaskThicknessParameters.h
7a9fd501c3	2024-07-03	wmayer	noise		0	0	open	91		PD: Reformat TaskThicknessParameters	Gui/TaskThicknessParameters.cpp Gui/TaskThicknessParameters.h
a77d6b8a38	2024-07-04	FEA-eng	?		0	0	open	2		PD: Update Workbench.cpp	Gui/Workbench.cpp
dd71f4d5db	2024-07-05	wmayer	?		0	0	open	161		PD: Remove dead code from workbench class	Gui/Workbench.cpp Gui/Workbench.h
561e521817	2024-07-05	wmayer	noise		1	0	open	7		MSVC: Fix warning C4005: 'NOMINMAX': macro redefinition	Gui/PreCompiled.h
f823f3fd8a	2024-07-01	bgbsww	feature		0	0	open	13		Toponaming: Tweak test framework to allow leaving documents for examination	PartDesignTests/TestTopologicalNamingProblem.py
fadb607054	2024-07-01	wmayer	?		0	0	open	4		Tests: Make PD and Sketcher tests independent of user settings	PartDesignTests/TestTopologicalNamingProblem.py
7d21d9edb8	2024-07-09	Max Wilfinger	noise		0	0	open	18		Fix source string typos mentioned on Crowdin (#15261)	App/FeatureHelix.cpp Gui/CommandBody.cpp Gui/ViewProviderTransformed.cpp InvoluteGearFeature.py SprocketFeature.ui
5568b40a07	2024-07-08	bgbsww	fix		0	0	open	315		Toponaming: Add missing TNP element name code; rough in more TNP tests (#14561)	PartDesignTests/TestTopologicalNamingProblem.py
e6fbc6b447	2024-07-09	bgbsww	fix		0	0	open	61	have (SuppressedShape, Suppress-aware recompute and updateSuppressedShape are the f...)	Toponaming: Missing suppress property and code	App/Feature.cpp App/Feature.h
bcea524177	2024-07-04	Zheng, Lei	fix		0	0	open	29	have (Body.cpp:669-694 has the same skip in getSubObject)	Toponaming: Missing getSubObject code in PartDesign::Body and SketchObject::getSubObject	App/Body.cpp
cf6d8da448	2024-07-17	wmayer	?		0	0	open	64		PD: Make blockUpdate private class member	Gui/TaskDraftParameters.cpp Gui/TaskExtrudeParameters.cpp Gui/TaskFeatureParameters.h Gui/TaskHelixParameters.cpp Gui/TaskHoleParameters.cpp Gui/TaskRevolutionParameters.cpp
351397e088	2024-07-18	wmayer	refactor		0	0	open	206		PD: Replace helper functions in subclasses of TaskDlgFeatureParameters with a template function	Gui/TaskChamferParameters.cpp Gui/TaskDraftParameters.cpp Gui/TaskDressUpParameters.cpp Gui/TaskDressUpParameters.h Gui/TaskFeatureParameters.h Gui/TaskFilletParameters.cpp Gui/TaskHelixParameters.h Gui/TaskHoleParameters.cpp Gui/TaskHoleParameters.h Gui/TaskLoftParameters.cpp Gui/TaskLoftParameters.h Gui/TaskPadParameters.h Gui/TaskPipeParameters.cpp Gui/TaskPocketParameters.h Gui/TaskRevolutionParameters.h Gui/TaskSketchBasedParameters.cpp Gui/TaskThicknessParameters.cpp Gui/TaskTransformedParameters.cpp Gui/TaskTransformedParameters.h Gui/ViewProvider.cpp Gui/ViewProviderHole.cpp
5731a27609	2024-07-18	wmayer	feature		0	0	open	1551		PD: Add template helper functions to safely access feature or view provider	Gui/TaskExtrudeParameters.cpp Gui/TaskFeatureParameters.cpp Gui/TaskFeatureParameters.h Gui/TaskHelixParameters.cpp Gui/TaskHoleParameters.cpp Gui/TaskLoftParameters.cpp Gui/TaskLoftParameters.h Gui/TaskPadParameters.cpp Gui/TaskPipeParameters.cpp Gui/TaskPipeParameters.h Gui/TaskPocketParameters.cpp Gui/TaskRevolutionParameters.cpp Gui/TaskSketchBasedParameters.cpp
839fd1fec0	2024-07-18	wmayer	fix		0	0	open	872	adapted ec56d111f7 (early returns, no getObject<T>)	PD: Fix possible crash in primitive dialog	Gui/TaskPrimitiveParameters.cpp Gui/TaskPrimitiveParameters.h
c1a7edc221	2024-07-18	wmayer	fix		0	0	open	285	have (vp nulled on delete)	PD: Fix possible crashes in dress-up task panels	Gui/TaskChamferParameters.cpp Gui/TaskDraftParameters.cpp Gui/TaskDressUpParameters.cpp Gui/TaskDressUpParameters.h Gui/TaskFilletParameters.cpp Gui/TaskThicknessParameters.cpp
0bddc51805	2024-07-19	bgbsww	refactor		0	0	open	4		Refactor all element name pairs into clearer struct names - renames	App/FeatureDressUp.cpp
5afdc19874	2024-07-18	bgbsww	refactor		1	0	open	2		Toponaming: Cleanup	App/Feature.cpp
8249b81d93	2024-07-17	Chris Hennes	fix		1	0	open	36	taken 9a45edc726 (not run here)	PD/Tests: Correct TestPartDesignGui for Qt6	TestPartDesignGui.py
a71f49f4f6	2024-07-23	luzpaz	noise		0	0	open	8		Fix trailing newlines and minor typo fixes	App/FeatureHelix.cpp PartDesignTests/TestHelix.py
6a5207f7a8	2024-07-22	bgbsww	refactor		0	0	open	81		Toponaming: Cleanup review notes	App/FeatureLoft.cpp PartDesignTests/TestLoft.py
233fcd1416	2024-07-27	David Carter	?		0	0	open	111		Material: PartDesign DiffuseColor custom attribute	CMakeLists.txt Gui/ViewProviderPy.xml PartDesignTests/TestMaterial.py TestPartDesignGui.py
a348a1bc82	2024-07-28	bgbsww	fix		0	0	open	324	have (Upstream porting fork TNP code)	Toponaming:  Update tests, implement missing subtractive operation tests, fix helix and revolution	App/Feature.cpp App/Feature.h App/FeatureAddSub.cpp App/FeatureAddSub.h App/FeatureBoolean.cpp App/FeatureBoolean.h App/FeatureHelix.cpp App/FeaturePipe.cpp App/FeatureRevolution.cpp PartDesignTests/TestTopologicalNamingProblem.py
cd128984e1	2024-08-02	bgbsww	?		0	0	open	14		Toponaming: make sure toposhapes have hashers	PartDesignTests/TestTopologicalNamingProblem.py
19b63630c6	2024-08-04	bgbsww	noise		0	0	open	605		Toponaming: reformat tnp tests	PartDesignTests/TestTopologicalNamingProblem.py
dcfae6a897	2024-08-05	Florian Foinant-Willig	?		0	0	open	91		[PD] Revert 316506f, back to shell algo for some helix cases (#15678)	App/FeatureHelix.cpp App/FeatureHelix.h PartDesignTests/TestHelix.py
80045d0e88	2024-08-03	bgbsww	fix		0	0	open	18	have (Fork is the origin (Utils.cpp:1695-1765))	Toponaming: add code to implement guessing missing references	Gui/TaskDressUpParameters.cpp Gui/TaskFilletParameters.cpp
74e5c3fafb	2024-08-05	Chris Hennes	?		0	0	open	91		Revert "[PD] Revert 316506f, back to shell algo for some helix cases (#15678)"	App/FeatureHelix.cpp App/FeatureHelix.h PartDesignTests/TestHelix.py
4afbe73f51	2024-08-05	bgbsww	fix		0	0	open	86	have (PropertyPartShape::Restore reads HasherIndex/SaveHasher with defaults)	Toponaming: Fix PropertyTopoShape restore; tweak Loft test; missing TopoShape method.	PartDesignTests/TestLoft.py PartDesignTests/TestTopologicalNamingProblem.py
2b97b20a03	2024-08-06	bgbsww	feature		0	0	open	111		Toponaming: Additional element map changes to transform	App/FeatureTransformed.cpp App/FeatureTransformed.h PartDesignTests/TestLinearPattern.py PartDesignTests/TestPolarPattern.py
4925957185	2024-08-06	bgbsww	fix		0	0	open	213	have (Fork's loop closes correctly (FeatureLoft.cpp:183-188))	Toponaming:  fix loft mistake and complete test	App/FeatureLoft.cpp PartDesignTests/TestLoft.py
aab0b31aec	2024-08-07	bgbsww	?		0	0	open	123		Toponaming: Make FeatureThickness elementMap aware	App/FeatureThickness.cpp PartDesignTests/TestThickness.py
25ba8ab223	2024-08-09	bgbsww	fix		0	0	open	99	have (The fork already names each transformed instance: makETransform(*t, "I<idx>")...)	Toponaming: Fix transformed; abstract index element name generation	App/FeatureTransformed.cpp PartDesignTests/TestMultiTransform.py PartDesignTests/TestTopologicalNamingProblem.py
d62444e230	2024-08-12	MisterMaker	?		0	0	open	4		Update FeatureLoft.cpp (#15851)	App/FeatureLoft.cpp
a1ce983035	2024-08-12	bgbsww	fix		0	0	open	98	adapted 156e84ea7d (count() and test; plus the SaveDocFile marker)	Toponaming: Missing shape hasher line; fixed cleaned Transformed	App/FeatureTransformed.cpp PartDesignTests/TestLinearPattern.py PartDesignTests/TestPolarPattern.py PartDesignTests/TestTopologicalNamingProblem.py
f0982d1d61	2024-08-18	bgbsww	refactor		0	0	open	20		Toponaming:  Fuse call makeElementRefine; remove deprecated refineSha... (#15897)	App/FeatureTransformed.cpp
0dae7353d1	2024-08-18	wmayer	?		0	0	open	13		PD: Make PD tests more robust	PartDesignTests/TestLinearPattern.py PartDesignTests/TestPolarPattern.py PartDesignTests/TestTopologicalNamingProblem.py
c8c657eefe	2024-08-18	bgbsww	fix		0	0	open	28	n/a (Upstream MapperMaker MultiFuse path)	Fix shape color / materials issues in fuse	PartDesignTests/TestTopologicalNamingProblem.py
ffb2ebe4c6	2024-08-22	Florian Foinant-Willig	fix		0	0	open	52	deferred (with the helix family, c7d85ff9d9)	[PD] helix fix	App/FeatureHelix.cpp App/FeatureHelix.h PartDesignTests/TestTopologicalNamingProblem.py
70d0d50746	2024-08-06	Alfredo Monclus	fix		0	0	open	2	have (ThreadSize combo already Expanding (TaskHoleParameters.ui:216))	fix(PD): threadtype combobox too small for metric fine	Gui/TaskHoleParameters.ui
8c08549f5a	2024-08-26	bgbsww	fix		0	0	open	42	adapted 2605cb0fa1 (Part hunks; the PD hunk was here)	Update to Toposhape versions and fix shapebinder references with test (#16036)	App/FeatureSketchBased.cpp PartDesignTests/TestShapeBinder.py
ecf7e51ab3	2024-05-20	bgbsww	?		0	0	open	1632		Toponaming: Remove all FC_USE_TNP_FIX protected old code	App/Feature.cpp App/FeatureChamfer.cpp App/FeatureDressUp.cpp App/FeatureFillet.cpp App/FeatureGroove.cpp App/FeatureLoft.cpp App/FeaturePad.cpp App/FeaturePipe.cpp App/FeaturePocket.cpp App/FeaturePrimitive.cpp App/FeatureRevolution.cpp App/FeatureRevolution.h App/FeatureSketchBased.cpp App/FeatureTransformed.cpp App/ShapeBinder.cpp
3e33f184b4	2024-08-18	wmayer	refactor		0	0	open	12		Core: Rename ViewProviderPythonFeature to ViewProviderFeaturePython	Gui/ViewProvider.cpp Gui/ViewProvider.h Gui/ViewProviderShapeBinder.cpp Gui/ViewProviderShapeBinder.h
34030c9ece	2024-08-25	bgbsww	?		0	0	open	1529		Toponaming: Run black on the entire toponaming python test file.	PartDesignTests/TestTopologicalNamingProblem.py
c80fd64c82	2024-08-26	wmayer	noise		0	0	open	4		PD: Fix compiler warning	App/FeatureRevolution.cpp
2a541c9536	2024-08-28	bgbsww	?		0	0	open	131		Toponaming:  Remove remaining FC_USE_TNP_FIX defines	App/Feature.cpp App/Feature.h App/FeatureAddSub.cpp App/FeatureAddSub.h App/FeatureBoolean.cpp App/FeatureSketchBased.cpp App/ShapeBinder.cpp Gui/TaskDressUpParameters.cpp
e98ffc3060	2024-09-02	wwmayer	?		0	0	open	2191		PartDesign: Prepare for clang-format (#16048)	App/AppPartDesign.cpp Gui/AppPartDesignGui.cpp Gui/TaskBooleanParameters.cpp Gui/TaskChamferParameters.cpp Gui/TaskDraftParameters.cpp Gui/TaskExtrudeParameters.cpp Gui/TaskFeaturePick.cpp Gui/TaskFilletParameters.cpp Gui/TaskHelixParameters.cpp Gui/TaskHoleParameters.cpp Gui/TaskLoftParameters.cpp Gui/TaskPipeParameters.cpp Gui/TaskPrimitiveParameters.cpp
24bb499c1f	2024-09-02	bgbsww	refactor		0	0	open	133		Cleanup element map in Revolution and add test (#15959)	App/FeatureRevolution.cpp App/FeatureRevolution.h PartDesignTests/TestTopologicalNamingProblem.py
85c1f5c47c	2024-09-01	bgbsww	fix		1	0	open	65	have (Fork's checkSelection rewrites every subname to mapped form)	Toponaming: Fix ctrl selection issues by looking up element names and setting up detail path	PartDesignTests/TestBoolean.py
6812aca7f8	2024-09-02	wmayer	noise		0	0	open	3		PD: Fix compiler warning	App/FeatureRevolution.cpp
355610cfb3	2024-09-03	Florian Foinant-Willig	fix		0	0	open	4	n/a (Replaces upstream's dropped auxiliary-path helix)	[PD] Fix helix placement	App/FeatureHelix.cpp PartDesignTests/TestTopologicalNamingProblem.py
ae46ea5e7b	2024-07-30	bgbsww	refactor		0	0	open	295		Toponaming:  Refactor refine to its own FeatureRefine class	App/AppPartDesign.cpp App/CMakeLists.txt App/FeatureAddSub.cpp App/FeatureAddSub.h App/FeatureBoolean.cpp App/FeatureBoolean.h App/FeatureRefine.cpp App/FeatureRefine.h App/FeatureTransformed.cpp App/FeatureTransformed.h App/ShapeBinder.cpp App/ShapeBinder.h PartDesignTests/TestInvoluteGear.py PartDesignTests/TestMultiTransform.py PartDesignTests/TestTopologicalNamingProblem.py
0f53f2195d	2024-09-14	bgbsww	feature		1	0	open	4		Add override flag for recomputes; set it in relevant tests with old files.	PartDesignTests/TestInvoluteGear.py PartDesignTests/TestMultiTransform.py
e4ad21e48f	2024-09-17	bgbsww	?		1	0	open	9		If we are creating a Sketch inside a Body that is in a link, use link position	Gui/SketchWorkflow.cpp
8b9f5bdc4f	2024-09-19	Florian Foinant-Willig	fix		0	0	open	120		[PD] fix pad uptoface and uptoshape (#16030)	App/FeatureExtrude.cpp App/FeatureExtrude.h App/FeatureSketchBased.cpp App/FeatureSketchBased.h PartDesignTests/TestPad.py
b2d6787571	2024-09-21	Zheng, Lei	?		0	0	open	142		Transfer FeatureHole code	App/FeatureHole.cpp App/FeatureHole.h
c5ad54d5a8	2024-09-21	bgbsww	refactor		0	0	open	37		Update method names and clean	App/FeatureHole.cpp
22fbfeddc2	2024-09-22	Florian Foinant-Willig	fix		0	0	open	30	n/a (Fork's makEPrismUntil has no isConcave call)	[PD] Fix Pad uptoshape and add unit test	PartDesignTests/TestPad.py
fdfb9fd2c6	2024-09-23	Benjamin Nauck	refactor		0	0	open	54		Reuse Std_Delete shortcut instead of hardcoding Delete (#16682)	Gui/TaskBooleanParameters.cpp Gui/TaskDressUpParameters.cpp Gui/TaskExtrudeParameters.cpp Gui/TaskLoftParameters.cpp Gui/TaskPipeParameters.cpp Gui/TaskShapeBinder.cpp Gui/TaskTransformedParameters.cpp
490d6c5abc	2024-09-24	Florian Foinant-Willig	fix		0	0	open	90	taken 16f80f19fd	[PD] Fix Pad uptoface with custom direction (#16539)	App/FeatureExtrude.cpp App/FeatureSketchBased.cpp App/FeatureSketchBased.h PartDesignTests/TestPad.py
256ad7a01a	2024-09-24	Eric Price	?		1	0	open	6		PartDesign: Loft Intelligence - Select the whole sketch if the selected shape is ... (#16791)	App/FeatureLoft.cpp
594010d9f0	2024-09-27	Eric Price	fix		0	0	open	6		PadDesign: Work around issue 16690	App/FeatureExtrude.cpp
2276ffbf0a	2024-10-02	Florian Foinant-Willig	fix		1	0	open	4	n/a (Upstream's AttachExtension::extensionOnChanged called positionBySupport() on...)	[PD] fix change primitive AttachmentOffset move the body	App/FeaturePrimitive.cpp
22131b3c93	2024-10-02	Florian Foinant-Willig	fix		0	0	open	15	deferred (Subtractive primitive removing nothing leaves base with inverse location)	[PD] Fix subtractive primitive placement	App/FeaturePrimitive.cpp
142f2aff39	2024-09-30	Florian Foinant-Willig	feature		0	0	open	25		[PD Helix] allow refinement to fail	App/FeatureAddSub.cpp App/FeatureAddSub.h App/FeatureHelix.cpp
dfafbfb040	2024-09-29	mwganson	feature		0	0	open	8		[PartDesign AllowCompound] recompute all features when AllowCompound property is changed either from true to false or from false to true	App/Body.cpp
c1c9cb63e0	2024-10-02	Florian Foinant-Willig	fix		0	0	open	20	deferred (accept() re-executes an already previewed feature with OptimizeRecompute)	Fix duplicate calculation at Task validation	Gui/TaskFeatureParameters.cpp Gui/TaskFeatureParameters.h
f9547e8231	2024-10-13	wmayer	fix		0	0	open	20	have (Fork never selects a missing element (TaskDressUpParameters.cpp:577))	PD: Fix crash when clicking on invalid edge in task panel	Gui/TaskDressUpParameters.cpp Gui/TaskDressUpParameters.h
0c59bfc718	2024-10-07	Florian Foinant-Willig	?		0	0	open	8		Disable closed Loft for less than 3 profiles	App/FeatureLoft.cpp
7e473beed0	2024-10-13	wmayer	?		0	0	open	4		PD: Disable PartDesign_CompDatums & PartDesign_CompSketches if dialog is open	Gui/Command.cpp
aa78eb351e	2024-10-14	Florian Foinant-Willig	fix		0	0	open	9	have (Fork's accept always recomputes)	PartDesign: Fix body shape not updated	Gui/TaskFeatureParameters.cpp
ef2156d0f6	2024-10-15	Florian Foinant-Willig	fix		0	0	open	6	deferred (UpToShape)	Fix uptoshape crash when selecting a face without assigned shape	Gui/TaskExtrudeParameters.cpp
5b6e886a3c	2024-10-15	mwganson	fix		0	0	open	9	n/a (Fork's duplicate falls back to Std_DuplicateSelection for other bodies)	[PartDesign DuplicateSelected] do not put duplicated feature into active body if it is already in another body -- addresses issue #6278	Gui/CommandBody.cpp
990b9b27fe	2024-10-16	wmayer	fix		0	0	open	2	deferred (Needs upstream 1eb0444bd5 (Cone equal radii))	Part/PD: Fix cone creation if both radii are equal	App/FeaturePrimitive.cpp
e3246e13a0	2024-10-20	wmayer	feature		0	0	open	2		PD: Explicitly switch off AllowCompound for some tests to make them succeed	PartDesignTests/TestInvoluteGear.py PartDesignTests/TestMultiTransform.py
0804d80ebf	2024-10-21	David Carter	?		0	0	open	64		Materials: Child ignoring parent material	App/Body.cpp App/Feature.cpp App/Feature.h Gui/ViewProviderBody.cpp Gui/ViewProviderBody.h
cf8ad66373	2024-10-21	Eric Price	fix		0	0	open	69	declined (Part-wide auto-fuzzy boolean policy)	Fix boolean operations (#17119)	App/FeatureBoolean.cpp App/FeatureExtrude.cpp App/FeatureGroove.cpp App/FeatureHelix.cpp App/FeatureHole.cpp App/FeaturePad.cpp App/FeaturePipe.cpp App/FeaturePocket.cpp App/FeaturePrimitive.cpp App/FeatureRevolution.cpp App/FeatureTransformed.cpp PartDesignTests/TestTopologicalNamingProblem.py
14cd061809	2024-10-22	wmayer	refactor		1	0	open	4		Part: Use Base::toRadians to convert degree to radian	App/ShapeBinder.cpp
e5b2d8c874	2024-10-23	Kacper Donat	fix		0	0	open	5	taken e20dcdaf5d	PD: Fix TwoLengths and Midplane both enabled	App/FeatureExtrude.cpp
5ee788447c	2024-10-23	PaddleStroke	refactor		0	0	open	107		Part Design: Remove legacy/modern workflow checks.	Gui/Command.cpp Gui/CommandBody.cpp Gui/CommandPrimitive.cpp Gui/SketchWorkflow.cpp Gui/SketchWorkflow.h Gui/Utils.cpp Gui/Workbench.cpp
7ee227a810	2024-10-23	PaddleStroke	?		0	0	open	2		Update Workbench.cpp	Gui/Workbench.cpp
837d088f3e	2024-10-25	wmayer	noise		0	0	open	26		Fix compiler warnings	Gui/Command.cpp Gui/CommandPrimitive.cpp
529779fb53	2024-10-26	wmayer	feature		0	0	open	96		Test: Add unit test for pad	tests/src/Mod/PartDesign/App/CMakeLists.txt tests/src/Mod/PartDesign/App/Pad.cpp tests/src/Mod/PartDesign/CMakeLists.txt
dbc91b393c	2024-10-20	mwganson	fix		0	0	open	79	declined (Cosmetic property-editor hiding and dialog work)	[PartDesign Groove/Revolution] minor dialog improvements, addresses issue #13298	App/FeatureGroove.cpp App/FeatureRevolution.cpp Gui/TaskRevolutionParameters.cpp Gui/TaskRevolutionParameters.h Gui/TaskRevolutionParameters.ui Gui/ViewProviderGroove.cpp
e523eab001	2024-11-02	wmayer	feature		0	0	open	103		Tests: Add unit test to demonstrate failure of #17553	CMakeLists.txt PartDesignTests/TestSketch.py TestPartDesignApp.py
5ea04e70c5	2024-11-03	wmayer	?		0	0	open	7		PD: If needed open another transaction for sketch creation	Gui/SketchWorkflow.cpp
a548ca698a	2024-11-05	wmayer	fix		0	0	open	10	adapted 0e418b64e9 (setDisplayMode kept in attach)	PD: Fix default display mode of ViewProviderBoolean	Gui/ViewProviderBoolean.cpp Gui/ViewProviderBoolean.h
7680872e41	2024-11-11	Eric Price	fix		0	0	open	161	deferred (with the helix family, c7d85ff9d9)	increase tolerance on helical shapes to avoid crash / broken geometry  (#17356)	App/FeatureHelix.cpp App/FeatureHelix.h PartDesignTests/TestHelix.py
3d5e4f7cd8	2024-11-11	Florian Foinant-Willig	fix		0	0	open	17	n/a (Fork calls getSupportFace only in ToFace branch (FeatureRevolution.cpp:153))	Fix revolution with ShapeBinder profile (#17489)	App/FeatureRevolution.cpp
f99db90986	2024-09-13	Alfredo Monclus	fix		1	0	open	4	superseded (by ca3cb78ad5)	fix(PD): initialization of thread class and fit	Gui/TaskHoleParameters.cpp
45d3864942	2024-11-11	wwmayer	feature		0	0	open	40		PD: Add test case for #17184 (#17707)	PartDesignTests/TestTopologicalNamingProblem.py
f3d84b601f	2024-07-01	wmayer	fix		0	0	open	67	have (TaskDressUpParameters::event() consolidated (TaskDressUpParameters.cpp:754-791))	PD: Fix convoluted event handling of dress-up task boxes	Gui/TaskChamferParameters.cpp Gui/TaskChamferParameters.h Gui/TaskDraftParameters.cpp Gui/TaskDraftParameters.h Gui/TaskDressUpParameters.cpp Gui/TaskDressUpParameters.h Gui/TaskFilletParameters.cpp Gui/TaskFilletParameters.h Gui/TaskThicknessParameters.cpp Gui/TaskThicknessParameters.h
98fec525b0	2024-07-02	wmayer	refactor		0	0	open	42		PD: move refine model parameter to separate function	App/Feature.cpp App/FeatureAddSub.cpp App/FeatureBoolean.cpp App/FeatureTransformed.cpp App/ShapeBinder.cpp
aea09d4a45	2024-11-22	wmayer	noise		0	0	open	2		MSVC: Fix compiler warnings	App/FeatureExtrude.cpp
d8286158b0	2024-10-15	mwganson	noise		0	0	open	2		[PartDesign] change claimChildren() function to include all profile objects except for other Part Design features	Gui/ViewProviderSketchBased.cpp
28282e6800	2024-10-27	wmayer	refactor		0	0	open	184		PD: Cleanup code of TaskRevolutionParameters	Gui/TaskRevolutionParameters.cpp Gui/TaskRevolutionParameters.h
3c1358da10	2024-09-20	PaddleStroke	refactor		0	0	open	24		Core: Rename 'OriginFeature' file to 'Datums'	App/Feature.cpp App/FeatureDraft.cpp App/FeatureLinearPattern.cpp App/FeatureMirrored.cpp App/FeaturePolarPattern.cpp App/FeatureSketchBased.cpp App/ShapeBinder.cpp Gui/ReferenceSelection.cpp Gui/SketchWorkflow.cpp Gui/TaskFeaturePick.cpp Gui/TaskPolarPatternParameters.cpp Gui/Utils.cpp
3e33cf61e5	2024-09-20	PaddleStroke	refactor		0	0	open	32		Rename 'OriginFeature' to 'DatumElement'	App/Feature.cpp Gui/ReferenceSelection.cpp Gui/TaskFeaturePick.cpp Gui/Utils.cpp
aa2e4ca1cb	2024-09-20	PaddleStroke	refactor		0	0	open	4		Rename ViewProviderOriginFeature to ViewProviderDatum	Gui/ViewProviderBody.cpp
19702dcb21	2024-11-26	PaddleStroke	feature		0	0	open	143		Core: Add App::LocalCoordinateSystem.	Gui/ViewProviderBody.cpp Gui/ViewProviderBody.h
fb7ce6405b	2024-11-24	Jacob Oursland	fix		0	0	open	1	n/a (No tests/src/Mod/PartDesign)	CMake: Add missing target_link_directories() for OCCT.	tests/src/Mod/PartDesign/CMakeLists.txt
b7f1a0c150	2024-11-26	PaddleStroke	refactor		0	0	open	66		ViewProviderOrigin: Renamed to ViewProviderCoordinateSystem	Gui/TaskFeaturePick.cpp Gui/TaskFeaturePick.h Gui/TaskHelixParameters.cpp Gui/TaskLinearPatternParameters.cpp Gui/TaskMirroredParameters.cpp Gui/TaskPolarPatternParameters.cpp Gui/TaskPrimitiveParameters.cpp Gui/TaskRevolutionParameters.cpp Gui/TaskRevolutionParameters.h Gui/ViewProviderBody.cpp Gui/ViewProviderDatum.cpp
92e96839c9	2024-10-19	wmayer	fix		0	0	open	28	n/a (Fork's dress-up panels never write Visibility)	PD: Avoid touching the document when opening pad or pocket dialog	Gui/TaskDressUpParameters.cpp Gui/TaskDressUpParameters.h Gui/TaskExtrudeParameters.cpp
601637320d	2024-11-03	wmayer	fix		0	0	open	63		PD: Add test case to show the fix for the crash with active objects	CMakeLists.txt PartDesignTests/TestActiveObject.py TestPartDesignGui.py
374c5713b2	2024-11-21	PaddleStroke	fix		0	0	open	2	taken c872a2d457	PartDesign: Fix newSketch not working when editing a body from an external file.	Gui/SketchWorkflow.cpp
70184ba59d	2024-12-02	Florian Foinant-Willig	?		0	0	open	146		PartDesign: decouple refine and other geometric computation (#17008)	App/Feature.cpp App/Feature.h App/FeatureAddSub.cpp App/FeatureAddSub.h App/FeatureChamfer.cpp App/FeatureExtrude.cpp App/FeatureFillet.cpp App/FeatureGroove.cpp App/FeatureHelix.cpp App/FeatureLoft.cpp App/FeaturePipe.cpp App/FeaturePrimitive.cpp App/FeatureRevolution.cpp App/FeatureThickness.cpp
ca989f73a2	2024-07-01	Ajinkya Dahale	fix		0	0	open	9	n/a (TNP test file only)	[PartDesign] Fix `TestTopologicalNamingProblem`	PartDesignTests/TestTopologicalNamingProblem.py
96c838f3b9	2024-12-03	luzpaz	noise		0	0	open	4		Fix various typos Found with codespell	PartDesignTests/TestTopologicalNamingProblem.py
b92bda03da	2024-12-06	PaddleStroke	refactor		0	0	open	8		Sketcher: Rename movePoint to moveGeometries.	PartDesignTests/TestTopologicalNamingProblem.py
4a80af74f4	2024-11-21	PaddleStroke	fix		0	0	open	6	taken 8458863395 (the subname.clear() the merge lost)	PartDesign: revert c09ef94 and a3c4f4b to fix https://github.com/FreeCAD/FreeCAD/issues/17949	Gui/Utils.cpp
571018807e	2024-09-19	Nicola Cerone	feature		0	0	open	1		Gui: Added SendToPythonConsole item in PartDesign tree view right-click menu.	Gui/Workbench.cpp
deb15a57e4	2024-10-27	Kacper Donat	feature		0	0	open	3		Gui: Add getObject<T>() helpers to various classes	Gui/TaskTransformedParameters.h
651cefde4d	2024-10-27	Kacper Donat	?		0	0	open	236		Gui: Use getObject<T>() helpers in classes	Gui/TaskBooleanParameters.cpp Gui/TaskChamferParameters.cpp Gui/TaskDatumParameters.cpp Gui/TaskDraftParameters.cpp Gui/TaskDressUpParameters.cpp Gui/TaskDressUpParameters.h Gui/TaskFeatureParameters.h Gui/TaskFilletParameters.cpp Gui/TaskLinearPatternParameters.cpp Gui/TaskLoftParameters.cpp Gui/TaskMirroredParameters.cpp Gui/TaskMultiTransformParameters.cpp Gui/TaskPipeParameters.cpp Gui/TaskPolarPatternParameters.cpp Gui/TaskPrimitiveParameters.h Gui/TaskScaledParameters.cpp Gui/TaskShapeBinder.cpp Gui/TaskTransformedParameters.cpp Gui/ViewProvider.cpp Gui/ViewProviderAddSub.cpp Gui/ViewProviderBase.cpp Gui/ViewProviderBody.cpp Gui/ViewProviderBoolean.cpp Gui/ViewProviderDatum.cpp Gui/ViewProviderDatumLine.cpp Gui/ViewProviderDatumPlane.cpp Gui/ViewProviderDressUp.cpp Gui/ViewProviderExtrude.cpp Gui/ViewProviderHelix.cpp Gui/ViewProviderHole.cpp Gui/ViewProviderLoft.cpp Gui/ViewProviderMainPart.cpp Gui/ViewProviderMultiTransform.cpp Gui/ViewProviderPipe.cpp Gui/ViewProviderPrimitive.cpp Gui/ViewProviderShapeBinder.cpp Gui/ViewProviderSketchBased.cpp Gui/ViewProviderTransformed.cpp
fe7bff5a9a	2024-12-07	Vincenzo Calligaro	fix		0	0	open	79	have (tests taken 1bede1b2a4)	[PartDesign] Hole: restore missing call to FeatureAddSub::refineShapeIfActive()	App/FeatureHole.cpp PartDesignTests/TestHole.py
2501296c95	2024-07-09	Alexey Chernov	?		0	0	open	14		Apply result of copy on change properties	App/ShapeBinder.cpp
4db7cd52e6	2024-07-25	Alexey Chernov	fix		0	0	open	34	declined (Pure refactor)	Use lambda to prevent code duplication	App/ShapeBinder.cpp
66e1c0154d	2024-07-30	Alexey Chernov	?		0	0	open	9		Require read-only and output attributes on updated properties	App/ShapeBinder.cpp
669f108fab	2024-12-04	Florian Foinant-Willig	fix		0	0	open	6	n/a (No TestHelix.py)	fix testGiantHelix*	PartDesignTests/TestHelix.py
e89fb4a92c	2024-12-04	Jonas Bahr	fix		0	0	open	29	have (Duplicate registration guarded (InvoluteGearFeature.py:283, SprocketFeature.p...)	PD: Fix error "duplicate command PartDesign_InvoluteGear"	Gui/Workbench.cpp InitGui.py InvoluteGearFeature.py SprocketFeature.py
5266a3b26d	2024-12-09	bgbsww	feature		0	0	open	118		Toponaming: Add a plane matching based heuristic to TNP mitigation (#16803)	PartDesignTests/TestTopologicalNamingProblem.py
16ac5f9977	2024-12-09	Jacob Oursland	fix		0	0	open	4	n/a (TNP test file only)	PartDesign: Fix failing TNP test.	PartDesignTests/TestTopologicalNamingProblem.py
8bc062b6e8	2024-12-13	Snow Faerie	fix		1	0	open	2	declined (Menu accelerator churn)	Fix and add menu accelerators (#15532)	Gui/CommandBody.cpp
d1f706050d	2024-11-09	Kacper Donat	?		0	0	open	2		TopoNaming: Refine - mark joined faces as modified not generated	PartDesignTests/TestTopologicalNamingProblem.py
c4528eb3a5	2024-12-03	Florian Foinant-Willig	fix		0	0	open	47	n/a (testNegativeCone passes on the fork)	PartDesign: fix helix with negative angle	App/FeatureHelix.cpp PartDesignTests/TestHelix.py
fc56730648	2024-11-26	PaddleStroke	fix		1	0	open	7		Core: Datums: Fix axis placement and add migration script.	App/FeatureSketchBased.cpp
48dbdacdbd	2024-09-20	PaddleStroke	feature		0	0	open	78		Part: add datum objects and commands to create them.	App/Body.cpp Gui/ViewProviderBody.cpp Gui/ViewProviderDatum.cpp Gui/ViewProviderDatum.h
9504b7e569	2024-10-10	PaddleStroke	feature		1	0	open	4		PartDesign: Enable the use of the core datums as references.	Gui/ReferenceSelection.cpp
c5fbbb3830	2024-12-06	PaddleStroke	feature		0	0	open	12		SubShapeBinder: Add support for point.	App/ShapeBinder.cpp
5d02008227	2024-10-18	PaddleStroke	?		0	0	open	13		Remove PartDesign Datums commands from the UI.	Gui/Workbench.cpp
00f6fbeaa3	2024-12-11	wmayer	fix		0	0	open	9	deferred (Only FeatureExtrude::makeShellFromUpToShape (UpToShape), which the fork does...)	PD: Fix possible crash in up to shape	App/FeatureExtrude.cpp
e607b5757e	2024-12-08	Florian Foinant-Willig	feature		0	0	open	15		PartDesign: Add Std_ToggleFreeze to context menu	Gui/Workbench.cpp
db1b0c56bf	2024-07-26	Alfredo Monclus	fix		1	0	open	21	taken fff8ad80b4	fix(PD): complete ISO-273	App/FeatureHole.cpp App/FeatureHole.h
acf04c7f1e	2024-07-26	Alfredo Monclus	?		0	0	open	145		feat(PD): BSP - British standard pipe threads	App/FeatureHole.cpp App/FeatureHole.h Gui/TaskHoleParameters.cpp
588f4c3b00	2024-08-03	Alfredo Monclus	?		0	0	open	56		feat(PD): ANSI pipe threads	App/FeatureHole.cpp App/FeatureHole.h Gui/TaskHoleParameters.cpp
df22f8060d	2024-08-03	Alfredo Monclus	feature		0	0	open	4		feat(PD): tapered threads support, NPT and BSPT are now possible	App/FeatureHole.cpp
3e161f9c96	2024-08-04	Alfredo Monclus	noise		0	0	open	184		refactor(PD): change tabs to whitespaces	App/FeatureHole.cpp
80d4185c09	2024-08-05	Alfredo Monclus	refactor		0	0	open	87		refactor(PD): new cut profile for threads	App/FeatureHole.cpp
edb565046d	2024-08-08	Alfredo Monclus	?		0	0	open	100		feat(PD): BSW threads	App/FeatureHole.cpp App/FeatureHole.h Gui/TaskHoleParameters.cpp
ce91285e4d	2024-08-13	Alfredo Monclus	?		0	0	open	69		feat(PD): BSF threads	App/FeatureHole.cpp App/FeatureHole.h Gui/TaskHoleParameters.cpp
003e239daf	2024-08-07	Alfredo Monclus	?		1	0	open	51		feat(PD): set the proper angle for threads and countersinks	App/FeatureHole.cpp App/FeatureHole.h
58344a5904	2024-12-14	Alfredo Monclus	refactor		0	0	open	12		refactor(PD): rename CoreHole to TapDrill	App/FeatureHole.cpp App/FeatureHole.h
ca3cb78ad5	2024-12-18	Alfredo Monclus	fix		0	0	open	2	adapted 23d0ad5e07 (in refresh())	fix(PD): size should be enabled if profile is not none	Gui/TaskHoleParameters.cpp
7782fd6827	2024-12-22	luzpaz	noise		0	0	open	4		Trim lines ending with superfluous whitespace	App/FeatureHelix.cpp PartDesignTests/TestHelix.py
3f58f83f2d	2024-12-22	Alfredo Monclus	refactor		0	0	open	128		refactor(PD): dynamically set threadSize enums	App/FeatureHole.cpp App/FeatureHole.h
2ea8a633ac	2024-07-13	Ladislav Michl	refactor		0	0	open	190		Base: Quantity: return std::string	Gui/TaskPrimitiveParameters.cpp
e977eb49e3	2024-12-13	PaddleStroke	feature		0	0	open	4		Core datums: Rework to improve new sketch	Gui/TaskFeaturePick.cpp
cbd116b451	2024-12-31	wmayer	refactor		0	0	open	27		Gui: Use bitmask instead of three booleans in setTemporaryVisibility to improve readability	Gui/TaskFeaturePick.cpp Gui/TaskHelixParameters.cpp Gui/TaskLinearPatternParameters.cpp Gui/TaskMirroredParameters.cpp Gui/TaskPolarPatternParameters.cpp Gui/TaskPrimitiveParameters.cpp Gui/TaskRevolutionParameters.cpp
b3a1fd9676	2024-12-23	wmayer	feature		0	0	open	19		App: Add methods to get base and direction of datum element	App/FeatureLinearPattern.cpp App/FeatureMirrored.cpp App/FeaturePolarPattern.cpp App/FeatureSketchBased.cpp
e5b1d05813	2024-12-21	Vincenzo Calligaro	feature		0	0	open	138		Toponaming: import code related to ElementMapVersion from LS3  *Added test	tests/src/Mod/PartDesign/App/BackwardCompatibility.cpp tests/src/Mod/PartDesign/App/CMakeLists.txt tests/src/Mod/PartDesign/App/TestModels/ModelFromV021.FCStd
a3bf63bae2	2024-12-11	Kacper Donat	?		0	0	open	29		PD: Forward transform requests to Body	Gui/ViewProvider.cpp Gui/ViewProvider.h
dc73208f08	2025-01-13	Alfredo Monclus	refactor		0	0	open	68		refactor(PD): hole taskpanel ui open and save with QT designer 5.15	Gui/TaskHoleParameters.ui
32820ac425	2025-01-13	Alfredo Monclus	feature		0	0	open	79		feat(PD): hole taskpanel: hide drill point options if not applicable	Gui/TaskHoleParameters.cpp Gui/TaskHoleParameters.ui
81508663f1	2025-01-13	Alfredo Monclus	refactor		0	0	open	387		refactor(PD): hole taskpanel ui move ThreadFit into its own widget near the thread options	Gui/TaskHoleParameters.ui
cd6f2fa6df	2025-01-13	Alfredo Monclus	refactor		0	0	open	160		refactor(PD): hole taskpanel ui move Threaded to the grid above	Gui/TaskHoleParameters.ui
382d13ee77	2025-01-03	Jonas Bahr	?		0	0	open	5		PD: Make GearTests independent of "single solid" setting	PartDesignTests/TestInvoluteGear.py
7a5a3d1ffc	2025-01-13	Tobias Frost	noise		0	0	open	10		spelling fixes (#18688)	App/FeaturePad.cpp App/FeaturePocket.cpp Gui/TaskExtrudeParameters.cpp Gui/TaskShapeBinder.cpp Gui/TaskSketchBasedParameters.h
08c9a191e2	2025-01-10	Benjamin Nauck	feature		0	0	open	8		Add template based SelectionSingleton::countObjectsOfType	Gui/Command.cpp Gui/Workbench.cpp
e832973601	2025-01-13	Alfredo Monclus	refactor		0	0	open	992		refactor(PD): hole taskpanel ui reorganize the layout of the thread group to be more manageable	Gui/TaskHoleParameters.ui
5e8e2224d1	2025-01-13	Alfredo Monclus	feature		0	0	open	65		feat(PD): hole taskpanel ui hide thread model options if not applicable	Gui/TaskHoleParameters.cpp
6077317d12	2025-01-13	Alfredo Monclus	?		0	0	open	4		feat(PD): hole taskpanel ui hide thread group if not threaded hide threadFit if threaded	Gui/TaskHoleParameters.cpp
36682bcee8	2025-01-13	Alfredo Monclus	refactor		0	0	open	148		refactor(PD): remove the ui file connections, this are handled in the task code	Gui/TaskHoleParameters.cpp Gui/TaskHoleParameters.ui
4e5f5c4481	2025-01-13	Alfredo Monclus	feature		0	0	open	20		feat(PD): hole taskpanel ui hide hole cut options if not cut	Gui/TaskHoleParameters.cpp
4dae03a994	2025-01-13	Alfredo Monclus	feature		0	0	open	18		feat(PD): hole taskpanel ui hide thread options if profile is none	Gui/TaskHoleParameters.cpp
4b2fdd4ff4	2025-01-14	Alfredo Monclus	fix		0	0	open	88	declined (Designer-only .ui cleanup)	refactor(PD): hole taskpanel alias/promote QuantitySpinBox from QDoubleSpinBox instead of QWidget to represent it correctly on the designer	Gui/TaskHoleParameters.ui
7b22027b90	2025-01-11	Benjamin Nauck	feature		0	0	open	11		Add template based Document::countObjectsOfType	Gui/SketchWorkflow.cpp Gui/Utils.cpp Gui/Workbench.cpp
001ce1b479	2025-01-15	Alfredo Monclus	refactor		0	0	open	54		refactor(PD): hole taskpanel remove minimumSize	Gui/TaskHoleParameters.ui
4c25c96d75	2025-01-18	PaddleStroke	refactor		0	0	open	54		PartDesign: replace part design datum commands by the core ones	Gui/Workbench.cpp
932c8d6476	2025-01-03	Alfredo Monclus	refactor		0	0	open	8		refactor(PD): change threadDescription into a vector	App/FeatureHole.cpp App/FeatureHole.h
0fdb02c6eb	2025-01-18	Alfredo Monclus	?		0	0	open	146		feat(PD): create a test to check the thread enums and positions	PartDesignTests/TestHole.py
14f37f732d	2025-01-19	PaddleStroke	fix		0	0	open	27	have (Same as c3409fa424)	PartDesign: Fix context menu (#18919)	Gui/Workbench.cpp
a61db12828	2024-12-12	PaddleStroke	refactor		0	0	open	65		PartDesign NewSketch: Add a parameter to use attachment dialog instead of feature pick	Gui/SketchWorkflow.cpp
4dfab6e07d	2025-01-20	Jacob Oursland	fix		0	0	open	4	n/a (Follow-up to upstream's setTemporaryVisibility flags API)	Fix call to setTemporaryVisibility() post API change.	Gui/SketchWorkflow.cpp
98997c4d1e	2025-01-20	wmayer	fix		0	0	open	2	n/a (No onReject lambda)	PD: Fix build failure	Gui/SketchWorkflow.cpp
b3818aa583	2025-01-25	Chris Hennes	?		0	0	open	51		PD: Migrate onlyHasToRefine	App/FeatureAddSub.h App/FeatureRefine.cpp App/FeatureRefine.h
dd6aa9f3c7	2025-01-16	Benjamin Nauck	?		0	0	open	176		Prefer to use BaseClass's isDerivedFrom<T> over non template or Base::Type's	App/Body.cpp App/BodyPyImp.cpp App/Feature.cpp App/FeatureBase.cpp App/FeatureBoolean.cpp App/FeatureDressUp.cpp App/FeatureLoft.cpp App/FeaturePipe.cpp App/FeatureSketchBased.cpp App/ShapeBinder.cpp Gui/Command.cpp Gui/CommandBody.cpp Gui/ReferenceSelection.cpp Gui/SketchWorkflow.cpp Gui/TaskDatumParameters.cpp Gui/TaskFeaturePick.cpp Gui/TaskRevolutionParameters.cpp Gui/TaskShapeBinder.cpp Gui/TaskSketchBasedParameters.cpp Gui/ViewProvider.cpp Gui/ViewProviderBody.cpp Gui/ViewProviderHelix.cpp Gui/ViewProviderLoft.cpp Gui/ViewProviderPipe.cpp Gui/ViewProviderShapeBinder.cpp Gui/ViewProviderSketchBased.cpp Gui/ViewProviderTransformed.cpp
44435bf9de	2025-01-28	filson1	noise		1	0	open	2		Helix tooltip spelling update in FeatureHelix.cpp	App/FeatureHelix.cpp
65466d580b	2025-01-27	tritao	?		0	0	open	58		Gui: Reorganize the selection files into a top `Selection` folder.	Gui/Command.cpp Gui/ReferenceSelection.h Gui/SketchWorkflow.cpp Gui/SketchWorkflow.h Gui/TaskBooleanParameters.cpp Gui/TaskChamferParameters.cpp Gui/TaskDatumParameters.cpp Gui/TaskDraftParameters.cpp Gui/TaskDressUpParameters.cpp Gui/TaskFilletParameters.cpp Gui/TaskHelixParameters.cpp Gui/TaskHoleParameters.cpp Gui/TaskLinearPatternParameters.cpp Gui/TaskLoftParameters.cpp Gui/TaskMirroredParameters.cpp Gui/TaskMultiTransformParameters.cpp Gui/TaskPipeParameters.cpp Gui/TaskPolarPatternParameters.cpp Gui/TaskRevolutionParameters.cpp Gui/TaskScaledParameters.cpp Gui/TaskShapeBinder.cpp Gui/TaskSketchBasedParameters.cpp Gui/TaskSketchBasedParameters.h Gui/TaskThicknessParameters.cpp Gui/TaskTransformedParameters.cpp Gui/TaskTransformedParameters.h Gui/ViewProviderDatumPoint.cpp
123569823e	2025-01-19	tritao	?		0	0	open	19		App: Provide temporary document creation flag to Python `App.loadDocument`.	App/ShapeBinder.cpp
a56756d814	2025-02-07	Chris Hennes	feature		0	0	open	158		PD: Add onlyHaveRefined() to FeatureRefine	App/FeatureChamfer.cpp App/FeatureExtrude.cpp App/FeatureFillet.cpp App/FeatureGroove.cpp App/FeatureHelix.cpp App/FeatureLoft.cpp App/FeaturePipe.cpp App/FeaturePrimitive.cpp App/FeatureRefine.cpp App/FeatureRefine.h App/FeatureRevolution.cpp App/FeatureThickness.cpp
dc53d3dba2	2024-12-25	Alfredo Monclus	?		0	0	open	66		feat(PD): guess closest thread designation	App/FeatureHole.cpp App/FeatureHole.h Gui/TaskHoleParameters.cpp
7c4ff290a8	2025-01-27	Benjamin Nauck	fix		0	0	open	4	declined (PROPERTY_HEADER_WITH_OVERRIDE ignores its argument)	Mod: Fix mistakes in type system class names	App/FeatureSketchBased.h App/FeatureSolid.h
ee90eb6ebc	2025-02-09	Benjamin Braestrup Sayoc	?		0	0	open	170		PartDesign: Use QStringLiteral	Gui/CommandPrimitive.cpp Gui/DlgActiveBody.cpp Gui/FeaturePickDialog.cpp Gui/ReferenceSelection.cpp Gui/TaskDatumParameters.cpp Gui/TaskDressUpParameters.cpp Gui/TaskExtrudeParameters.cpp Gui/TaskFeaturePick.cpp Gui/TaskPadParameters.cpp Gui/TaskPocketParameters.cpp Gui/TaskRevolutionParameters.cpp Gui/TaskSketchBasedParameters.cpp Gui/ViewProviderDatum.cpp Gui/ViewProviderHelix.cpp Gui/ViewProviderLoft.cpp Gui/ViewProviderPipe.cpp Gui/ViewProviderPrimitive.cpp Gui/ViewProviderTransformed.cpp
a1c5767643	2025-01-19	Benjamin Nauck	feature		0	0	open	23		Mod: Use new addObject<T>(...) using regex	App/Body.cpp tests/src/Mod/PartDesign/App/DatumPlane.cpp tests/src/Mod/PartDesign/App/Pad.cpp tests/src/Mod/PartDesign/App/ShapeBinder.cpp
fdf59be4cd	2025-01-27	Benjamin Nauck	refactor		0	0	open	67		PD: Light refactoring of TaskFeaturePick::makeCopy	Gui/TaskFeaturePick.cpp
be3ce13a7c	2025-01-20	Alfredo Monclus	feature		0	0	open	2393		PD(hole taskpanel): Add image-based hole cut panel	App/FeatureHole.h Gui/Resources/PartDesign.qrc Gui/Resources/images/hole_counterbore_angled.svg Gui/Resources/images/hole_counterbore_flat.svg Gui/Resources/images/hole_counterdrill_angled.svg Gui/Resources/images/hole_counterdrill_flat.svg Gui/Resources/images/hole_countersink_angled.svg Gui/Resources/images/hole_countersink_flat.svg Gui/Resources/images/hole_none_angled.svg Gui/Resources/images/hole_none_flat.svg Gui/TaskHoleParameters.cpp Gui/TaskHoleParameters.h Gui/TaskHoleParameters.ui
de7a237a8a	2025-01-22	Alfredo Monclus	noise		0	0	open	1039		PD(hole taskpanel): Include depth on diagram	Gui/Resources/PartDesign.qrc Gui/Resources/images/hole_counterbore_angled.svg Gui/Resources/images/hole_counterbore_angled_included.svg Gui/Resources/images/hole_counterbore_flat.svg Gui/Resources/images/hole_counterdrill_angled.svg Gui/Resources/images/hole_counterdrill_angled_included.svg Gui/Resources/images/hole_counterdrill_flat.svg Gui/Resources/images/hole_countersink_angled.svg Gui/Resources/images/hole_countersink_angled_included.svg Gui/Resources/images/hole_countersink_flat.svg Gui/Resources/images/hole_none_angled.svg Gui/Resources/images/hole_none_angled_included.svg Gui/Resources/images/hole_none_flat.svg Gui/TaskHoleParameters.cpp Gui/TaskHoleParameters.h
3202dde7ca	2025-01-24	Alfredo Monclus	feature		0	0	open	174		PD(hole taskpanel): Add custom widget for font-scaled SVGs	Gui/Resources/images/hole_counterbore_angled.svg Gui/Resources/images/hole_counterbore_angled_included.svg Gui/Resources/images/hole_counterbore_flat.svg Gui/Resources/images/hole_countersink_angled.svg Gui/Resources/images/hole_none_angled.svg Gui/Resources/images/hole_none_angled_included.svg Gui/TaskHoleParameters.cpp Gui/TaskHoleParameters.ui
da4f584a50	2025-02-09	Alfredo Monclus	?		0	0	open	300		PD(hole taskpanel): apply review suggestions	Gui/TaskHoleParameters.cpp Gui/TaskHoleParameters.ui
72c37f9b75	2025-02-11	jffmichi	fix		0	0	open	7	taken e762e7afb5	PartDesign: fix crash when opening a file with a metric hole	App/FeatureHole.cpp
23d98b8d0b	2025-02-11	Chris Hennes	noise		0	0	open	89		PD: address FeatureRefine reviewer comments	App/FeatureRefine.cpp App/FeatureRefine.h
d2f1589898	2025-02-12	Chris Hennes	noise		0	0	open	4		Tests: remove superfluous NOLINTs	tests/src/Mod/PartDesign/App/BackwardCompatibility.cpp
9636068460	2025-01-20	tritao	refactor		1	0	open	2		Base: Move `zipios` library to `3rdParty` folder.	App/CMakeLists.txt Gui/CMakeLists.txt
eb886449c2	2025-02-13	Ziad	feature		1	0	open	2		PartDesign: Allow Draft negative angles	App/FeatureDraft.cpp
dff79b6b08	2024-09-13	Alfredo Monclus	refactor		1	0	open	14		refactor(PD): reduce the number of comparisons	App/FeatureHole.cpp
f93396e566	2025-02-15	Alfredo Monclus	refactor		0	0	open	136		refactor(PD): simplify setreadonly on type switch	App/FeatureHole.cpp
27ebc68a11	2025-02-15	Joao Matos	refactor		0	0	open	4		CMake: Modernize build files using outdated Python variables.	App/CMakeLists.txt Gui/CMakeLists.txt
a2cef23dbd	2025-02-16	Chris Hennes	?		0	0	open	16		PD: Combine onlyHaveRefined and onlyHasToRefine	App/FeatureRefine.cpp
c50cb07974	2025-02-16	Chris Hennes	?		0	0	open	8		Update src/Mod/PartDesign/App/FeatureRefine.h	App/FeatureRefine.h
0bad3cc37b	2025-02-16	Alfredo Monclus	refactor		0	0	open	69		refactor: hole taskpanel tweak layout spacing	Gui/TaskHoleParameters.ui
a72a63232a	2025-02-15	Kacper Donat	refactor		0	0	open	28		Base: Move App::Color to Base	Gui/ViewProviderDatum.cpp Gui/ViewProviderDressUp.cpp Gui/ViewProviderLoft.cpp Gui/ViewProviderLoft.h Gui/ViewProviderPipe.cpp Gui/ViewProviderPipe.h Gui/ViewProviderShapeBinder.cpp Gui/ViewProviderShapeBinder.h
12a69fe296	2025-02-20	Kacper Donat	feature		0	0	open	3		Base: Add isNullOrEmpty string helper	Gui/ReferenceSelection.cpp
62415907ee	2025-01-17	bofdahof	?		0	0	open	12		current src path no longer required	tests/src/Mod/PartDesign/App/CMakeLists.txt
cc6ffb44de	2025-02-16	Joao Matos	refactor		0	0	open	3		Core: Move `PyCXX` library to `src/3rdParty`.	App/CMakeLists.txt Gui/CMakeLists.txt tests/src/Mod/PartDesign/CMakeLists.txt
755229df23	2025-02-24	Benjamin Braestrup Sayoc	noise		0	0	open	10		Build: suppress warnings from 3rd party libraries	App/CMakeLists.txt Gui/CMakeLists.txt tests/src/Mod/PartDesign/CMakeLists.txt
97bd38f6f9	2025-02-28	Joao Matos	refactor		0	0	open	30		PartDesign: Refactor `Command::finishFeature`.	Gui/Command.cpp
8710bbd825	2025-02-28	Joao Matos	refactor		0	0	open	2		Part/PartDesign/TechDraw: Simplify calls to `DocumentObject::recomputeFeature`.	Gui/TaskFeatureParameters.cpp
f9a6044828	2025-02-28	Joao Matos	refactor		0	0	open	21		PartDesign: Refactor `ViewProviderTransformed::recomputeFeature`.	Gui/ViewProviderTransformed.cpp Gui/ViewProviderTransformed.h
da66720d3a	2025-03-01	Andrea	?		0	0	open	32		REMOVE old QT<= 5.14 code	Gui/TaskBooleanParameters.cpp Gui/TaskDressUpParameters.cpp Gui/TaskExtrudeParameters.cpp Gui/TaskLoftParameters.cpp Gui/TaskPipeParameters.cpp Gui/TaskShapeBinder.cpp Gui/TaskTransformedParameters.cpp
9834729b05	2025-03-05	mosfet80	?		0	0	open	1		Update TaskBooleanParameters.cpp	Gui/TaskBooleanParameters.cpp
077745d737	2025-03-06	PaddleStroke	fix		0	0	open	2	adapted 84a01677df (base point and LCS rotation, polar and linear)	PartDesign: Fix App::Line as ref for polar pattern	App/FeaturePolarPattern.cpp
599f100c4f	2025-01-26	Pascal de Bruijn	?		0	0	open	80		PartDesign: explicitly thread pitch for regular profile ISO threads	App/FeatureHole.cpp
1c2ac570f8	2025-03-07	Joao Matos	refactor		0	0	open	8		Convert `DocumentCreateFlags` instances to use designated initializer list.	App/ShapeBinder.cpp
9bcdd2d44c	2025-03-07	Joao Matos	refactor		0	0	open	4		Rename `DocumentCreateFlags` to `DocumentInitFlags`.	App/ShapeBinder.cpp
f7dc6dc245	2025-03-10	Pascal de Bruijn	fix		0	0	open	16	deferred (ISO coarse ThreadSize names with pitch (upstream 599f100c4f))	PartDesignTests: explicitly thread pitch for regular profile ISO threads, fix enum	PartDesignTests/TestHole.py
cd5c46ba18	2025-03-10	Andrea	?		1	0	open	4		Remove unnecessary check (duplicated)	Gui/PreCompiled.h
fa61131590	2025-03-13	Karliss	fix		0	0	open	28	adapted f5d3a1fb8b (the boxes that exist here)	Add missing parent for messagebox and other popups	Gui/Command.cpp Gui/SketchWorkflow.cpp Gui/TaskDatumParameters.cpp Gui/ViewProvider.cpp Gui/ViewProviderBoolean.cpp Gui/ViewProviderDatum.cpp Gui/ViewProviderHole.cpp Gui/ViewProviderPrimitive.cpp Gui/ViewProviderShapeBinder.cpp
965af2bf9a	2025-03-12	bofdahof	refactor		0	0	open	133		PartDesign: apply std::ranges	App/Body.cpp App/FeatureDressUp.cpp App/FeatureLoft.cpp App/ShapeBinder.cpp Gui/CommandBody.cpp Gui/TaskBooleanParameters.cpp Gui/TaskDressUpParameters.cpp Gui/TaskExtrudeParameters.cpp Gui/TaskFeaturePick.cpp Gui/TaskLoftParameters.cpp Gui/TaskPipeParameters.cpp Gui/TaskShapeBinder.cpp Gui/TaskTransformedParameters.cpp
6c2c6847eb	2025-03-17	tritao	refactor		0	0	open	29		CMake: Cleanup targets with transitive dependencies	App/CMakeLists.txt Gui/CMakeLists.txt tests/src/Mod/PartDesign/CMakeLists.txt
9a38673774	2025-03-06	PaddleStroke	?		1	0	open	2		PartDesign: clone tooltip	Gui/Command.cpp
9bd9fe1551	2025-03-16	PaddleStroke	?		0	0	open	2		Update src/Mod/PartDesign/Gui/Command.cpp	Gui/Command.cpp
16968aa3ee	2025-03-21	tritao	refactor		0	0	open	112		PartDesign: Convert XML bindings to Python API bindings model.	App/Body.pyi App/BodyPy.xml App/CMakeLists.txt App/Feature.pyi Gui/CMakeLists.txt Gui/ViewProvider.pyi
8f2e330a53	2025-03-20	Chris Hennes	?		0	0	open	3		PD: Check threadType before using to index	App/FeatureHole.cpp
8353c44958	2025-03-22	PaddleStroke	?		1	0	open	2		PartDesign : Subshapebinder tooltip (#20023)	Gui/Command.cpp
723d16fcff	2025-03-22	Chris Hennes	?		0	0	open	2		PD: Eliminate unused variable in FeatureHole	App/FeatureHole.cpp
f0fe00e16a	2025-03-24	karliss	?		0	0	open	15		PartDesign: Update counterbore min size in reaction to diameter changes (#20217)	Gui/TaskHoleParameters.cpp Gui/TaskHoleParameters.h
ee4c9a6e8b	2025-03-24	Joao Matos	?		0	0	open	102		PartDesign: Remove XML binding files.	App/BodyPy.xml App/CMakeLists.txt App/FeaturePy.xml Gui/CMakeLists.txt Gui/ViewProviderPy.xml
98876d070d	2025-03-27	Benjamin Nauck	refactor		0	0	open	85		PartDesign: Use std::numeric_limits and std::numbers instead of defines	App/FeatureChamfer.cpp App/FeatureDraft.cpp App/FeatureExtrude.cpp App/FeatureFillet.cpp App/FeatureGroove.cpp App/FeatureHelix.cpp App/FeatureHole.cpp App/FeatureLinearPattern.cpp App/FeaturePolarPattern.cpp App/FeaturePrimitive.cpp Gui/TaskPrimitiveParameters.cpp Gui/TaskScaledParameters.cpp Gui/Utils.cpp Gui/ViewProviderAddSub.cpp Gui/ViewProviderDatumCS.cpp Gui/ViewProviderTransformed.cpp
65a0fb0ed4	2025-03-31	Benjamin Nauck	noise		0	0	open	20		PartDesign: Add `#include <limits>` where used	App/FeatureChamfer.cpp App/FeatureExtrude.cpp App/FeatureFillet.cpp App/FeatureHelix.cpp App/FeatureHole.cpp App/FeatureLinearPattern.cpp App/FeaturePolarPattern.cpp App/FeaturePrimitive.cpp App/PreCompiled.h Gui/PreCompiled.h Gui/TaskPrimitiveParameters.cpp Gui/TaskScaledParameters.cpp Gui/ViewProviderDatumCS.cpp
35a9673a75	2025-03-28	Kacper Donat	refactor		0	0	open	48		Base: Rename Base::freecad_dynamic_cast into freecad_cast	App/Body.cpp App/Feature.cpp App/FeatureDressUp.cpp App/FeatureMultiTransform.cpp App/FeatureScaled.cpp App/FeatureSketchBased.cpp App/FeatureTransformed.cpp App/ShapeBinder.cpp Gui/Command.cpp Gui/TaskFeaturePick.cpp Gui/ViewProvider.cpp Gui/ViewProviderShapeBinder.cpp
5639728e8a	2025-04-07	PaddleStroke	fix		0	0	open	33	deferred (Sketches on non-origin LCS planes)	PartDesign: Fix use of App::Planes to create sketches (#20453)	Gui/SketchWorkflow.cpp
fa3c6e1068	2025-04-05	Syres916	noise		0	0	open	108		[PartDesign] Fix spelling of auxiliary and curvilinear...	App/FeaturePipe.cpp App/FeaturePipe.h Gui/TaskPipeOrientation.ui Gui/TaskPipeParameters.cpp Gui/TaskPipeParameters.h Gui/Utils.cpp Gui/ViewProviderPipe.cpp
5195cb49de	2025-04-08	PaddleStroke	fix		0	0	open	2	n/a (Fork's FaceFilter never had the argument)	PartDesign : New sketch: Fix regression	Gui/SketchWorkflow.cpp
b300c80b90	2025-04-11	Kacper Donat	?		0	0	open	48		Base: Use explicit pointer syntax for freecad_cast (#20694)	App/Body.cpp App/Feature.cpp App/FeatureDressUp.cpp App/FeatureMultiTransform.cpp App/FeatureScaled.cpp App/FeatureSketchBased.cpp App/FeatureTransformed.cpp App/ShapeBinder.cpp Gui/Command.cpp Gui/TaskFeaturePick.cpp Gui/ViewProvider.cpp Gui/ViewProviderShapeBinder.cpp
a86c300688	2025-04-04	Kacper Donat	feature		0	0	open	3		Gui: Disable Show Placement for Body Features	Gui/ViewProvider.cpp Gui/ViewProviderBody.cpp
7f5b1c9f2c	2025-04-11	captain0xff	refactor	gizmo	0	0	open	2508	have (f8b6a242f7)	Gui: moved dragger classes to separate folder and files	src/Gui/Inventor/Draggers/SoLinearDragger.cpp src/Gui/Inventor/Draggers/SoLinearDragger.h src/Gui/Inventor/Draggers/SoPlanarDragger.cpp src/Gui/Inventor/Draggers/SoPlanarDragger.h src/Gui/Inventor/Draggers/SoRotationDragger.cpp src/Gui/Inventor/Draggers/SoRotationDragger.h src/Gui/Inventor/Draggers/SoTransformDragger.cpp src/Gui/Inventor/Draggers/SoTransformDragger.h
f932c7e4e0	2025-04-09	Benjamin Nauck	refactor		0	0	open	16		Use Base::toRadians() instead of manually converting	App/FeatureExtrude.cpp App/FeatureHelix.cpp App/FeatureHole.cpp Gui/ViewProviderAddSub.cpp Gui/ViewProviderTransformed.cpp
82ae162d5f	2025-04-14	PaddleStroke	fix		0	0	open	6	n/a (Fork's TaskFeaturePick temporary visibility only for the active body's origin)	PartDesign: TaskFeaturePick : Fix LCS temporary visibility	Gui/TaskFeaturePick.cpp
57b9a41335	2025-04-16	Florian Foinant-Willig	fix		0	0	open	16	deferred (Suppress/unsuppress stamps a stale Placement (Feature.cpp:349-396))	PartDesign: Fix #20205 where Placement changes at Suppression	App/Feature.cpp App/Feature.h
70007a28c1	2025-04-21	Alfredo Monclus	refactor		0	0	open	61		refactor: add disambiguation to clearance hole names and use names from the standard (#19869)	App/FeatureHole.cpp App/FeatureHole.h Gui/TaskHoleParameters.cpp
774ec2cc93	2025-04-21	theo-vt	?		0	0	open	224		PartDesign: Center holes on sketch points as well as circles and arcs (#20583)	App/FeatureHole.cpp App/FeatureHole.h App/FeatureSketchBased.cpp App/FeatureSketchBased.h Gui/TaskHoleParameters.cpp Gui/TaskHoleParameters.h Gui/TaskHoleParameters.ui
d6dd100266	2025-03-16	Florian Foinant-Willig	fix		0	0	open	48	taken 1cd4c7d140	PartDesign: Prevent user to remove core properties	InvoluteGearFeature.py Scripts/DistanceBolt.py Scripts/Epitrochoid.py Scripts/Parallelepiped.py Scripts/RadialCopy.py Scripts/Spring.py SprocketFeature.py
b5119d996b	2025-04-25	Kacper Donat	?		0	0	open	8		PartDesign: Use freecad_cast whenever possible	Gui/TaskFeatureParameters.h Gui/TaskRevolutionParameters.cpp Gui/TaskTransformedParameters.h
c293d74566	2025-05-01	Ladislav Michl	refactor		0	0	open	70		Base: rename Exception's PascalCase methods to camelCase	App/Feature.cpp App/FeatureHole.cpp App/ShapeBinder.cpp Gui/Command.cpp Gui/TaskChamferParameters.cpp Gui/TaskDraftParameters.cpp Gui/TaskDressUpParameters.cpp Gui/TaskExtrudeParameters.cpp Gui/TaskFeaturePick.cpp Gui/TaskFilletParameters.cpp Gui/TaskHelixParameters.cpp Gui/TaskMultiTransformParameters.cpp Gui/TaskPipeParameters.cpp Gui/TaskRevolutionParameters.cpp Gui/TaskThicknessParameters.cpp Gui/TaskTransformedParameters.cpp Gui/ViewProviderBody.cpp Gui/ViewProviderShapeBinder.cpp
998f4e4d45	2025-03-30	bofdahof	refactor		0	0	open	106		Console: rename PascalCase named methods to camelCase	App/AppPartDesign.cpp App/Body.cpp App/FeatureDraft.cpp App/FeatureHole.cpp App/FeaturePipe.cpp App/FeatureRefine.cpp App/FeatureTransformed.cpp App/ShapeBinder.cpp Gui/AppPartDesignGui.cpp Gui/Command.cpp Gui/CommandBody.cpp Gui/SketchWorkflow.cpp Gui/TaskChamferParameters.cpp Gui/TaskDraftParameters.cpp Gui/TaskDressUpParameters.cpp Gui/TaskExtrudeParameters.cpp Gui/TaskFeaturePick.cpp Gui/TaskFilletParameters.cpp Gui/TaskHelixParameters.cpp Gui/TaskHoleParameters.cpp Gui/TaskLinearPatternParameters.cpp Gui/TaskMirroredParameters.cpp Gui/TaskPolarPatternParameters.cpp Gui/TaskPrimitiveParameters.cpp Gui/TaskRevolutionParameters.cpp Gui/TaskSketchBasedParameters.cpp Gui/TaskThicknessParameters.cpp Gui/TaskTransformedParameters.cpp Gui/ViewProviderAddSub.cpp Gui/ViewProviderBody.cpp Gui/ViewProviderTransformed.cpp
601c0f9b09	2025-05-07	Beep6581	fix		0	0	open	43	deferred (Needs upstream dc53d3dba2 findClosestDesignation)	PartDesign: Merge pull request #21015 from Beep6581/fix-thread-pitch	App/FeatureHole.cpp
e56979e76e	2025-05-08	theo-vt	fix		0	0	open	14	have (Fork getProfileShape always passes needSubElement=true (FeatureSketchBased.cp...)	PartDesign: Fix no longer possible to make a hole from one selected circle in a sketch (#21030)	App/FeatureHole.cpp App/FeatureSketchBased.cpp App/FeatureSketchBased.h
492b8312b3	2025-02-25	Benjamin Braestrup Sayoc	?		1	0	open	2		Base: make getAttribute template	App/FeatureSketchBased.cpp
dc58468088	2025-05-14	Alfredo Monclus	refactor		0	0	open	100		PD: move the base profiles types to the top	Gui/TaskHoleParameters.ui
236c287f16	2025-05-18	Alfredo Monclus	fix		1	0	open	338	deferred (Upstream pitch-qualified ISO sizes (599f100c4f))	PD: hole: fix standarized head cuts not working in metric regular sizes	Resources/Hole/din7984.json Resources/Hole/iso10642-fine.json Resources/Hole/iso10642.json Resources/Hole/iso12474-fine.json Resources/Hole/iso14583.json Resources/Hole/iso14583part.json Resources/Hole/iso2009.json Resources/Hole/iso4762-fine.json Resources/Hole/iso4762.json Resources/Hole/iso4762_7089.json Resources/Hole/iso7046.json
ff17eb611a	2025-05-23	Alfredo Monclus	?		0	0	open	40		PD: hole: calculate depth of countersink and adjust other parameters accordingly when changed	App/FeatureHole.cpp
9bbddbc1f6	2025-05-23	Alfredo Monclus	fix		0	0	open	17	n/a (Fork never hides HoleCutCustomValues)	PD: hole fix head custom values checkbox not appearing	Gui/TaskHoleParameters.cpp
07e7918baf	2025-05-23	Alfredo Monclus	?		0	0	open	40		PD: hole calculate counterbore and countersink if no standards are available	App/FeatureHole.cpp App/FeatureHole.h
3aabb826aa	2025-05-24	Alfredo Monclus	fix		0	0	open	31	deferred (Guards upstream's automatic countersink depth)	PD: hole safeguard countersink depth calculation against possible math issues	App/FeatureHole.cpp
13e7952ccc	2025-05-29	theo-vt	fix		0	0	open	99	deferred (Hole on a standalone sketch point (upstream BaseProfileType))	PartDesign: Fix hole centered on point edge case (#21257)	App/FeatureBase.cpp App/FeatureBoolean.cpp App/FeatureExtrude.cpp App/FeatureHole.cpp App/FeatureLoft.cpp App/FeatureSketchBased.cpp App/FeatureSketchBased.h App/ShapeBinder.cpp Gui/TaskDressUpParameters.cpp
5d11b2938f	2025-03-16	wmayer	refactor		0	0	open	8		Gui: Replace calls of FCMD_SET_EDIT with Gui::cmdSetEdit	Gui/ViewProvider.cpp Gui/ViewProviderBase.cpp
eadd0bc191	2025-05-16	James Stanley	refactor		0	0	open	24		PartDesign: Add  OCCT progress support to `FeatureTransformed`.	App/FeatureTransformed.cpp
551c15b48f	2024-12-23	Alfredo Monclus	?		0	0	open	44		feat(PD): ISO tyre valve threads	App/FeatureHole.cpp Gui/TaskHoleParameters.cpp PartDesignTests/TestHole.py
69f3dae845	2025-06-03	Alfredo Monclus	?		0	0	open	238		PD: hole change the task panel threaded and model thread checkboxes into a combo/dropdown  (#21664)	Gui/TaskHoleParameters.cpp Gui/TaskHoleParameters.h Gui/TaskHoleParameters.ui
017f2c8842	2025-04-28	wmayer	?		0	0	open	66		Helper function to get preferred delete key depending on platform	Gui/TaskBooleanParameters.cpp Gui/TaskDressUpParameters.cpp Gui/TaskExtrudeParameters.cpp Gui/TaskLoftParameters.cpp Gui/TaskPipeParameters.cpp Gui/TaskShapeBinder.cpp Gui/TaskTransformedParameters.cpp
456659d763	2025-01-24	wmayer	?		0	0	open	6		Test: Do not write test files into CWD	PartDesignTests/TestTopologicalNamingProblem.py
f92d33944b	2025-06-15	Captain	refactor	gizmo	0	0	open	480	have (f8b6a242f7)	Gui: refactor SoLinearDragger (#21451)	src/Gui/Inventor/Draggers/SoLinearDragger.cpp src/Gui/Inventor/Draggers/SoLinearDragger.h src/Gui/Inventor/Draggers/SoPlanarDragger.h src/Gui/Inventor/Draggers/SoRotationDragger.h src/Gui/Inventor/Draggers/SoTransformDragger.cpp src/Gui/Inventor/Draggers/SoTransformDragger.h
5388c32f10	2025-06-15	Chris Hennes	refactor		0	0	open	6		Tests: Refactor tests with better names, etc.	tests/src/Mod/PartDesign/App/CMakeLists.txt tests/src/Mod/PartDesign/CMakeLists.txt
e17a83fa1f	2025-06-17	David Tanana	feature		0	0	open	8		PartDesign: Added 1 3/16 16 threaded drill hole diameter  (#22000)	App/FeatureHole.cpp App/FeatureHole.h PartDesignTests/TestHole.py
699c06dd0c	2025-06-23	Bas Ruigrok	?		0	0	open	11		PartDesign: Remove use of adjustCameraPosition()	Gui/Command.cpp
eb52dd4a9a	2025-01-27	wmayer	fix		0	0	open	50	n/a (Fixes upstream's isSingleSolidRuleSatisfied, which the fork does not have)	PD: Fix regression about single-solid check	App/FeatureChamfer.cpp App/FeatureExtrude.cpp App/FeatureFillet.cpp App/FeatureGroove.cpp App/FeatureLoft.cpp App/FeatureRevolution.cpp
4ac7f57ac4	2025-01-28	wmayer	?		0	0	open	6		PD: Use isSingleSolidRuleSatisfied() for pipe feature	App/FeaturePipe.cpp
23d93e45ff	2025-01-30	wmayer	fix		0	0	open	9	have (Loft ends in makeBoolean, which applies getSolid in both branches (FeatureAdd...)	PD: Correctly handle single solid rule for loft with and without base	App/FeatureLoft.cpp
c9294d3c78	2025-05-21	Andrea	refactor		0	0	open	195		Remove unused deprecated functions	App/FeatureSketchBased.cpp App/FeatureSketchBased.h
dfd29e06ea	2025-06-21	captain0xff	refactor	gizmo	0	0	open	468	have (f8b6a242f7)	Gui: refactor SoRotationDragger	src/Gui/Inventor/Draggers/SoLinearDragger.cpp src/Gui/Inventor/Draggers/SoRotationDragger.cpp src/Gui/Inventor/Draggers/SoRotationDragger.h src/Gui/Inventor/Draggers/SoTransformDragger.cpp src/Gui/Inventor/Draggers/SoTransformDragger.h
35fe77efd0	2025-07-06	captain0xff	refactor	gizmo	0	0	open	603	have (f8b6a242f7)	Gui: move geometry data to separate classes from dragger components	src/Gui/Inventor/Draggers/SoLinearDragger.cpp src/Gui/Inventor/Draggers/SoLinearDragger.h src/Gui/Inventor/Draggers/SoRotationDragger.cpp src/Gui/Inventor/Draggers/SoRotationDragger.h src/Gui/Inventor/Draggers/SoTransformDragger.cpp
e38fe196d5	2025-07-02	theo-vt	feature		0	0	open	5		Allow open wires in Part::getProfileNormal	App/FeatureSketchBased.cpp
48785dfd0e	2025-02-13	wmayer	fix		0	0	open	67	adapted f94d1195bc (the null was in the messages here)	PD: Fix crash in Loft::getSectionShape	App/FeatureLoft.cpp
1af908409e	2025-07-19	Chris Hennes	noise	gizmo	0	0	open	14	have (f8b6a242f7)	Gui: Fix compiler warnings	src/Gui/Inventor/Draggers/SoLinearDragger.cpp src/Gui/Inventor/Draggers/SoRotationDragger.cpp
ca9ecfb517	2025-07-21	Pieter Hijma	feature		1	0	open	1		PartDesign: Add migration tag	App/FeatureHole.cpp
7481a5d8dd	2025-07-27	theo-vt	?		0	0	open	45		PartDesign: Hole: get direction from cylindrical surface rather than normal (#22393)	App/FeatureHole.cpp App/FeatureHole.h
9a5d934eab	2025-06-25	Ladislav Michl	fix		0	0	open	18	taken 6ebca6951f	PD: Fix loft between curved faces	App/FeatureLoft.cpp
123b3b066b	2025-01-27	Syres916	feature		0	0	open	181		Tests: Add test for two face loft	PartDesignTests/TestLoft.py
39c902c616	2025-07-25	Florian Foinant-Willig	fix		0	0	open	8	have (Fork has opt-in FixShape before the boolean (FeaturePipe.cpp:378))	Try to auto-fix any invalid generated helix	App/FeatureHelix.cpp
bee89d0447	2025-06-22	Max Wilfinger	noise		0	0	open	873		PartDesign: Update UI strings for consistency and correct for new fuctions and typos	App/AppPartDesign.cpp App/FeatureHole.cpp Gui/AppPartDesignGui.cpp Gui/Command.cpp Gui/CommandBody.cpp Gui/CommandPrimitive.cpp Gui/DlgActiveBody.ui Gui/FeaturePickDialog.cpp Gui/SketchWorkflow.cpp Gui/TaskBooleanParameters.cpp Gui/TaskBooleanParameters.ui Gui/TaskChamferParameters.ui Gui/TaskDatumParameters.cpp Gui/TaskDraftParameters.ui Gui/TaskDressUpParameters.cpp Gui/TaskExtrudeParameters.cpp Gui/TaskFeaturePick.cpp Gui/TaskFeaturePick.ui Gui/TaskFilletParameters.ui Gui/TaskHelixParameters.cpp Gui/TaskHelixParameters.ui Gui/TaskHoleParameters.cpp Gui/TaskHoleParameters.ui Gui/TaskLinearPatternParameters.ui Gui/TaskLoftParameters.cpp Gui/TaskMultiTransformParameters.cpp Gui/TaskPadParameters.cpp Gui/TaskPadPocketParameters.ui Gui/TaskPipeParameters.cpp Gui/TaskPipeParameters.ui Gui/TaskPocketParameters.cpp Gui/TaskPolarPatternParameters.ui Gui/TaskPrimitiveParameters.cpp Gui/TaskPrimitiveParameters.ui Gui/TaskRevolutionParameters.cpp Gui/TaskRevolutionParameters.ui Gui/TaskShapeBinder.cpp Gui/TaskThicknessParameters.cpp Gui/TaskThicknessParameters.ui Gui/TaskTransformedMessages.cpp Gui/TaskTransformedParameters.cpp Gui/TaskTransformedParameters.ui Gui/Utils.cpp Gui/ViewProvider.cpp Gui/ViewProviderBody.cpp Gui/ViewProviderBoolean.cpp Gui/ViewProviderChamfer.cpp Gui/ViewProviderChamfer.h Gui/ViewProviderDatum.cpp Gui/ViewProviderDraft.cpp Gui/ViewProviderDraft.h Gui/ViewProviderDressUp.cpp Gui/ViewProviderFillet.cpp Gui/ViewProviderFillet.h Gui/ViewProviderGroove.cpp Gui/ViewProviderHelix.cpp Gui/ViewProviderHole.cpp Gui/ViewProviderLinearPattern.cpp Gui/ViewProviderLinearPattern.h Gui/ViewProviderLoft.cpp Gui/ViewProviderMirrored.cpp Gui/ViewProviderMirrored.h Gui/ViewProviderMultiTransform.cpp Gui/ViewProviderMultiTransform.h Gui/ViewProviderPad.cpp Gui/ViewProviderPipe.cpp Gui/ViewProviderPocket.cpp Gui/ViewProviderPolarPattern.cpp Gui/ViewProviderPolarPattern.h Gui/ViewProviderPrimitive.cpp Gui/ViewProviderRevolution.cpp Gui/ViewProviderScaled.cpp Gui/ViewProviderScaled.h Gui/ViewProviderShapeBinder.cpp Gui/ViewProviderThickness.cpp Gui/ViewProviderThickness.h Gui/Workbench.cpp Gui/WorkflowManager.cpp InvoluteGearFeature.py InvoluteGearFeature.ui Scripts/Gear.py SprocketFeature.py SprocketFeature.ui WizardShaft/Shaft.py WizardShaft/WizardShaft.py WizardShaft/WizardShaftTable.py fcsprocket/fcsprocketdialog.py
18702dfd6a	2025-08-05	Ryan Kembrey	fix		0	1	have(rev)	2	have (Fork already passes "Mirrored" (Command.cpp:2227))	PartDesign: Fix regression in mirror	Gui/Command.cpp
38db306a84	2025-06-19	Kacper Donat	?		0	0	open	72		PartDesign: Return to previous feature after edit	Gui/ViewProvider.cpp Gui/ViewProvider.h Gui/ViewProviderBody.cpp Gui/ViewProviderBody.h
7f87d87f61	2024-10-13	Kacper Donat	feature		0	0	open	1108		PartDesign: Add transparent previews	App/Feature.cpp App/Feature.h App/FeatureAddSub.cpp App/FeatureAddSub.h App/FeatureDressUp.cpp App/FeatureDressUp.h App/FeaturePrimitive.cpp Gui/AppPartDesignGui.cpp Gui/CMakeLists.txt Gui/TaskChamferParameters.cpp Gui/TaskDraftParameters.cpp Gui/TaskDressUpParameters.cpp Gui/TaskDressUpParameters.h Gui/TaskExtrudeParameters.cpp Gui/TaskFeatureParameters.cpp Gui/TaskFilletParameters.cpp Gui/TaskHelixParameters.ui Gui/TaskHoleParameters.cpp Gui/TaskLoftParameters.ui Gui/TaskPadPocketParameters.ui Gui/TaskPrimitiveParameters.cpp Gui/TaskPrimitiveParameters.h Gui/TaskRevolutionParameters.ui Gui/TaskSketchBasedParameters.cpp Gui/TaskSketchBasedParameters.h Gui/TaskThicknessParameters.cpp Gui/TaskTransformedParameters.ui Gui/ViewProvider.cpp Gui/ViewProvider.h Gui/ViewProviderAddSub.cpp Gui/ViewProviderAddSub.h Gui/ViewProviderDressUp.cpp Gui/ViewProviderDressUp.h Gui/ViewProviderHelix.cpp Gui/ViewProviderHelix.h Gui/ViewProviderHole.cpp Gui/ViewProviderHole.h Gui/ViewProviderLoft.cpp Gui/ViewProviderLoft.h Gui/ViewProviderPipe.cpp Gui/ViewProviderPipe.h Gui/ViewProviderPrimitive.cpp Gui/ViewProviderPrimitive.h Gui/ViewProviderSketchBased.h
6caceacb95	2025-06-20	Kacper Donat	feature		0	0	open	394		PartDesign: Add support for preview for transforms	App/FeatureMultiTransform.h App/FeatureTransformed.cpp App/FeatureTransformed.h Gui/TaskTransformedParameters.cpp Gui/ViewProvider.cpp Gui/ViewProviderMirrored.h Gui/ViewProviderTransformed.cpp Gui/ViewProviderTransformed.h
802af4c464	2025-07-06	Kacper Donat	feature		0	0	open	197		PartDesign: Add preview TaskBox to all feature task dialogs	App/FeatureTransformed.cpp App/FeatureTransformed.h Gui/CMakeLists.txt Gui/TaskChamferParameters.cpp Gui/TaskFeatureParameters.cpp Gui/TaskFeatureParameters.h Gui/TaskFilletParameters.cpp Gui/TaskHelixParameters.cpp Gui/TaskHoleParameters.cpp Gui/TaskLinearPatternParameters.cpp Gui/TaskLoftParameters.cpp Gui/TaskMirroredParameters.cpp Gui/TaskMultiTransformParameters.cpp Gui/TaskPadParameters.cpp Gui/TaskPipeParameters.cpp Gui/TaskPocketParameters.cpp Gui/TaskPolarPatternParameters.cpp Gui/TaskPreviewParameters.ui Gui/TaskPrimitiveParameters.cpp Gui/TaskRevolutionParameters.cpp Gui/TaskThicknessParameters.cpp Gui/ViewProviderTransformed.cpp Gui/ViewProviderTransformed.h
a5c2ccaa87	2025-07-13	Alfredo Monclus	refactor		0	0	open	12		Gui: refactor: change Preview button label to Confirm Selection	Gui/TaskDressUpParameters.cpp
d2986cd99a	2025-07-13	Alfredo Monclus	?		0	0	open	15		PartDesign: disable final model while selecting on dressups (fillet/chamfer)	Gui/TaskDressUpParameters.cpp Gui/TaskDressUpParameters.h
bdba939f9f	2025-08-11	Kacper Donat	feature		0	0	open	47		PartDesign: Implement preview for Draft	App/FeatureDraft.cpp Gui/TaskDraftParameters.cpp
ce9da36314	2025-08-12	luzpaz	noise		0	0	open	2		Fix various typos	Gui/CommandBody.cpp
6bbb4458c9	2025-08-10	Kacper Donat	?		0	0	open	83		PartDesign: Use Style Parameters for theming previews	Gui/CMakeLists.txt Gui/StyleParameters.h Gui/ViewProvider.cpp Gui/ViewProviderDressUp.cpp
cf162dee3e	2025-08-14	theo-vt	?		0	0	open	2		PartDesign: Hole use the default PartDesign context menu items	Gui/ViewProviderHole.cpp
af83b6883e	2025-08-14	theo-vt	?		0	0	open	8		PartDesign: Hole: fallback to getProfileNormal when a non-cylindrical surface is used	App/FeatureHole.cpp
51f4ad7432	2025-08-17	Benjamin Nauck	?		0	0	open	26		PartDesign: Use sketch as neutral plane for Draft (continuation of 20135) (#21901)	App/FeatureDraft.cpp Gui/ReferenceSelection.cpp
84afc15c91	2025-08-09	Max Wilfinger	feature		0	0	open	2		PartDesign: Enable compounds for PD bodies	App/Body.cpp
3fb61d0c90	2025-08-18	Roy-043	?		1	0	open	2		Update CommandBody.cpp	Gui/CommandBody.cpp
f176172faa	2025-08-19	marioalexis	?		0	0	open	17		PartDesign: Remove use of user parameters from Body constructor	App/Body.cpp Gui/CommandBody.cpp
b7c233b94e	2025-08-22	FEA-eng	?		0	0	open	43		PartDesign: Update error message about multiple solids (#23286)	App/FeatureBoolean.cpp App/FeatureChamfer.cpp App/FeatureDraft.cpp App/FeatureExtrude.cpp App/FeatureFillet.cpp App/FeatureGroove.cpp App/FeatureHole.cpp App/FeatureLoft.cpp App/FeaturePipe.cpp App/FeatureRevolution.cpp App/FeatureTransformed.cpp
dc489914d2	2025-08-22	FEA-eng	noise		0	0	open	5		PartDesign: Fix small typo in multiple solids error (#23299)	App/FeatureChamfer.cpp
cfa6ee8d2c	2025-08-13	Kacper Donat	?		0	0	open	10		PartDesign: Properly forward BaseFeature transform edit requests to Body	Gui/ViewProviderBase.cpp Gui/ViewProviderBase.h
be3b9edd33	2025-08-13	Kacper Donat	?		0	1	have(rev)	2		PartDesign: Do not copy visuals from ShapeBinder	App/ShapeBinder.h
cf951bae6b	2025-08-14	Kacper Donat	?		0	0	open	104		PartDesign: Unify deletion behavior	Gui/ViewProvider.cpp Gui/ViewProvider.h Gui/ViewProviderHelix.cpp Gui/ViewProviderHelix.h Gui/ViewProviderHole.cpp Gui/ViewProviderHole.h Gui/ViewProviderLoft.cpp Gui/ViewProviderLoft.h Gui/ViewProviderPipe.cpp Gui/ViewProviderPipe.h Gui/ViewProviderSketchBased.cpp Gui/ViewProviderSketchBased.h
b57f4709ba	2025-08-14	Kacper Donat	fix		0	0	open	8	have (ViewProviderHole.cpp:54-56)	PartDesign: Prevent Hole from claiming other features as children	Gui/ViewProviderHole.cpp
9fc40b33de	2025-08-25	Max Wilfinger	fix		0	0	open	6	n/a (Strings do not exist in the fork)	Fix source string mistakes reported on Crowdin (#23157)	App/FeaturePipe.cpp Gui/Command.cpp Gui/TaskRevolutionParameters.ui
04e9baf533	2025-08-25	Max Wilfinger	fix		0	0	open	56	declined (UI/tooltip wording only (Crowdin churn))	Fix UI strings reported on Crowdin (#23297)	App/FeaturePrimitive.cpp Gui/CommandBody.cpp Gui/DlgActiveBody.ui Gui/TaskChamferParameters.cpp Gui/TaskDraftParameters.cpp Gui/TaskHelixParameters.cpp Gui/TaskHelixParameters.ui Gui/TaskPrimitiveParameters.ui Gui/TaskRevolutionParameters.cpp Gui/TaskRevolutionParameters.ui Gui/TaskShapeBinder.cpp Gui/TaskTransformedParameters.cpp Gui/Utils.cpp
eebb7f7829	2025-05-15	wmayer	?		0	0	open	2		PD: Increase the tolerance to check for planar surfaces	Gui/SketchWorkflow.cpp
89eddb4138	2025-07-09	paddle	refactor		0	0	open	162		Gui: Move ComboLink from PartDesign to Gui.	Gui/TaskLinearPatternParameters.h Gui/TaskMirroredParameters.h Gui/TaskPolarPatternParameters.h Gui/TaskTransformedParameters.cpp Gui/TaskTransformedParameters.h
9535371265	2025-07-09	paddle	refactor		0	0	open	40		PartDesign: Rename Transformed::Mode enum	App/FeatureTransformed.cpp App/FeatureTransformed.h Gui/Command.cpp Gui/TaskTransformedParameters.cpp
9d12c0c7c6	2025-07-09	paddle	noise		0	0	open	3		PartDesign: Remove unnecessary warning.	App/FeatureTransformed.cpp
5fa7fe5117	2025-07-09	paddle	noise		0	0	open	26		PartDesign: Remove message taskbox and use regular warnings instead.	Gui/TaskTransformedParameters.cpp Gui/ViewProviderTransformed.cpp
a346c266e7	2025-08-25	PaddleStroke	?		0	0	open	2792		PartDesign: Extrude 2 sides (#21794)	App/FeatureExtrude.cpp App/FeatureExtrude.h App/FeaturePad.cpp App/FeaturePad.h App/FeaturePocket.cpp App/FeatureSketchBased.cpp App/FeatureSketchBased.h Gui/TaskExtrudeParameters.cpp Gui/TaskExtrudeParameters.h Gui/TaskPadParameters.cpp Gui/TaskPadParameters.h Gui/TaskPadPocketParameters.ui Gui/TaskPocketParameters.cpp Gui/TaskPocketParameters.h Gui/TaskRevolutionParameters.cpp Gui/TaskSketchBasedParameters.cpp Gui/TaskSketchBasedParameters.h PartDesignTests/TestPad.py tests/src/Mod/PartDesign/App/Pad.cpp
5d2037c820	2025-08-10	PaddleStroke	?		0	0	open	2424		PartDesign: Transform rework	App/FeatureLinearPattern.cpp App/FeatureLinearPattern.h App/FeaturePolarPattern.cpp App/FeaturePolarPattern.h Gui/CMakeLists.txt Gui/Command.cpp Gui/TaskLinearPatternParameters.cpp Gui/TaskLinearPatternParameters.ui Gui/TaskMirroredParameters.cpp Gui/TaskMultiTransformParameters.cpp Gui/TaskPatternParameters.cpp Gui/TaskPatternParameters.h Gui/TaskPatternParameters.ui Gui/TaskPolarPatternParameters.cpp Gui/TaskPolarPatternParameters.h Gui/TaskPolarPatternParameters.ui Gui/TaskTransformedParameters.cpp Gui/TaskTransformedParameters.h Gui/ViewProviderLinearPattern.cpp Gui/ViewProviderPolarPattern.cpp
8b7290e91a	2025-08-26	paddle	?		0	0	open	181		PartDesign: Patterns: Tooltips.	App/FeatureLinearPattern.cpp App/FeaturePolarPattern.cpp
0bf22ffca8	2025-08-27	FEA-eng	?		0	0	open	8		PartDesign: Update missed error message about multiple solids (#23392)	App/FeatureExtrude.cpp App/FeatureLoft.cpp App/FeaturePipe.cpp
94e978439c	2025-08-25	Kacper Donat	?		0	0	open	4		Gui: Do not compute preview while restoring	Gui/ViewProviderTransformed.cpp
9cae60a70f	2025-08-28	Max Wilfinger	?		1	0	open	10		Update UI strings from Crowdin reports for consistency	App/FeaturePrimitive.cpp Gui/TaskPrimitiveParameters.ui
acf9827891	2025-08-09	Chris Hennes	refactor		0	0	open	4		PD: Remove unused parameter from *ReferenceSelection	Gui/TaskSketchBasedParameters.cpp
7d3dd2605f	2025-08-29	PaddleStroke	fix		0	0	open	51	deferred (Upstream SideType refactor)	PartDesign: Fix symmetric regression & LengthAlongSketchNormal (#23418)	App/FeatureExtrude.cpp App/FeatureExtrude.h Gui/TaskExtrudeParameters.cpp
e55e7f75d2	2025-08-28	wwmayer	fix		0	0	open	6	adapted 03565a4e89 (makESolid kept for shells)	PD: Fix creation of pad from base feature	App/Feature.cpp App/FeatureBase.cpp
d35e5613cf	2025-08-29	marioalexis	noise		0	0	open	1		Part: Remove PartDesign header	Gui/ViewProvider.cpp
6e896b1248	2025-06-11	captain0xff	feature	gizmo	0	0	open	3328	adapted 984e714b32 a56e0777da 4394ef2827	PartDesign: add interactive gizmos	src/Gui/Inventor/Draggers/Gizmo.cpp src/Gui/Inventor/Draggers/Gizmo.h src/Gui/Inventor/Draggers/GizmoHelper.h src/Gui/Inventor/Draggers/SoLinearDragger.cpp src/Gui/Inventor/Draggers/SoLinearDragger.h src/Gui/Inventor/Draggers/SoLinearDraggerGeometry.cpp src/Gui/Inventor/Draggers/SoLinearDraggerGeometry.h src/Gui/Inventor/Draggers/SoRotationDragger.cpp src/Gui/Inventor/Draggers/SoRotationDragger.h src/Gui/Inventor/Draggers/SoRotationDraggerGeometry.cpp src/Gui/Inventor/Draggers/SoRotationDraggerGeometry.h src/Gui/Inventor/Draggers/SoTransformDragger.cpp src/Gui/Inventor/Draggers/SoTransformDragger.h App/FeatureHole.h App/FeatureRevolution.cpp Gui/TaskChamferParameters.cpp Gui/TaskChamferParameters.h Gui/TaskDraftParameters.cpp Gui/TaskExtrudeParameters.cpp Gui/TaskExtrudeParameters.h Gui/TaskFeatureParameters.h Gui/TaskFilletParameters.cpp Gui/TaskFilletParameters.h Gui/TaskHelixParameters.cpp Gui/TaskHelixParameters.h Gui/TaskHoleParameters.cpp Gui/TaskHoleParameters.h Gui/TaskRevolutionParameters.cpp Gui/TaskRevolutionParameters.h Gui/TaskThicknessParameters.cpp Gui/TaskThicknessParameters.h Gui/ViewProvider.cpp
25a94705bd	2025-08-30	luzpaz	noise		0	0	open	2		PartDesign: remove trailing whitespace Removed from src/Mod/PartDesign/App/FeatureExtrude.cpp	App/FeatureExtrude.cpp
18792297f6	2025-08-12	Kacper Donat	feature		0	0	open	273		PartDesign: Implement preview for Booleans	App/FeatureBoolean.cpp App/FeatureBoolean.h Gui/StyleParameters.h Gui/TaskBooleanParameters.cpp Gui/TaskBooleanParameters.h Gui/ViewProviderBoolean.cpp Gui/ViewProviderBoolean.h
edad41c245	2025-08-13	Kacper Donat	?		0	0	open	33		PartDesign: Change preview parameter to opacity from transparency	Gui/StyleParameters.h Gui/ViewProvider.cpp Gui/ViewProviderBoolean.cpp Gui/ViewProviderDressUp.cpp
98ad0e9fd8	2025-08-29	PaddleStroke	feature		0	0	open	2		PartDesign: TaskExtrudeParameters improve ui by letting line visible	Gui/TaskExtrudeParameters.cpp
f51e1eeb22	2025-09-01	PaddleStroke	feature		0	0	open	37		PartDesign: Enable selecting a sketch as base plane of another sketch (#23428)	Gui/SketchWorkflow.cpp Gui/SketchWorkflow.h
767c3f1f67	2025-08-30	Kacper Donat	?		0	0	open	100		PartDesign: Highlight profile for profile based features	Gui/StyleParameters.h Gui/ViewProviderSketchBased.cpp Gui/ViewProviderSketchBased.h
c01b12044a	2025-09-01	drwho495	fix		0	0	open	53	have (generateRevolution takes TopoShape (FeatureRevolution.h:98-99))	PartDesign: Fix revolution's Toponaming support (#23342)	App/FeatureRevolution.cpp PartDesignTests/TestTopologicalNamingProblem.py
37100c6179	2025-09-01	captain0xff	fix	gizmo	0	0	open	17	taken 984e714b32 (file take); panel half in a56e0777da	PartDesign: fix draggers for chamfer with two dimensions	src/Gui/Inventor/Draggers/Gizmo.cpp src/Gui/Inventor/Draggers/Gizmo.h
afdeacee05	2025-09-02	captain0xff	?	gizmo	0	0	open	3	taken 984e714b32 (file take)	PartDesign: set the linear dragger increment based on the zoom level	src/Gui/Inventor/Draggers/Gizmo.cpp
a9065a33c5	2025-09-02	PaddleStroke	?		0	0	open	2		Syntax error	Gui/SketchWorkflow.cpp
599d82488d	2025-09-03	captain0xff	fix	gizmo	0	0	open	12	adapted 4394ef2827	PartDesign: fix the draggers for pad type and hole	Gui/TaskExtrudeParameters.cpp Gui/TaskHoleParameters.cpp
0f07a936d9	2025-09-04	PaddleStroke	?		0	0	open	9		PartDesign: Polar pattern: Spacings off by one.	App/FeaturePolarPattern.cpp
b9efb481a2	2025-09-04	FEA-eng	noise		0	0	open	30		PartDesign: Correct typo in multiple solids error (#23642)	App/FeatureBoolean.cpp App/FeatureChamfer.cpp App/FeatureDraft.cpp App/FeatureExtrude.cpp App/FeatureFillet.cpp App/FeatureGroove.cpp App/FeatureHole.cpp App/FeatureLoft.cpp App/FeaturePipe.cpp App/FeatureRevolution.cpp
09128636ad	2025-09-04	PaddleStroke	fix		0	0	open	6	deferred (Upstream unified TaskPatternParameters)	PartDesign: Fix pattern Add/remove buttons #23626	Gui/TaskPatternParameters.cpp
5fbe1b66a8	2025-09-07	Kacper Donat	feature		0	0	open	24		Gui: Add handling for BaseFeatures outside of Body edge case	Gui/ViewProviderBase.cpp Gui/ViewProviderBase.h
288255f074	2025-09-07	Kacper Donat	feature		0	0	open	11		Gui: Disallow dragging features outside of body	Gui/ViewProviderBody.cpp Gui/ViewProviderBody.h
f0d43b0ca9	2025-08-25	Kacper Donat	?		0	0	open	301		PartDesign: Reorder fields in Hole dialog	Gui/TaskHoleParameters.cpp Gui/TaskHoleParameters.ui
7e57b6e7b0	2025-09-08	PaddleStroke	fix		0	0	open	16	deferred (Upstream's two-direction LinearPattern (Direction2/Occurrences2) and src/Gui/...)	PartDesign: FeatureLinearPattern fix Axis-Y not working (#23637)	App/FeatureLinearPattern.cpp
93db4c7d8a	2025-07-31	wmayer	noise		0	0	open	29		CMake: Replace include_directories with target_include_directories	App/CMakeLists.txt Gui/CMakeLists.txt
b1a37aebbb	2025-07-31	wmayer	refactor		0	0	open	2		CMake: Replace link_directories with target_link_directories	App/CMakeLists.txt
341f352864	2025-09-05	captain0xff	feature	gizmo	0	0	open	98	taken 984e714b32 (file take)	Gui: add theming abilities to interactive gizmos	src/Gui/Inventor/Draggers/Gizmo.cpp src/Gui/Inventor/Draggers/Gizmo.h src/Gui/Inventor/Draggers/GizmoStyleParameters.h src/Gui/Inventor/Draggers/SoLinearDraggerGeometry.cpp
b942275957	2025-08-25	Kacper Donat	?		0	0	open	43		Gui: Make datum planes bigger	Gui/SketchWorkflow.cpp Gui/TaskFeaturePick.cpp
02479a1528	2025-09-09	PaddleStroke	fix		0	0	open	14	deferred (Upstream Symmetric side mode)	PartDesign: FeatureExtrude fix symmetric + custom dir	App/FeatureExtrude.cpp
aef10a1bc8	2025-09-10	PaddleStroke	fix		0	0	open	18	deferred (Needs upstream a346c266e7 (Extrude 2 sides))	PartDesign: Extrude: Fix twoLength/uptoshape broken (#23812)	App/FeatureExtrude.cpp App/FeaturePad.cpp App/FeaturePocket.cpp PartDesignTests/TestPad.py
d5929bcdbf	2025-09-11	PaddleStroke	fix		0	0	open	4	have (PlaneFinder constructed after createBodyOrThrow)	PartDesign: NewSketch: fix crash when no body	Gui/SketchWorkflow.cpp
603e0bc6e5	2025-09-10	captain0xff	feature	gizmo	0	0	open	21	taken 984e714b32 (file take)	Gui: update gizmo state based on new property	src/Gui/Inventor/Draggers/Gizmo.cpp Gui/TaskChamferParameters.cpp
749ac36615	2025-08-26	Markus Reitbock	noise		0	0	open	19		do not use precompiled header for setting global compiler definitions and to disable compiler warnings	App/CMakeLists.txt App/PreCompiled.h Gui/PreCompiled.h
37de4ce264	2025-09-12	PaddleStroke	?		0	0	open	1		PartDesign: remove duplicate scale during sketch creation with attach task	Gui/SketchWorkflow.cpp
6ef07bb358	2025-09-13	Markus Reitbock	noise	gizmo	0	0	open	25	n/a (build system)	Gui: use CMake to generate precompiled headers on all platforms	src/Gui/Inventor/Draggers/Gizmo.cpp src/Gui/Inventor/Draggers/SoLinearDragger.cpp src/Gui/Inventor/Draggers/SoLinearDraggerGeometry.cpp src/Gui/Inventor/Draggers/SoPlanarDragger.cpp src/Gui/Inventor/Draggers/SoRotationDragger.cpp src/Gui/Inventor/Draggers/SoRotationDraggerGeometry.cpp src/Gui/Inventor/Draggers/SoTransformDragger.cpp
2cab5e7b64	2025-09-16	captain0xff	refactor	gizmo	0	0	open	48	adapted 984e714b32 (attach through ViewerContext)	Gui: refactor gizmo attachment code	src/Gui/Inventor/Draggers/Gizmo.cpp src/Gui/Inventor/Draggers/Gizmo.h Gui/TaskChamferParameters.cpp Gui/TaskExtrudeParameters.cpp Gui/TaskFilletParameters.cpp Gui/TaskHelixParameters.cpp Gui/TaskHoleParameters.cpp Gui/TaskRevolutionParameters.cpp Gui/TaskThicknessParameters.cpp
f31bd4a1c0	2025-09-18	jffmichi	fix		0	0	open	6	deferred (Upstream's new sketch-plane highlight flow)	PartDesign: fix crash when creating new sketch	Gui/SketchWorkflow.cpp
5be668b696	2025-09-20	captain0xff	fix	gizmo	0	0	open	9	taken 984e714b32 (file take)	Gui: fix a lifetime issue with the draggers	src/Gui/Inventor/Draggers/Gizmo.cpp src/Gui/Inventor/Draggers/Gizmo.h
7a672a3207	2025-09-22	theo-vt	?		0	0	open	3		PartDesign: Hole: Print error when no axis was found (#23659)	App/FeatureHole.cpp
7faf899b8d	2025-09-05	Alfredo Monclus	fix		0	0	open	1	taken e762e7afb5	PD: fix hole thread depth being reset when changing to through all	App/FeatureHole.cpp
0dc6cbd16f	2025-09-05	Alfredo Monclus	?		0	0	open	32		PD: hole prefer finding closest diameter if pitch is 0	App/FeatureHole.cpp
1b799ad355	2025-09-06	Andre Althaus	fix		0	0	open	37	adapted 9c24f322a6 (placement mode; and Linear's dead test)	PartDesign: Fix mirror Add/remove buttons	Gui/TaskMirroredParameters.cpp
aeddcaec27	2025-09-08	xtemp09	refactor		0	0	open	173		Remove unused file	Gui/FeaturePickDialog.cpp
c3805ecf4a	2025-09-21	Markus Reitbock	noise		0	0	open	10		fix duplicate include guards in precompiled headers	App/PreCompiled.h Gui/PreCompiled.h
c3707cc4a5	2025-09-15	PaddleStroke	feature		0	0	open	7		PartDesign: Enable child reorder	Gui/ViewProviderBody.cpp Gui/ViewProviderBody.h
5b6a0b1852	2025-09-21	Markus Reitbock	noise		0	0	open	459		PartDesign: use CMake to generate precompiled headers on all platforms	App/AppPartDesign.cpp App/AppPartDesignPy.cpp App/Body.cpp App/BodyPyImp.cpp App/CMakeLists.txt App/DatumCS.cpp App/DatumLine.cpp App/DatumPlane.cpp App/DatumPoint.cpp App/Feature.cpp App/FeatureAddSub.cpp App/FeatureBase.cpp App/FeatureBoolean.cpp App/FeatureChamfer.cpp App/FeatureDraft.cpp App/FeatureDressUp.cpp App/FeatureExtrude.cpp App/FeatureFillet.cpp App/FeatureGroove.cpp App/FeatureHelix.cpp App/FeatureHole.cpp App/FeatureLinearPattern.cpp App/FeatureLoft.cpp App/FeatureMirrored.cpp App/FeatureMultiTransform.cpp App/FeaturePad.cpp App/FeaturePipe.cpp App/FeaturePocket.cpp App/FeaturePolarPattern.cpp App/FeaturePrimitive.cpp App/FeaturePyImp.cpp App/FeatureRefine.cpp App/FeatureRevolution.cpp App/FeatureScaled.cpp App/FeatureSketchBased.cpp App/FeatureSolid.cpp App/FeatureThickness.cpp App/FeatureTransformed.cpp App/Measure.cpp App/PreCompiled.cpp App/PreCompiled.h App/ShapeBinder.cpp Gui/AppPartDesignGui.cpp Gui/CMakeLists.txt Gui/Command.cpp Gui/CommandBody.cpp Gui/CommandPrimitive.cpp Gui/DlgActiveBody.cpp Gui/PreCompiled.cpp Gui/PreCompiled.h Gui/ReferenceSelection.cpp Gui/SketchWorkflow.cpp Gui/TaskBooleanParameters.cpp Gui/TaskChamferParameters.cpp Gui/TaskDatumParameters.cpp Gui/TaskDraftParameters.cpp Gui/TaskDressUpParameters.cpp Gui/TaskExtrudeParameters.cpp Gui/TaskFeatureParameters.cpp Gui/TaskFeaturePick.cpp Gui/TaskFilletParameters.cpp Gui/TaskHelixParameters.cpp Gui/TaskHoleParameters.cpp Gui/TaskLoftParameters.cpp Gui/TaskMirroredParameters.cpp Gui/TaskMultiTransformParameters.cpp Gui/TaskPadParameters.cpp Gui/TaskPatternParameters.cpp Gui/TaskPipeParameters.cpp Gui/TaskPocketParameters.cpp Gui/TaskPrimitiveParameters.cpp Gui/TaskRevolutionParameters.cpp Gui/TaskScaledParameters.cpp Gui/TaskShapeBinder.cpp Gui/TaskSketchBasedParameters.cpp Gui/TaskThicknessParameters.cpp Gui/TaskTransformedMessages.cpp Gui/TaskTransformedParameters.cpp Gui/Utils.cpp Gui/ViewProvider.cpp Gui/ViewProviderBase.cpp Gui/ViewProviderBody.cpp Gui/ViewProviderBoolean.cpp Gui/ViewProviderChamfer.cpp Gui/ViewProviderDatum.cpp Gui/ViewProviderDatumCS.cpp Gui/ViewProviderDatumLine.cpp Gui/ViewProviderDatumPlane.cpp Gui/ViewProviderDatumPoint.cpp Gui/ViewProviderDraft.cpp Gui/ViewProviderDressUp.cpp Gui/ViewProviderExtrude.cpp Gui/ViewProviderFillet.cpp Gui/ViewProviderGroove.cpp Gui/ViewProviderHelix.cpp Gui/ViewProviderHole.cpp Gui/ViewProviderLinearPattern.cpp Gui/ViewProviderLoft.cpp Gui/ViewProviderMainPart.cpp Gui/ViewProviderMirrored.cpp Gui/ViewProviderMultiTransform.cpp Gui/ViewProviderPad.cpp Gui/ViewProviderPipe.cpp Gui/ViewProviderPocket.cpp Gui/ViewProviderPolarPattern.cpp Gui/ViewProviderPrimitive.cpp Gui/ViewProviderPyImp.cpp Gui/ViewProviderRevolution.cpp Gui/ViewProviderScaled.cpp Gui/ViewProviderShapeBinder.cpp Gui/ViewProviderSketchBased.cpp Gui/ViewProviderThickness.cpp Gui/ViewProviderTransformed.cpp Gui/Workbench.cpp Gui/WorkflowManager.cpp
c384a52fa5	2025-09-24	PaddleStroke	?		0	0	open	93		Feature Extrude: Make Length mode act as it did before.	App/FeatureExtrude.cpp
a678d8ec7f	2025-09-17	captain0xff	feature	gizmo	0	0	open	33	taken 984e714b32 (file take)	Gui: hide the gizmos in case of any errors	Gui/TaskChamferParameters.cpp Gui/TaskExtrudeParameters.cpp Gui/TaskFilletParameters.cpp Gui/TaskHelixParameters.cpp Gui/TaskHoleParameters.cpp Gui/TaskRevolutionParameters.cpp
a2c5788a98	2025-01-31	wmayer	?		0	0	open	139		PD: SubtractivePipe Fails	App/FeaturePipe.cpp
a539e5e460	2025-02-05	wmayer	fix		0	0	open	10	taken 75897b2114	PD: Fix support of datum lines in draft	App/FeatureDraft.cpp
cf0412b7e2	2025-02-05	wmayer	feature		0	0	open	4		PD: Support of plane in linear pattern feature	App/FeatureLinearPattern.cpp
5a3fafcc55	2025-05-18	wmayer	?		0	0	open	6		PD: Remove unneeded class member 'isApplying' from 'TaskHoleParameters'	Gui/TaskHoleParameters.cpp Gui/TaskHoleParameters.h
4d80f3ec28	2025-02-17	wmayer	feature		0	0	open	82		PD: Improve revolution feature	App/FeatureRevolution.cpp App/FeatureRevolution.h Gui/TaskRevolutionParameters.cpp Gui/TaskRevolutionParameters.ui
df5c75d6b0	2025-02-17	wmayer	feature		0	0	open	320		PD: Improve groove feature	App/FeatureGroove.cpp App/FeatureGroove.h
ab60695ef9	2025-01-27	wmayer	feature		0	0	open	51		PD: Show commands in task panel when selecting (sub) shape binders	Gui/Workbench.cpp
20a4dc3839	2025-01-27	wmayer	?		0	0	open	91		PD: Restore GUI commands for PartDesign datum objects	Gui/Workbench.cpp
b3fd31b108	2025-09-14	Kacper Donat	?		0	0	open	8		Gui: Render profile preview in proper coordinate space	Gui/ViewProviderSketchBased.cpp
406c3ba42c	2025-09-25	marioalexis	fix		0	0	open	28	have (Body.SingleSolid default from Part::PartParams::getSingleSolid() (Body.cpp:60))	PartDesign: Use `AllowCompound` user parameter along the workbench - fixes #23596	App/Body.cpp Gui/Command.cpp Gui/CommandBody.cpp Gui/Utils.cpp
7a266b1d78	2025-09-27	Ladislav Michl	?		0	0	open	8		PartDesign: Microoptimize updateSpacings()	App/FeatureLinearPattern.cpp App/FeaturePolarPattern.cpp
d712537638	2025-09-27	Kacper Donat	fix		0	0	open	13	deferred (Upstream's return-to-previous-feature (38db306a84))	PartDesign: Fix crash on editing feature outside of body	Gui/ViewProvider.cpp
d8d32c1b3a	2025-09-15	captain0xff	feature	gizmo	0	0	open	6	taken 984e714b32 (file take)	Gui: set focus to the corresponding property when a gizmo is released	src/Gui/Inventor/Draggers/Gizmo.cpp
a01cab21cc	2025-09-29	PaddleStroke	?		0	0	open	78		PartDesign: FeatureExtrude: Make single prism if both modes are length and no taper	App/FeatureExtrude.cpp
94750baa6b	2025-09-29	PaddleStroke	?		0	0	open	45		PartDesign: FeatureExtrude: single prism for modes that can	App/FeatureExtrude.cpp
d52260b2f4	2025-09-30	PaddleStroke	?		0	0	open	2		PartDesign: FeatureExtrude: Taper should not be read-only when throughall.	App/FeatureExtrude.cpp
6d238a93e1	2025-09-30	PaddleStroke	?		0	0	open	6		PartDesign: TaskExtrudeParameters : offset should not be visible for throughall	Gui/TaskExtrudeParameters.cpp
5264cb1f9e	2025-09-30	PaddleStroke	fix		0	0	open	29	n/a (Upstream-only merged TaskPatternParameters)	PartDesign: Pattern: Fix occurences not taken into account when pressing enter	Gui/TaskPatternParameters.cpp
fc5e6dcf8b	2025-09-30	Roy-043	fix		0	0	open	2	taken fff8ad80b4	PartDesign: iso10642-fine.json wrong M5 diameter	Resources/Hole/iso10642-fine.json
f34f15dc60	2025-10-01	Chris Hennes	?		0	0	open	4		Part/PD: Send current edit mode to cmdSetEdit	Gui/ViewProvider.cpp Gui/ViewProviderBase.cpp
084003e361	2025-10-09		noise		0	0	open	3		Tests: Add/update SPDX header (#24547)	tests/src/Mod/PartDesign/App/CMakeLists.txt tests/src/Mod/PartDesign/CMakeLists.txt
546a43b8b8	2025-10-13		?		0	0	open	13		Removed outdated UTF8 declaration [ Other ] (#24528)	Scripts/DistanceBolt.py Scripts/Epitrochoid.py Scripts/FilletArc.py Scripts/Parallelepiped.py Scripts/RadialCopy.py Scripts/Spring.py WizardShaft/SegmentFunction.py WizardShaft/Shaft.py WizardShaft/ShaftDiagram.py WizardShaft/ShaftFeature.py WizardShaft/WizardShaft.py WizardShaft/WizardShaftTable.py WizardShaft/__init__.py
b82505e86c	2025-10-13	PaddleStroke	feature		0	0	open	1		PartDesign: Linear pattern, add checkbox for dir2 (#24378)	Gui/TaskPatternParameters.cpp
96b76b4e41	2025-10-13	Kacper Donat	?		0	0	open	2		PartDesign: Ignore errors due to object misconfiguration in previews	Gui/ViewProviderTransformed.cpp
2b90740855	2025-10-13	Kacper Donat	fix		0	0	open	6	deferred (Upstream Boolean preview)	PartDesign: Fix boolean fuse without tools	App/FeatureBoolean.cpp
65d166f356	2025-10-17	Chris	fix		0	0	open	25	n/a (Only with c1c9cb63e0)	PD: Fix uninfomative error message box (#24705)	Gui/TaskFeatureParameters.cpp
bbea8ace72	2025-10-18	ebswift	fix		0	0	open	4	n/a (Fork's accept has no such code)	Fix compilation error in TaskFeatureParameters.cpp	Gui/TaskFeatureParameters.cpp
529c624afc	2025-09-26	captain0xff	refactor	gizmo	0	0	open	248	taken 984e714b32 (file take)	Part: move GizmoHelper.h to src/Mod/Part/App	src/Gui/Inventor/Draggers/GizmoHelper.h Gui/TaskChamferParameters.cpp Gui/TaskDraftParameters.cpp Gui/TaskExtrudeParameters.cpp Gui/TaskFilletParameters.cpp Gui/TaskHelixParameters.cpp Gui/TaskHoleParameters.cpp Gui/TaskThicknessParameters.cpp
d08a7f1c0d	2025-09-26	captain0xff	feature	gizmo	0	0	open	4	taken 984e714b32	Gui: change the group for the gizmo preferences	src/Gui/Inventor/Draggers/Gizmo.cpp
e8aeffc096	2025-10-19	Kacper Donat	fix		0	0	open	5	deferred (Needs upstream's Boolean preview)	PartDesign: Fix misplaced preview for Boolean operation	App/FeatureBoolean.cpp Gui/ViewProviderBoolean.cpp
5ba4feac59	2025-10-20	Syres916	feature		0	0	open	61		[PartDesign] create a new Gui Unit Test for the creation of a sketch ... (#23601)	TestPartDesignGui.py
7f6c39c358	2025-10-12	Florian Foinant-Willig	fix		0	0	open	6	n/a (Fork keeps OriginalSubs)	PartDesign: fix MultiTransform from existant Transform	Gui/Command.cpp
873fa449ce	2025-10-22	Leandro Heck	feature		0	0	open	124		PD: Show custom direction settings on Pad/Pocket only when necessary. (#24642)	Gui/TaskExtrudeParameters.cpp Gui/TaskExtrudeParameters.h Gui/TaskPadPocketParameters.ui
501c6273a3	2025-08-30	Florian Foinant-Willig	?		0	0	open	2		PartDesign: only warn on refine failure	App/FeatureRefine.h
1844fdd443	2025-09-18	wwmayer	?		1	0	open	15		PD: Toggling transparency doesn't reset colors	Gui/ViewProviderBody.cpp
0ff0359524	2025-11-07	PaddleStroke	fix		0	0	open	21	deferred (UpToShape UI / SideType)	PartDesign: Fix 'UpToShape' not saving correctly	Gui/TaskExtrudeParameters.cpp
25c3ba7338	2025-11-11	pre-commit-ci[bot]	noise	gizmo	0	0	open	28060	n/a (reformat)	All: Reformat according to new standard	src/Gui/Inventor/Draggers/Gizmo.cpp src/Gui/Inventor/Draggers/Gizmo.h src/Gui/Inventor/Draggers/GizmoStyleParameters.h src/Gui/Inventor/Draggers/SoLinearDragger.cpp src/Gui/Inventor/Draggers/SoLinearDragger.h src/Gui/Inventor/Draggers/SoLinearDraggerGeometry.cpp src/Gui/Inventor/Draggers/SoLinearDraggerGeometry.h src/Gui/Inventor/Draggers/SoPlanarDragger.cpp src/Gui/Inventor/Draggers/SoPlanarDragger.h src/Gui/Inventor/Draggers/SoRotationDragger.cpp src/Gui/Inventor/Draggers/SoRotationDragger.h src/Gui/Inventor/Draggers/SoRotationDraggerGeometry.cpp src/Gui/Inventor/Draggers/SoRotationDraggerGeometry.h src/Gui/Inventor/Draggers/SoTransformDragger.cpp src/Gui/Inventor/Draggers/SoTransformDragger.h App/AppPartDesignPy.cpp App/Body.cpp App/Body.h App/BodyPyImp.cpp App/CMakeLists.txt App/DatumCS.cpp App/DatumCS.h App/DatumLine.cpp App/DatumLine.h App/DatumPlane.cpp App/DatumPlane.h App/DatumPoint.cpp App/DatumPoint.h App/Feature.cpp App/Feature.h App/FeatureAddSub.cpp App/FeatureAddSub.h App/FeatureBase.cpp App/FeatureBase.h App/FeatureBoolean.cpp App/FeatureBoolean.h App/FeatureChamfer.cpp App/FeatureChamfer.h App/FeatureDraft.cpp App/FeatureDraft.h App/FeatureDressUp.cpp App/FeatureDressUp.h App/FeatureExtrude.cpp App/FeatureExtrude.h App/FeatureFillet.cpp App/FeatureFillet.h App/FeatureGroove.cpp App/FeatureGroove.h App/FeatureHelix.cpp App/FeatureHelix.h App/FeatureHole.cpp App/FeatureHole.h App/FeatureLinearPattern.cpp App/FeatureLinearPattern.h App/FeatureLoft.cpp App/FeatureLoft.h App/FeatureMirrored.cpp App/FeatureMirrored.h App/FeatureMultiTransform.cpp App/FeatureMultiTransform.h App/FeaturePad.cpp App/FeaturePad.h App/FeaturePipe.cpp App/FeaturePipe.h App/FeaturePocket.cpp App/FeaturePocket.h App/FeaturePolarPattern.cpp App/FeaturePolarPattern.h App/FeaturePrimitive.cpp App/FeaturePrimitive.h App/FeaturePyImp.cpp App/FeatureRefine.cpp App/FeatureRefine.h App/FeatureRevolution.cpp App/FeatureRevolution.h App/FeatureScaled.cpp App/FeatureScaled.h App/FeatureSketchBased.cpp App/FeatureSketchBased.h App/FeatureSolid.cpp App/FeatureSolid.h App/FeatureThickness.cpp App/FeatureThickness.h App/FeatureTransformed.cpp App/FeatureTransformed.h App/Measure.cpp App/Measure.h App/PreCompiled.h App/ShapeBinder.cpp App/ShapeBinder.h Gui/Command.cpp Gui/CommandBody.cpp Gui/CommandPrimitive.cpp Gui/DlgActiveBody.cpp Gui/DlgActiveBody.h Gui/EnumFlags.h Gui/PreCompiled.h Gui/ReferenceSelection.cpp Gui/ReferenceSelection.h Gui/SketchWorkflow.cpp Gui/SketchWorkflow.h Gui/StyleParameters.h Gui/TaskBooleanParameters.cpp Gui/TaskBooleanParameters.h Gui/TaskChamferParameters.cpp Gui/TaskChamferParameters.h Gui/TaskDatumParameters.cpp Gui/TaskDatumParameters.h Gui/TaskDraftParameters.cpp Gui/TaskDraftParameters.h Gui/TaskDressUpParameters.cpp Gui/TaskDressUpParameters.h Gui/TaskExtrudeParameters.cpp Gui/TaskExtrudeParameters.h Gui/TaskFeatureParameters.cpp Gui/TaskFeatureParameters.h Gui/TaskFeaturePick.cpp Gui/TaskFeaturePick.h Gui/TaskFilletParameters.cpp Gui/TaskFilletParameters.h Gui/TaskHelixParameters.cpp Gui/TaskHelixParameters.h Gui/TaskHoleParameters.cpp Gui/TaskHoleParameters.h Gui/TaskLoftParameters.cpp Gui/TaskLoftParameters.h Gui/TaskMirroredParameters.cpp Gui/TaskMirroredParameters.h Gui/TaskMultiTransformParameters.cpp Gui/TaskMultiTransformParameters.h Gui/TaskPadParameters.cpp Gui/TaskPadParameters.h Gui/TaskPatternParameters.cpp Gui/TaskPatternParameters.h Gui/TaskPipeParameters.cpp Gui/TaskPipeParameters.h Gui/TaskPocketParameters.cpp Gui/TaskPocketParameters.h Gui/TaskPrimitiveParameters.cpp Gui/TaskPrimitiveParameters.h Gui/TaskRevolutionParameters.cpp Gui/TaskRevolutionParameters.h Gui/TaskScaledParameters.cpp Gui/TaskScaledParameters.h Gui/TaskShapeBinder.cpp Gui/TaskShapeBinder.h Gui/TaskSketchBasedParameters.cpp Gui/TaskSketchBasedParameters.h Gui/TaskThicknessParameters.cpp Gui/TaskThicknessParameters.h Gui/TaskTransformedMessages.cpp Gui/TaskTransformedMessages.h Gui/TaskTransformedParameters.cpp Gui/TaskTransformedParameters.h Gui/Utils.cpp Gui/Utils.h Gui/ViewProvider.cpp Gui/ViewProvider.h Gui/ViewProvider.pyi Gui/ViewProviderBase.cpp Gui/ViewProviderBase.h Gui/ViewProviderBody.cpp Gui/ViewProviderBody.h Gui/ViewProviderBoolean.cpp Gui/ViewProviderBoolean.h Gui/ViewProviderChamfer.cpp Gui/ViewProviderChamfer.h Gui/ViewProviderDatum.cpp Gui/ViewProviderDatum.h Gui/ViewProviderDatumCS.cpp Gui/ViewProviderDatumCS.h Gui/ViewProviderDatumLine.cpp Gui/ViewProviderDatumLine.h Gui/ViewProviderDatumPlane.cpp Gui/ViewProviderDatumPlane.h Gui/ViewProviderDatumPoint.cpp Gui/ViewProviderDatumPoint.h Gui/ViewProviderDraft.cpp Gui/ViewProviderDraft.h Gui/ViewProviderDressUp.cpp Gui/ViewProviderDressUp.h Gui/ViewProviderExtrude.cpp Gui/ViewProviderExtrude.h Gui/ViewProviderFillet.cpp Gui/ViewProviderFillet.h Gui/ViewProviderGroove.cpp Gui/ViewProviderGroove.h Gui/ViewProviderHelix.cpp Gui/ViewProviderHelix.h Gui/ViewProviderHole.cpp Gui/ViewProviderHole.h Gui/ViewProviderLinearPattern.cpp Gui/ViewProviderLinearPattern.h Gui/ViewProviderLoft.cpp Gui/ViewProviderLoft.h Gui/ViewProviderMainPart.cpp Gui/ViewProviderMainPart.h Gui/ViewProviderMirrored.cpp Gui/ViewProviderMirrored.h Gui/ViewProviderMultiTransform.cpp Gui/ViewProviderMultiTransform.h Gui/ViewProviderPad.cpp Gui/ViewProviderPad.h Gui/ViewProviderPipe.cpp Gui/ViewProviderPipe.h Gui/ViewProviderPocket.cpp Gui/ViewProviderPocket.h Gui/ViewProviderPolarPattern.cpp Gui/ViewProviderPolarPattern.h Gui/ViewProviderPrimitive.cpp Gui/ViewProviderPrimitive.h Gui/ViewProviderPyImp.cpp Gui/ViewProviderRevolution.cpp Gui/ViewProviderRevolution.h Gui/ViewProviderScaled.cpp Gui/ViewProviderScaled.h Gui/ViewProviderShapeBinder.cpp Gui/ViewProviderShapeBinder.h Gui/ViewProviderSketchBased.cpp Gui/ViewProviderSketchBased.h Gui/ViewProviderThickness.cpp Gui/ViewProviderThickness.h Gui/ViewProviderTransformed.cpp Gui/ViewProviderTransformed.h Gui/Workbench.cpp Gui/Workbench.h Gui/WorkflowManager.cpp Gui/WorkflowManager.h Init.py InitGui.py InvoluteGearFeature.py PartDesignGlobal.h PartDesignTests/TestActiveObject.py PartDesignTests/TestBoolean.py PartDesignTests/TestChamfer.py PartDesignTests/TestDatum.py PartDesignTests/TestDraft.py PartDesignTests/TestFillet.py PartDesignTests/TestHelix.py PartDesignTests/TestHole.py PartDesignTests/TestInvoluteGear.py PartDesignTests/TestLinearPattern.py PartDesignTests/TestLoft.py PartDesignTests/TestMaterial.py PartDesignTests/TestMirrored.py PartDesignTests/TestMultiTransform.py PartDesignTests/TestPad.py PartDesignTests/TestPipe.py PartDesignTests/TestPocket.py PartDesignTests/TestPolarPattern.py PartDesignTests/TestPrimitive.py PartDesignTests/TestRevolve.py PartDesignTests/TestShapeBinder.py PartDesignTests/TestSketch.py PartDesignTests/TestThickness.py PartDesignTests/TestTopologicalNamingProblem.py Resources/Hole/din7984.json Resources/Hole/iso10642-fine.json Resources/Hole/iso10642.json Resources/Hole/iso12474-fine.json Resources/Hole/iso14583.json Resources/Hole/iso14583part.json Resources/Hole/iso2009.json Resources/Hole/iso4762-fine.json Resources/Hole/iso4762.json Resources/Hole/iso4762_7089.json Resources/Hole/iso7046.json Scripts/DistanceBolt.py Scripts/Epitrochoid.py Scripts/FilletArc.py Scripts/Gear.py Scripts/Parallelepiped.py Scripts/RadialCopy.py Scripts/Spring.py SprocketFeature.py TestPartDesignApp.py TestPartDesignGui.py WizardShaft/SegmentFunction.py WizardShaft/Shaft.py WizardShaft/ShaftDiagram.py WizardShaft/ShaftFeature.py WizardShaft/WizardShaft.py WizardShaft/WizardShaftTable.py WizardShaft/__init__.py __init__.py fcgear/fcgear.py fcgear/involute.py fcgear/svggear.py fcsprocket/__init__.py fcsprocket/fcsprocket.py fcsprocket/fcsprocketdialog.py fcsprocket/sprocket.py partdesign.dox tests/src/Mod/PartDesign/App/BackwardCompatibility.cpp tests/src/Mod/PartDesign/App/ShapeBinder.cpp
748004b4e4	2025-09-25	Frank Martinez	fix		0	0	open	18	declined (Only .pyi signature churn)	[bindings] fix signatures in pyi files	App/Body.pyi App/Feature.pyi Gui/ViewProvider.pyi
0eae00b9a1	2025-09-25	Frank Martinez	?		0	0	open	3		[bindings] Code formatting	App/Body.pyi App/Feature.pyi Gui/ViewProvider.pyi
39d15c011e	2025-09-26	Frank Martinez	?		0	0	open	3		black formatting	App/Body.pyi App/Feature.pyi Gui/ViewProvider.pyi
2ada443c18	2025-10-05	Frank Martinez	refactor		0	0	open	5		Clean unused imports in .pyi files	App/Body.pyi Gui/ViewProvider.pyi
1cf57d6e11	2025-10-07	Frank Martinez	noise		0	0	open	3		[bindings] Format with yapf (precommit will reformat)	App/Body.pyi App/Feature.pyi Gui/ViewProvider.pyi
93e4858b01	2025-10-10	Frank Martinez	?		0	0	open	5		[bindings] remove redundant signatures. batch2	App/Body.pyi Gui/ViewProvider.pyi
3561d25c2d	2025-10-18	Frank Martinez	noise		0	0	open	6		[License] Fix pyi license headers.	App/Body.pyi App/Feature.pyi Gui/ViewProvider.pyi
5e0dd60ee5	2025-11-11	pre-commit-ci[bot]	noise		0	0	open	3		[pre-commit.ci] auto fixes from pre-commit.com hooks	App/Body.pyi App/Feature.pyi Gui/ViewProvider.pyi
45866b5f41	2025-11-18	Roy-043	?		0	0	open	2		PartDesign: Update TaskFeaturePick.cpp text (Title Case mod)	Gui/TaskFeaturePick.cpp
5d387ae014	2025-11-10	captain0xff	fix		0	0	open	62	have (Fork's setGizmoPositions reads Reversed (TaskRevolutionParameters.cpp:120-177))	PartDesign: fix the interactive controls for revolution/groove	Gui/TaskRevolutionParameters.cpp Gui/TaskRevolutionParameters.h
1e30362dd4	2025-11-20	Syres916	fix		0	0	open	9	n/a (No fromLatin1 on names in the fork's panel)	[PartDesign] Fix string encoding for document name and face reference	Gui/TaskSketchBasedParameters.cpp
78bb40c419	2025-11-20	pre-commit-ci[bot]	noise		0	1	have(rev)	1		[pre-commit.ci] auto fixes from pre-commit.com hooks	Gui/TaskSketchBasedParameters.cpp
1555f65075	2025-11-23	Kacper Donat	refactor		0	0	open	55		PartDesign: Simplify FeatureBoolean	App/FeatureBoolean.cpp App/FeatureBoolean.h Gui/Command.cpp
527b2de560	2025-11-23	Kacper Donat	?		0	0	open	2		PartDesign: Bake in geometry transform after boolean	App/FeatureBoolean.cpp
0fc96a1a6f	2025-11-13	chris	refactor		0	0	open	10		part design: reimp feature to move datum objects using modal / dialogue box from right click menu in model tab	Gui/CommandBody.cpp
88543612e4	2025-11-23	Kacper Donat	?		0	0	open	8		PartDesign: Use true tool positions for boolean preview	App/FeatureBoolean.cpp Gui/ViewProviderBoolean.cpp
5382ca4bbb	2025-11-26	Chris	fix		0	0	open	20	declined (Exceptions out of execute already caught)	PartDesign: Use c++ exception to prevent crash (#25671)	App/FeatureFillet.cpp
5ae67ee2f9	2025-11-28	PaddleStroke	?		0	0	open	6		PartDesign: Polar pattern: Accept negative angles (#25621)	App/FeaturePolarPattern.cpp
a371231aea	2025-12-01	Captain	fix	gizmo	0	0	open	45	adapted 4394ef2827	PartDesign: fix symmetric mode of draggers in revolution/groove (#25656)	Gui/TaskRevolutionParameters.cpp Gui/TaskRevolutionParameters.h
67948d60a2	2025-12-08	Chris Hennes	noise		0	0	open	19		PD: Add deprecation warning if Midplane is set	App/FeatureExtrude.cpp App/FeatureExtrude.h
c10f5d74d3	2025-12-06	Kacper Donat	?		0	0	open	8		PartDesign: Recompute preview after forced recompute	Gui/TaskFeatureParameters.cpp
f92c8e126c	2025-12-05	Alfredo Monclus	noise		0	0	open	22		PardDesign: fix hole task thread combos not translating	Gui/TaskHoleParameters.cpp
5ba7f207ab	2025-12-08	Chris Hennes	fix		0	0	open	2	taken c872a2d457	PD: Correct is-datum-in-body check	Gui/SketchWorkflow.cpp
3208b6de5f	2025-12-10	Chris Hennes	?		0	0	open	12		PD: Don't warn about Midplane on document load	App/FeatureExtrude.cpp
b7735044c4	2025-12-16	Saksham Malhotra	refactor		0	0	open	8		PartDesign: move AllowCompound to Base property group  (#26180)	App/Body.cpp
0ba75a7573	2025-12-16	Chris Hennes	noise		0	0	open	1		PartDesign: Compiler warning cleanup	Gui/TaskRevolutionParameters.cpp
4d712f44c2	2025-12-22	Kacper Donat	?		0	0	open	30		PartDesign: Chamfer - migrate Size and Size2 for older files (#26137)	App/FeatureChamfer.cpp App/FeatureChamfer.h
76bd68e672	2025-12-21	Chris Hennes	fix		0	0	open	9	adapted bb780f7d4d (first hunk; the others change nothing here)	PD: Fix missing silent mode check in GetTopoShapeVerifiedFace	App/FeatureSketchBased.cpp
6729540a78	2025-12-19	Alfredo Monclus	fix		0	0	open	4	deferred (only with cosmetic threads, 7a5dea9033)	PartDesign: fix thread depth not shown in taskpanel	Gui/TaskHoleParameters.cpp
d9e0fd6251	2025-12-19	Alfredo Monclus	fix		0	0	open	3	deferred (Upstream's reworked Hole panel (holeTypeChanged))	PartDesign: fix hole clearance not appearing in the taskpanel when switching type	Gui/TaskHoleParameters.cpp
452f9b2087	2025-12-22	Chris	feature		0	0	open	10		Part Design: Add sketch sub element names for refs in revolutions (#26227)	Gui/ReferenceSelection.cpp
46066e1cca	2025-12-15	chris	fix		0	0	open	4	declined (Workaround recomputing on panel open)	partdesign: pd: fix for issue #25794	Gui/TaskExtrudeParameters.cpp
8c399e1fd0	2025-12-14	Kacper Donat	feature		0	0	open	64		PartDesign: Revolution - add FuseOrder	App/FeatureRevolution.cpp App/FeatureRevolution.h PartDesignTests/TestTopologicalNamingProblem.py
ca9d9a7a3d	2025-12-23	PhoneDroid	noise	gizmo	0	0	open	16	n/a (SPDX)	[ Inventor ]: Update SPDX License Identifiers	src/Gui/Inventor/Draggers/SoLinearDragger.cpp src/Gui/Inventor/Draggers/SoLinearDragger.h src/Gui/Inventor/Draggers/SoPlanarDragger.cpp src/Gui/Inventor/Draggers/SoPlanarDragger.h src/Gui/Inventor/Draggers/SoRotationDragger.cpp src/Gui/Inventor/Draggers/SoRotationDragger.h src/Gui/Inventor/Draggers/SoTransformDragger.cpp src/Gui/Inventor/Draggers/SoTransformDragger.h
5cc05a1ab2	2025-12-22	captain0xff	fix	gizmo	0	0	open	4	taken 984e714b32 (file take)	Gui: fix linear dragger increments when the multFactor is set	src/Gui/Inventor/Draggers/Gizmo.cpp
4892154faf	2025-12-26	horseDeveloper	fix		0	0	open	4	n/a (URL churn)	Fixing Leftover references from migration from freecadweb.org (#26163)	App/FeatureGroove.cpp App/FeatureRevolution.cpp
a4bff812d7	2025-12-25	Chris Hennes	refactor		0	0	open	40		PD: Modify tests to use SideType instead of Midplane	PartDesignTests/TestLoft.py PartDesignTests/TestTopologicalNamingProblem.py TestPartDesignGui.py
51d2c88b02	2025-12-24	Chris Hennes	?		0	0	open	18		PD: For Body get the color from the tip	Gui/ViewProviderBody.cpp Gui/ViewProviderBody.h
20e45231c5	2025-12-29	PaddleStroke	fix		0	0	open	4	have (Fork writes UpToFace = facename)	PartDesign: Fix upToFace not working with non-ASCII filenames (#26514)	Gui/TaskExtrudeParameters.cpp
24b9cdb4f9	2025-12-25	Alfredo Monclus	fix		0	0	open	19	n/a (The fork classifies MultiTransform children by inList (Body.cpp:186-196) and...)	PartDesign: fix transform removal causing an invalid base feature on the next solid if it was broken itself	App/Body.cpp
8b9048a784	2025-12-25	Chris Hennes	feature		0	0	open	5		PD: Add case for when scripts set Midplane=False	App/FeatureExtrude.cpp
d944df04e1	2026-01-01	Krrish777	fix		0	0	open	4	declined (processEvents inside a slot about to recompute)	Fix: Update PartDesign Boolean dropdown immediately before recomputation	Gui/TaskBooleanParameters.cpp
f819011d81	2025-12-31	Kacper Donat	fix		0	0	open	15	n/a (Upstream's per-transform preview)	PartDesign: Fix misplaced preview for patterns	Gui/ViewProviderTransformed.cpp
8bfbeac40f	2026-01-07	PaddleStroke	feature		0	0	open	4		PartDesign: Enable drag and drop of shapeBinders (#25264)	Gui/ViewProviderBody.cpp
123a142292	2025-12-31	Krrish777	feature		0	0	open	10		Improve error message for empty transformed features	App/FeatureTransformed.cpp
69058376e6	2026-01-07	tritao	?		0	0	open	18		Base: Remove Boost-based signals and switch to `FastSignals`.	App/Body.h App/ShapeBinder.h Gui/TaskHoleParameters.h Gui/TaskTransformedMessages.h Gui/ViewProviderTransformed.h Gui/WorkflowManager.h
0baf444c3e	2026-01-07	tetektoza	?		0	0	open	2		Revert "PartDesign: Bake in geometry transform after boolean"	App/FeatureBoolean.cpp
b0331ed979	2026-01-08	Max Wilfinger	?		0	0	open	24		PD: Handle reference edge in PolarPattern::getTransformations (#26722)	App/FeaturePolarPattern.cpp
5fbd150b18	2026-01-08	Max Wilfinger	fix		0	0	open	47	adapted 41b02fd269 (also the single-solid branch; no fixSolids)	Part: Fix orientation of internal shells of a solid (#26717)	App/Feature.cpp App/Feature.h
c1b40e3dfc	2026-01-10	Louis Gombert	?		0	0	open	4		PartDesign: remove preview update on property changed (#26803)	App/FeatureBoolean.cpp
800990bacd	2026-01-10	Kacper Donat	feature		0	0	open	9		Part: Introduce PreviewUpdateScheduler	Gui/ViewProvider.cpp
4fae2b83f8	2026-01-06	Kacper Donat	?		0	0	open	43		PartDesign: Apply pattern transform in Feature not VP	App/FeatureTransformed.cpp Gui/ViewProviderTransformed.cpp
47bd6ac99e	2026-01-12	Kacper Donat	feature		0	0	open	2		PartDesign: Recompute preview only if enabled (#26805)	Gui/ViewProvider.cpp
168cebd41f	2026-01-13	PaddleStroke	fix		0	0	open	34	deferred (Needs upstream a346c266e7)	PartDesign: Extrude: Fix upToShape document not recomputing correctly (#26696)	App/FeatureExtrude.cpp App/FeatureExtrude.h
bb48de8265	2026-01-13	tetektoza	fix		0	0	open	1	superseded (Fork's TaperInnerAngle/AutoTaperInnerAngle design replaces it)	Part: Fix Part_Extrude taper angle regression for internal faces (#26781)	App/FeatureExtrude.cpp
443b71d96e	2026-01-19	PaddleStroke	refactor		0	0	open	5		PartDesign: enable LCS in 'Move after feature'	Gui/CommandBody.cpp
17ac7dab3d	2026-01-18	PaddleStroke	feature		0	0	open	4		PartDesign: allow makeShellFromUpToFace to update extrusion direction	App/FeatureExtrude.cpp App/FeatureExtrude.h
62cbaf7336	2026-01-22	paddle	fix		0	0	open	6	deferred (getActivePart (Utils.cpp:301) and CommandBody.cpp:67/72 need an ASSEMBLYKEY f...)	Assembly: Fix "deactivated by activating a App::Part, assembly stay in edit" Fix "Activating a body in a part in an assembly deactivates the assembly and activate the part" Fix "A manually deactivated assembly is still restoring later"	Gui/Utils.cpp
6aee8b81c9	2026-01-25	Captain	feature	gizmo	0	0	open	164	adapted a56e0777da	PartDesign: Added interactive gizmo for draft operation (#27111)	src/Gui/Inventor/Draggers/Gizmo.cpp src/Gui/Inventor/Draggers/Gizmo.h src/Gui/Inventor/Draggers/SoRotationDragger.cpp App/FeatureDraft.cpp App/FeatureDraft.h Gui/TaskDraftParameters.cpp Gui/TaskDraftParameters.h
70b9305f2e	2026-01-23	Alfredo Monclus	refactor		0	0	open	18		PD: hole use a compound instead of a fuse for threads	App/FeatureHole.cpp
603fc4b341	2026-01-28	Alfredo Monclus	?		0	0	open	14		PD: hole speficify the tolerance in the boolean op	App/FeatureHole.cpp
928e5e0fbb	2026-01-28	Alfredo Monclus	?		0	0	open	48		PD: preview substractive feature check for removed volume	App/FeatureAddSub.cpp
2c25b65b92	2025-11-23	Leandro Heck	noise		0	0	open	6		Fix warning of widgets with the same name.	Gui/TaskPadPocketParameters.ui
8af563804c	2026-02-07		?		0	0	open	529		SPDX [ 49 ][ Src / Mod / PartDesign ] (#26715)	App/AppPartDesign.cpp App/AppPartDesignPy.cpp App/Body.cpp App/Body.h App/BodyPyImp.cpp App/CMakeLists.txt App/DatumCS.cpp App/DatumCS.h App/DatumLine.cpp App/DatumLine.h App/DatumPlane.cpp App/DatumPlane.h App/DatumPoint.cpp App/DatumPoint.h App/Feature.cpp App/Feature.h App/FeatureAddSub.cpp App/FeatureAddSub.h App/FeatureBase.cpp App/FeatureBase.h App/FeatureBoolean.cpp App/FeatureBoolean.h App/FeatureChamfer.cpp App/FeatureChamfer.h App/FeatureDraft.cpp App/FeatureDraft.h App/FeatureDressUp.cpp App/FeatureDressUp.h App/FeatureExtrude.cpp App/FeatureExtrude.h App/FeatureFillet.cpp App/FeatureFillet.h App/FeatureGroove.cpp App/FeatureGroove.h App/FeatureHelix.cpp App/FeatureHelix.h App/FeatureHole.cpp App/FeatureHole.h App/FeatureLinearPattern.cpp App/FeatureLinearPattern.h App/FeatureLoft.cpp App/FeatureLoft.h App/FeatureMirrored.cpp App/FeatureMirrored.h App/FeatureMultiTransform.cpp App/FeatureMultiTransform.h App/FeaturePad.cpp App/FeaturePad.h App/FeaturePipe.cpp App/FeaturePipe.h App/FeaturePocket.cpp App/FeaturePocket.h App/FeaturePolarPattern.cpp App/FeaturePolarPattern.h App/FeaturePrimitive.cpp App/FeaturePrimitive.h App/FeaturePyImp.cpp App/FeatureRevolution.cpp App/FeatureRevolution.h App/FeatureScaled.cpp App/FeatureScaled.h App/FeatureSketchBased.cpp App/FeatureSketchBased.h App/FeatureSolid.cpp App/FeatureSolid.h App/FeatureThickness.cpp App/FeatureThickness.h App/FeatureTransformed.cpp App/FeatureTransformed.h App/Measure.cpp App/Measure.h App/PreCompiled.h App/ShapeBinder.cpp App/ShapeBinder.h CMakeLists.txt Gui/AppPartDesignGui.cpp Gui/CMakeLists.txt Gui/Command.cpp Gui/CommandBody.cpp Gui/CommandPrimitive.cpp Gui/DlgActiveBody.cpp Gui/DlgActiveBody.h Gui/EnumFlags.h Gui/PreCompiled.h Gui/ReferenceSelection.cpp Gui/ReferenceSelection.h Gui/Resources/UpdateResources.bat Gui/SketchWorkflow.cpp Gui/SketchWorkflow.h Gui/TaskBooleanParameters.cpp Gui/TaskBooleanParameters.h Gui/TaskChamferParameters.cpp Gui/TaskChamferParameters.h Gui/TaskDatumParameters.cpp Gui/TaskDatumParameters.h Gui/TaskDraftParameters.cpp Gui/TaskDraftParameters.h Gui/TaskDressUpParameters.cpp Gui/TaskDressUpParameters.h Gui/TaskExtrudeParameters.cpp Gui/TaskExtrudeParameters.h Gui/TaskFeatureParameters.cpp Gui/TaskFeatureParameters.h Gui/TaskFeaturePick.cpp Gui/TaskFeaturePick.h Gui/TaskFilletParameters.cpp Gui/TaskFilletParameters.h Gui/TaskHelixParameters.cpp Gui/TaskHelixParameters.h Gui/TaskHoleParameters.cpp Gui/TaskHoleParameters.h Gui/TaskLoftParameters.cpp Gui/TaskLoftParameters.h Gui/TaskMirroredParameters.cpp Gui/TaskMirroredParameters.h Gui/TaskMultiTransformParameters.cpp Gui/TaskMultiTransformParameters.h Gui/TaskPadParameters.cpp Gui/TaskPadParameters.h Gui/TaskPatternParameters.cpp Gui/TaskPatternParameters.h Gui/TaskPipeParameters.cpp Gui/TaskPipeParameters.h Gui/TaskPocketParameters.cpp Gui/TaskPocketParameters.h Gui/TaskPrimitiveParameters.cpp Gui/TaskPrimitiveParameters.h Gui/TaskRevolutionParameters.cpp Gui/TaskRevolutionParameters.h Gui/TaskScaledParameters.cpp Gui/TaskScaledParameters.h Gui/TaskShapeBinder.cpp Gui/TaskShapeBinder.h Gui/TaskSketchBasedParameters.cpp Gui/TaskSketchBasedParameters.h Gui/TaskThicknessParameters.cpp Gui/TaskThicknessParameters.h Gui/TaskTransformedMessages.cpp Gui/TaskTransformedMessages.h Gui/TaskTransformedParameters.cpp Gui/TaskTransformedParameters.h Gui/Utils.cpp Gui/Utils.h Gui/ViewProvider.cpp Gui/ViewProvider.h Gui/ViewProviderBase.cpp Gui/ViewProviderBase.h Gui/ViewProviderBody.cpp Gui/ViewProviderBody.h Gui/ViewProviderBoolean.cpp Gui/ViewProviderBoolean.h Gui/ViewProviderChamfer.cpp Gui/ViewProviderChamfer.h Gui/ViewProviderDatum.cpp Gui/ViewProviderDatum.h Gui/ViewProviderDatumCS.cpp Gui/ViewProviderDatumCS.h Gui/ViewProviderDatumLine.cpp Gui/ViewProviderDatumLine.h Gui/ViewProviderDatumPlane.cpp Gui/ViewProviderDatumPlane.h Gui/ViewProviderDatumPoint.cpp Gui/ViewProviderDatumPoint.h Gui/ViewProviderDraft.cpp Gui/ViewProviderDraft.h Gui/ViewProviderDressUp.cpp Gui/ViewProviderDressUp.h Gui/ViewProviderExtrude.cpp Gui/ViewProviderExtrude.h Gui/ViewProviderFillet.cpp Gui/ViewProviderFillet.h Gui/ViewProviderGroove.cpp Gui/ViewProviderGroove.h Gui/ViewProviderHelix.cpp Gui/ViewProviderHelix.h Gui/ViewProviderHole.cpp Gui/ViewProviderHole.h Gui/ViewProviderLinearPattern.cpp Gui/ViewProviderLinearPattern.h Gui/ViewProviderLoft.cpp Gui/ViewProviderLoft.h Gui/ViewProviderMainPart.cpp Gui/ViewProviderMainPart.h Gui/ViewProviderMirrored.cpp Gui/ViewProviderMirrored.h Gui/ViewProviderMultiTransform.cpp Gui/ViewProviderMultiTransform.h Gui/ViewProviderPad.cpp Gui/ViewProviderPad.h Gui/ViewProviderPipe.cpp Gui/ViewProviderPipe.h Gui/ViewProviderPocket.cpp Gui/ViewProviderPocket.h Gui/ViewProviderPolarPattern.cpp Gui/ViewProviderPolarPattern.h Gui/ViewProviderPrimitive.cpp Gui/ViewProviderPrimitive.h Gui/ViewProviderPyImp.cpp Gui/ViewProviderRevolution.cpp Gui/ViewProviderRevolution.h Gui/ViewProviderScaled.cpp Gui/ViewProviderScaled.h Gui/ViewProviderShapeBinder.cpp Gui/ViewProviderShapeBinder.h Gui/ViewProviderSketchBased.cpp Gui/ViewProviderSketchBased.h Gui/ViewProviderThickness.cpp Gui/ViewProviderThickness.h Gui/ViewProviderTransformed.cpp Gui/ViewProviderTransformed.h Gui/Workbench.cpp Gui/Workbench.h Gui/WorkflowManager.cpp Gui/WorkflowManager.h Init.py InitGui.py InvoluteGearFeature.py PartDesignGlobal.h PartDesignTests/TestActiveObject.py PartDesignTests/TestBoolean.py PartDesignTests/TestChamfer.py PartDesignTests/TestDatum.py PartDesignTests/TestDraft.py PartDesignTests/TestFillet.py PartDesignTests/TestHelix.py PartDesignTests/TestHole.py PartDesignTests/TestInvoluteGear.py PartDesignTests/TestLinearPattern.py PartDesignTests/TestLoft.py PartDesignTests/TestMaterial.py PartDesignTests/TestMirrored.py PartDesignTests/TestMultiTransform.py PartDesignTests/TestPad.py PartDesignTests/TestPipe.py PartDesignTests/TestPocket.py PartDesignTests/TestPolarPattern.py PartDesignTests/TestPrimitive.py PartDesignTests/TestRevolve.py PartDesignTests/TestShapeBinder.py PartDesignTests/TestSketch.py PartDesignTests/TestThickness.py PartDesignTests/__init__.py Scripts/DistanceBolt.py Scripts/Epitrochoid.py Scripts/FilletArc.py Scripts/Gear.py Scripts/Parallelepiped.py Scripts/RadialCopy.py Scripts/Spring.py Scripts/__init__.py SprocketFeature.py TestPartDesignApp.py TestPartDesignGui.py WizardShaft/SegmentFunction.py WizardShaft/Shaft.py WizardShaft/ShaftDiagram.py WizardShaft/ShaftFeature.py WizardShaft/WizardShaft.py WizardShaft/WizardShaftTable.py WizardShaft/__init__.py __init__.py fcgear/__init__.py fcgear/fcgear.py fcgear/involute.py fcgear/svggear.py fcsprocket/__init__.py fcsprocket/fcsprocket.py fcsprocket/fcsprocketdialog.py fcsprocket/sprocket.py
3237a21580	2026-02-09	Captain	feature	gizmo	0	0	open	96	adapted 4394ef2827	PartDesign: add interactive gizmos for box, cylinder and sphere operations (#23700)	Gui/TaskPrimitiveParameters.cpp Gui/TaskPrimitiveParameters.h
9e042ff480	2026-02-09	Chris Hennes	feature		0	0	open	22		PD: Improve error handling for RevolMethod::ToFirst	App/FeatureGroove.cpp App/FeatureRevolution.cpp Gui/TaskRevolutionParameters.cpp
f991407900	2026-02-15	Chris Hennes	?		0	0	open	1		PD: Return inversion status by reference (#27435)	App/FeatureExtrude.cpp
ca9e1ecdf3	2026-02-22		noise	gizmo	0	0	open	632	n/a (pragma once)	All: Header Guards  Pragma Once (#27154)	src/Gui/Inventor/Draggers/Gizmo.h src/Gui/Inventor/Draggers/GizmoStyleParameters.h src/Gui/Inventor/Draggers/SoLinearDragger.h src/Gui/Inventor/Draggers/SoLinearDraggerGeometry.h src/Gui/Inventor/Draggers/SoPlanarDragger.h src/Gui/Inventor/Draggers/SoRotationDragger.h src/Gui/Inventor/Draggers/SoRotationDraggerGeometry.h src/Gui/Inventor/Draggers/SoTransformDragger.h App/Body.h App/DatumCS.h App/DatumLine.h App/DatumPlane.h App/DatumPoint.h App/Feature.h App/FeatureAddSub.h App/FeatureBase.h App/FeatureBoolean.h App/FeatureChamfer.h App/FeatureDraft.h App/FeatureDressUp.h App/FeatureExtrude.h App/FeatureFillet.h App/FeatureGroove.h App/FeatureHelix.h App/FeatureHole.h App/FeatureLinearPattern.h App/FeatureLoft.h App/FeatureMirrored.h App/FeatureMultiTransform.h App/FeaturePad.h App/FeaturePipe.h App/FeaturePocket.h App/FeaturePolarPattern.h App/FeaturePrimitive.h App/FeatureRefine.h App/FeatureRevolution.h App/FeatureScaled.h App/FeatureSketchBased.h App/FeatureSolid.h App/FeatureThickness.h App/FeatureTransformed.h App/Measure.h App/PreCompiled.h App/ShapeBinder.h Gui/DlgActiveBody.h Gui/EnumFlags.h Gui/PreCompiled.h Gui/ReferenceSelection.h Gui/SketchWorkflow.h Gui/StyleParameters.h Gui/TaskBooleanParameters.h Gui/TaskChamferParameters.h Gui/TaskDatumParameters.h Gui/TaskDraftParameters.h Gui/TaskDressUpParameters.h Gui/TaskExtrudeParameters.h Gui/TaskFeatureParameters.h Gui/TaskFeaturePick.h Gui/TaskFilletParameters.h Gui/TaskHelixParameters.h Gui/TaskHoleParameters.h Gui/TaskLoftParameters.h Gui/TaskMirroredParameters.h Gui/TaskMultiTransformParameters.h Gui/TaskPadParameters.h Gui/TaskPatternParameters.h Gui/TaskPipeParameters.h Gui/TaskPocketParameters.h Gui/TaskPrimitiveParameters.h Gui/TaskRevolutionParameters.h Gui/TaskScaledParameters.h Gui/TaskShapeBinder.h Gui/TaskSketchBasedParameters.h Gui/TaskThicknessParameters.h Gui/TaskTransformedMessages.h Gui/TaskTransformedParameters.h Gui/Utils.h Gui/ViewProvider.h Gui/ViewProviderBase.h Gui/ViewProviderBody.h Gui/ViewProviderBoolean.h Gui/ViewProviderChamfer.h Gui/ViewProviderDatum.h Gui/ViewProviderDatumCS.h Gui/ViewProviderDatumLine.h Gui/ViewProviderDatumPlane.h Gui/ViewProviderDatumPoint.h Gui/ViewProviderDraft.h Gui/ViewProviderDressUp.h Gui/ViewProviderExtrude.h Gui/ViewProviderFillet.h Gui/ViewProviderGroove.h Gui/ViewProviderHelix.h Gui/ViewProviderHole.h Gui/ViewProviderLinearPattern.h Gui/ViewProviderLoft.h Gui/ViewProviderMainPart.h Gui/ViewProviderMirrored.h Gui/ViewProviderMultiTransform.h Gui/ViewProviderPad.h Gui/ViewProviderPipe.h Gui/ViewProviderPocket.h Gui/ViewProviderPolarPattern.h Gui/ViewProviderPrimitive.h Gui/ViewProviderRevolution.h Gui/ViewProviderScaled.h Gui/ViewProviderShapeBinder.h Gui/ViewProviderSketchBased.h Gui/ViewProviderThickness.h Gui/ViewProviderTransformed.h Gui/Workbench.h Gui/WorkflowManager.h PartDesignGlobal.h
f238a5f4e5	2026-02-21	captain0xff	fix	gizmo	0	1	have(rev)	13	have	CAM: fix the transform tool	src/Gui/Inventor/Draggers/SoTransformDragger.cpp
194ec0820c	2026-02-23	PaddleStroke	?		0	0	open	17		PartDesign: UpToFace to plane in LCS (#27637)	Gui/TaskSketchBasedParameters.cpp
6d9201c828	2026-02-24	Ladislav Michl	fix		0	0	open	4	n/a (Upstream Qt5 build fix)	PD: Avoid QString to std::string back and forth conversion	Gui/TaskSketchBasedParameters.cpp
1ed0e153dc	2026-02-28	Ladislav Michl	refactor		0	0	open	9		PD: Remove unused parameter from getTopoShapeVerifiedFace	App/FeatureSketchBased.cpp App/FeatureSketchBased.h
1e982cae1f	2026-02-28	Ladislav Michl	refactor		0	0	open	11		PD: Remove unused remapSupportShape	App/FeatureSketchBased.cpp App/FeatureSketchBased.h
bbd1266398	2026-03-04	PaddleStroke	fix		0	0	open	23	n/a (Fork applies draw style during traversal via selectionRoot->overrideMode)	PartDesign: Fix wireframe not working on external link to body	Gui/ViewProviderBody.cpp
d214306d1b	2026-03-03	Bojan	fix		0	0	open	7	adapted 26a41e2c02 (no SignalException)	PartDesign/Part: prevent chamfer crash on OCC kernel failure	App/FeatureChamfer.cpp
f4665aa7b5	2026-02-01	theo-vt	feature		0	0	open	323		Core: support multiple active transactions	Gui/Command.cpp Gui/CommandBody.cpp Gui/CommandPrimitive.cpp Gui/DlgActiveBody.cpp Gui/SketchWorkflow.cpp Gui/TaskBooleanParameters.cpp Gui/TaskBooleanParameters.h Gui/TaskDressUpParameters.cpp Gui/TaskDressUpParameters.h Gui/TaskFeatureParameters.cpp Gui/TaskFeatureParameters.h Gui/TaskFeaturePick.cpp Gui/TaskFeaturePick.h Gui/TaskMultiTransformParameters.cpp Gui/TaskPipeParameters.cpp Gui/TaskPrimitiveParameters.cpp Gui/TaskShapeBinder.cpp Gui/TaskShapeBinder.h Gui/TaskTransformedParameters.cpp Gui/TaskTransformedParameters.h Gui/ViewProvider.cpp Gui/ViewProviderBase.cpp Gui/ViewProviderBoolean.cpp Gui/ViewProviderDatum.cpp Gui/ViewProviderPrimitive.cpp Gui/ViewProviderShapeBinder.cpp
4ba5504e7a	2026-02-18	theo-vt	fix		0	0	open	40	n/a (Upstream merge artifact)	Remove dupplicate clone code causing crash	Gui/Command.cpp
5c6bf5461d	2026-02-25	theo-vt	?		0	0	open	79		Remove most activate-deactivate	Gui/TaskBooleanParameters.cpp Gui/TaskBooleanParameters.h Gui/TaskDressUpParameters.cpp Gui/TaskDressUpParameters.h Gui/TaskFeatureParameters.cpp Gui/TaskFeatureParameters.h Gui/TaskFeaturePick.cpp Gui/TaskFeaturePick.h Gui/TaskShapeBinder.cpp Gui/TaskShapeBinder.h Gui/TaskTransformedParameters.cpp Gui/TaskTransformedParameters.h
51ac15b375	2026-03-10	theo-vt	feature		0	0	open	5		Allow one clipping plane dock widget per document	Gui/ViewProvider.cpp
c8efc26982	2026-03-16	Alfredo Monclus	fix		0	0	open	13	taken 0cba4f982a	PartDesign: fix the range of the custom clearance of threads (#26296)	App/FeatureHole.cpp Gui/TaskHoleParameters.cpp
180c39709a	2026-03-16	Alfredo Monclus	?		0	0	open	1292		PartDesign: thread texture (#22573)	App/FeatureHole.cpp App/FeatureHole.h Gui/Resources/PartDesign.qrc Gui/Resources/images/ThreadOverlay.png Gui/Resources/images/ThreadOverlay.svg Gui/TaskHoleParameters.cpp Gui/TaskHoleParameters.h Gui/TaskHoleParameters.ui Gui/ViewProvider.h Gui/ViewProviderBody.cpp Gui/ViewProviderBody.h Gui/ViewProviderHole.cpp Gui/ViewProviderHole.h
49d7d77274	2026-03-16	Chris Hennes	feature		0	0	open	14		PD: Add migration to handle reversed TwoLengths prism	App/FeatureExtrude.cpp
80dc19d0c0	2026-03-20	Alfredo Monclus	fix		0	0	open	12	deferred (Upstream thread texture (180c39709a))	Merge pull request #28461 from alfrix/fix_no_sketch	Gui/ViewProviderHole.cpp
5ea732ef3c	2026-03-20	theo-vt	fix		0	0	open	1	have (Fork's accept never aborted the transaction)	Merge pull request #28462 from theo-vt/fix_filet_regression	Gui/TaskFeatureParameters.cpp
7f23eb95fa	2026-03-20	marioalexis	?		1	0	open	1		Gui: Declare App::DocumentObject* as Qt meta type	Gui/DlgActiveBody.cpp
089d344343	2026-03-22	Leandro Heck	feature		0	0	open	46		PD: Show the tip when unhiding a body with no visible features (#24887)	Gui/ViewProviderBody.cpp Gui/ViewProviderBody.h
df62e41ee5	2026-03-24	Parag Debnath	?		0	0	open	27		Merge pull request #28369 from paragforwork/arrow-focus-chamfer	Gui/TaskDressUpParameters.cpp Gui/TaskDressUpParameters.h
f7c03bb929	2026-03-27	Gaurang-2005	feature		0	0	open	38		PartDesign: Enable multi-selection in Additive/Subtractive Pipe edges list (#27962)	Gui/TaskPipeParameters.cpp
bdea174d13	2026-03-27	Chris Hennes	?		0	0	open	49		PD: When swapping length values, also swap expressions	App/FeatureExtrude.cpp tests/src/Mod/PartDesign/App/BackwardCompatibility.cpp tests/src/Mod/PartDesign/App/CMakeLists.txt tests/src/Mod/PartDesign/App/TestModels/TwoLengthsPadWithExpression.FCStd
d619da8011	2026-03-29	Chris Hennes	?		0	0	open	12		Part/PD: Error handling for failed preview generation	App/FeatureBoolean.cpp
27eff43148	2026-02-01	Ladislav Michl	?		0	0	open	56		PD: Drop {Groove,Revolution}::methodFromString	App/FeatureGroove.cpp App/FeatureGroove.h App/FeatureRevolution.cpp App/FeatureRevolution.h
0e6494c35f	2025-02-17	wmayer	refactor		0	0	open	1553		PD: Move common code of Revolution and Groove to base class	App/AppPartDesign.cpp App/CMakeLists.txt App/FeatureGroove.cpp App/FeatureGroove.h App/FeatureRevolution.cpp App/FeatureRevolution.h App/FeatureRevolved.cpp App/FeatureRevolved.h
f8701f3b5c	2025-02-17	wmayer	refactor		0	0	open	367		PD: Clean-up revolution & groove code	App/FeatureRevolved.cpp App/FeatureRevolved.h Gui/TaskRevolutionParameters.cpp
80664a0d30	2026-02-15	wwmayer	feature		0	0	open	95		PD: Improve revolution / groove feature	App/FeatureRevolved.cpp App/FeatureRevolved.h App/FeatureSketchBased.cpp App/FeatureSketchBased.h Gui/TaskRevolutionParameters.cpp
ceffe367dc	2026-03-24	Ladislav Michl	?		0	0	open	3		PD: Limit RevolMethod::ToLast operation to Revolution	App/FeatureRevolved.cpp
e4b2aa2d9c	2026-03-30	pre-commit-ci[bot]	noise		0	0	open	87		[pre-commit.ci] auto fixes from pre-commit.com hooks	App/FeatureDraft.cpp App/FeatureLinearPattern.cpp App/FeatureSketchBased.cpp Gui/CommandBody.cpp Gui/TaskMultiTransformParameters.cpp Gui/TaskPipeParameters.cpp PartDesignTests/TestHelix.py Scripts/FilletArc.py Scripts/RadialCopy.py WizardShaft/SegmentFunction.py WizardShaft/ShaftDiagram.py WizardShaft/WizardShaftTable.py
d9e85d198a	2026-03-30	Bojan	fix		0	0	open	3	n/a (Fork's pipe panels have no buttonRefRemove)	PartDesign: Fix Remove edge button not working in Pipe task panels	Gui/TaskPipeParameters.cpp
3758c20779	2026-03-16	Slendi	feature	gizmo	0	0	open	108	taken 984e714b32 (file take, prefs spliced)	Part/Gui: Add configurable gizmo coarse snap and fine modifier	src/Gui/Inventor/Draggers/Gizmo.cpp
5b50f228c7	2026-03-05	chris jones @ipatch	fix		0	0	open	2	declined (UX preference (modal input error box -> report view))	pd: part design: fixes #28015 mv popup box to report view error with notification	Gui/TaskFeatureParameters.cpp
d299a787aa	2026-04-04	Ladislav Michl	refactor	gizmo	0	0	open	14	taken 984e714b32 (file take)	Gui: Simplify typecasting to get gizmo key modifier	src/Gui/Inventor/Draggers/Gizmo.cpp
f8d907105d	2026-04-04	Joao Matos	?		0	0	open	26		PartDesign: only import WizardShaft when the module is available	InitGui.py
3d058332b7	2026-04-07	Joao Matos	?		0	0	open	4		PartDesign: remove dead HoleGui fallback	InitGui.py
e07d1b074b	2026-04-11	Bojan	fix		0	0	open	85	deferred (Needs upstream a346c266e7 migration)	PartDesign: fix Length/Length2 expression migration for TwoLengths pads	App/FeatureExtrude.cpp tests/src/Mod/PartDesign/App/BackwardCompatibility.cpp tests/src/Mod/PartDesign/App/CMakeLists.txt tests/src/Mod/PartDesign/App/TestModels/TwoLengthsPadCrossObjectRef.FCStd tests/src/Mod/PartDesign/App/TestModels/TwoLengthsPadCyclicExpr.FCStd
3642895006	2026-04-12	Bojan	fix		0	0	open	4	n/a (Fork's onTypeChanged does not touch selection mode)	PartDesign: fix Chamfer tool not starting in selection mode	Gui/TaskChamferParameters.cpp
f4be654473	2026-04-21	Chris	feature		0	0	open	375		PartDesign: Add strikethrough strike in tree view for suppressed items / features (#27808)	CMakeLists.txt PartDesignTests/TestSuppressed.py PartDesignTests/__init__.py TestPartDesignApp.py TestPartDesignGui.py
3082039b3a	2026-04-13	Nemanja Pejic	fix		0	0	open	12	deferred (SubShapeBinder drop cursor mismatch)	Fix SubShapeBinder drag cursor showing wrong icon	Gui/ViewProviderShapeBinder.h
b43cb81c0a	2026-04-10	Max Wilfinger	feature		0	0	open	90		PD: Open attachment dialog on new sketch	Gui/SketchWorkflow.cpp
be68980775	2026-04-10	Max Wilfinger	feature		0	0	open	10		PD: Change test for new sketch behavior	TestPartDesignGui.py
638f86a10f	2026-02-06	Ladislav Michl	?		0	0	open	12		PartDesign: Use Base::Sequencer to abort operations	App/FeatureTransformed.cpp
ea6d66bfa0	2026-04-28	Parag Debnath	?		0	0	open	32		PartDesign: suppressing a feature now doesn't recmpute the whole object (#29219)	App/Feature.cpp
b2c51665a2	2026-04-29	Rehan Ahmed	refactor		0	0	open	10		Convert Qt Dialog titles to title case	Gui/Command.cpp Gui/TaskBooleanParameters.cpp Gui/TaskPipeParameters.cpp Gui/TaskShapeBinder.cpp
7e33da0fa0	2026-04-28	Florian Foinant-Willig	fix		0	0	open	18	deferred (Needs upstream's UpToShape extrude)	PartDesign: fix UpToShape extrude	App/FeatureSketchBased.cpp App/FeatureSketchBased.h
357babf9f0	2026-05-04	Nemanja Pejic	fix		0	0	open	44	adapted 49e25a65b2 (Gui part; App part have)	Fix/helix multiple solids error message (#29339)	App/FeatureHelix.cpp Gui/TaskHelixParameters.cpp
08cacbbc27	2026-05-05	luzpaz	noise		0	0	open	4		Fix a variety of typos throughout the codebase (#29759)	Gui/TaskDressUpParameters.cpp Gui/TaskTransformedParameters.cpp
6fa9125919	2026-05-08	PaddleStroke	feature		0	0	open	327		PartDesign: pattern tool: Add OVP to control the overrides. (#23997)	App/FeatureLinearPattern.h App/FeaturePolarPattern.cpp App/FeaturePolarPattern.h Gui/TaskPatternParameters.cpp Gui/TaskPatternParameters.h Gui/TaskTransformedParameters.h Gui/ViewProviderTransformed.cpp Gui/ViewProviderTransformed.h
6df51cefd7	2026-05-09	Max Wilfinger	feature	gizmo	0	0	open	156	adapted a56e0777da	PD: Add input hints for fine/coarse draggers (#29631)	src/Gui/Inventor/Draggers/Gizmo.cpp src/Gui/Inventor/Draggers/Gizmo.h Gui/TaskChamferParameters.cpp Gui/TaskDraftParameters.cpp Gui/TaskExtrudeParameters.cpp Gui/TaskFeatureParameters.cpp Gui/TaskFeatureParameters.h Gui/TaskFilletParameters.cpp Gui/TaskHelixParameters.cpp Gui/TaskHoleParameters.cpp Gui/TaskPrimitiveParameters.cpp Gui/TaskRevolutionParameters.cpp Gui/TaskThicknessParameters.cpp
bd03414893	2026-05-09	Max Wilfinger	?		0	0	open	22		PD: Spacebar to toggle visibility of the parent body instead of the last visible feature (#29110)	Gui/ViewProvider.cpp Gui/ViewProvider.h
c7a954f954	2026-05-10	Nemanja Pejic	fix		0	0	open	10	n/a (Fork's onSelectReference returns when !vp)	PartDesign: fix crash when changing Pad type to Up To Face	Gui/TaskSketchBasedParameters.cpp
0b439270ab	2026-05-09	Celeste Wouters	refactor		0	0	open	7		Migrate Base::Type type name funcs to std::string_view	App/FeatureChamfer.cpp App/FeatureFillet.cpp Gui/SketchWorkflow.cpp
b6e53050a4	2026-05-11	ilya	?		0	0	open	2		PartDesign: use FaceMakerBuildFace for SubShapeBinder face building (#29249)	App/ShapeBinder.cpp
30912c1d4e	2026-05-05	Louis Gombert	?		0	0	open	4		Remove gtest as submodule, always find it externally	tests/src/Mod/PartDesign/CMakeLists.txt
10256c109c	2026-05-07	Pieter Hijma	?		0	0	open	2		PartDesign: Make common between OCCT 7 and OCCT 8	App/FeatureTransformed.cpp
4f3a74835e	2026-05-14	drwho495	fix		0	0	open	315	have (Upstream restoring the fork's TNP-aware Pipe)	Merge pull request #23265 from drwho495/fix-subtractive-pipe	App/FeaturePipe.cpp App/FeaturePipe.h
8f6ebc2644	2026-05-16	Caio Venancio do Rosario	fix		0	0	open	178	n/a (Upstream's Boolean.Group bodies)	PartDesign: fix out of scope Std_Group error (#29534)	tests/src/Mod/PartDesign/App/CMakeLists.txt tests/src/Mod/PartDesign/App/GeoFeatureGroupExtension.cpp
20c01000a1	2026-05-17	Max Wilfinger	?		0	0	open	11		Gui/PD: Toggle body only from 3D view selection	Gui/ViewProvider.cpp
73f848a3d5	2026-02-03	wwmayer	feature		0	0	open	41		PD: Add FuzzyTolerance property	App/FeatureBoolean.cpp App/FeatureExtrude.cpp App/FeatureHole.cpp App/FeatureLoft.cpp App/FeaturePipe.cpp App/FeaturePrimitive.cpp App/FeatureRefine.cpp App/FeatureRefine.h
dee977f98f	2026-05-27	Max Wilfinger	refactor		0	0	open	8		Clean up missed strings acc. to FEP007	Gui/Command.cpp Gui/CommandBody.cpp Gui/DlgActiveBody.cpp Gui/TaskFeatureParameters.cpp
8036eb8a20	2026-01-15	tritao	?	gizmo	0	1	have(rev)	90	n/a (SoTextLabel kept)	Gui: Port `SoTextLabel` to Coin geometry and rendering nodes.	src/Gui/Inventor/Draggers/SoPlanarDragger.cpp src/Gui/Inventor/Draggers/SoTransformDragger.cpp
afebd17d80	2026-06-03	Elaine Gibson	feature		0	0	open	8		CMake: support external libkdtree++ and nlohmann_json	App/CMakeLists.txt App/FeatureHole.cpp App/FeatureHole.h Gui/CMakeLists.txt
99422b51cc	2026-05-14	Bojan	noise		0	0	open	9		PartDesign: suppress false warning when AllowCompound is enabled	App/FeatureTransformed.cpp
26c895c30d	2026-05-25	Max Wilfinger	fix		0	0	open	165	deferred (Removing a dress-up leaves the next one's edge links stale)	PartDesign: Relink base profile to avoid broken features	App/Body.cpp App/Feature.cpp App/Feature.h App/FeatureDressUp.cpp App/FeatureDressUp.h App/FeatureSketchBased.cpp App/FeatureSketchBased.h PartDesignTests/TestFillet.py
c334ac5062	2026-06-09	PaddleStroke	refactor		0	0	open	950		Part / PartDesign: move linear and polar pattern logic out of PartDesign (#30417)	App/FeatureLinearPattern.cpp App/FeatureLinearPattern.h App/FeaturePolarPattern.cpp App/FeaturePolarPattern.h Gui/TaskPatternParameters.cpp
2eee71b2bd	2026-06-11	Elaine Gibson	?		0	0	open	6		Mod: remove shebangs	Scripts/DistanceBolt.py Scripts/Epitrochoid.py Scripts/FilletArc.py Scripts/Parallelepiped.py Scripts/RadialCopy.py Scripts/Spring.py
2d00f37513	2026-03-29	andershol	?		0	0	open	2		Reduce only from QCore to QCoreApplication	App/FeatureAddSub.h
93cd158dde	2025-11-19	Pieter Hijma	?		0	0	open	24		Core: Make cyclic dep checks aware of input props	Gui/Command.cpp
81f3f8da9e	2026-06-04	Pieter Hijma	?		0	0	open	2		Core: Apply suggestions from code review	Gui/Command.cpp
db6ef154e6	2026-03-19	wwmayer	feature		0	0	open	106		PD: Add class PartDesignParameter	App/CMakeLists.txt App/PartDesignParameter.cpp App/PartDesignParameter.h
7cd3437e53	2026-06-10	pre-commit-ci[bot]	noise		0	0	open	13		[pre-commit.ci] auto fixes from pre-commit.com hooks	App/PartDesignParameter.cpp App/PartDesignParameter.h
7f7e54f412	2026-03-19	wwmayer	?		0	0	open	43		PD: Remove experimental status of multiple solids feature of body	Gui/Command.cpp Gui/CommandBody.cpp Gui/Utils.cpp
7a5dea9033	2026-06-12	Alfredo Monclus	fix		0	0	open	40	deferred (Needs upstream's cosmetic-thread rendering in ViewProviderHole)	PD: fix issue with cosmetic threads of the same diameter on the same plane but different hole operations	App/FeatureHole.cpp App/FeatureHole.h Gui/ViewProviderHole.cpp Gui/ViewProviderHole.h
7186d30f6e	2026-06-22	ilya	feature		0	0	open	1		Part, PartDesign: add FaceMakerUnified (#28788)	App/FeatureLoft.cpp
6265896ca8	2026-06-22	PaddleStroke	fix		0	0	open	75	have (Fork's Transformed::execute sorts originals into body order (FeatureTransform...)	PartDesign: Pattern: Prevent selection order issue (#30548)	App/FeatureTransformed.cpp App/FeatureTransformed.h Gui/TaskTransformedParameters.cpp Gui/TaskTransformedParameters.h Gui/TaskTransformedParameters.ui
23d8dc4125	2026-05-19	Celeste Wouters	feature		0	0	open	6		Add global Qt resource compression control options	Gui/CMakeLists.txt
c81df6a5ac	2026-07-02	ilya	?		0	0	open	13		PartDesign: Gate FaceMakerBuildFace for SubShapeBinder behind a version bump (#31024) (#31049)	App/ShapeBinder.cpp
b4f988f449	2026-07-06	PaddleStroke	fix		0	0	open	5	deferred (Direction2 (two-direction pattern))	PartDesign: Linear pattern: fix direction2 of primitive (#31100)	Gui/Command.cpp
84ab5d5547	2026-07-08	Max Wilfinger	?		0	0	open	372		PD: Make bodies inside booleans visible if active (#30002)	Gui/ViewProviderBoolean.cpp Gui/ViewProviderBoolean.h PartDesignTests/TestActiveObject.py
093c3f6977	2026-07-10	Max Wilfinger	?		0	0	open	74		PD: Resolve linked shapes in body coordinates	App/Feature.cpp App/Feature.h
9c7a761589	2026-07-10	Max Wilfinger	?		0	0	open	139		PD: Keep boolean tools as references	App/FeatureBoolean.cpp App/FeatureBoolean.h
5aac4c1036	2026-07-10	Max Wilfinger	?		0	0	open	274		PD: Display Boolean tools without reparenting	Gui/ViewProviderBoolean.cpp Gui/ViewProviderBoolean.h
f608705825	2026-07-10	Max Wilfinger	feature		0	0	open	200		PD: Add tests for Boolean body placement	PartDesignTests/TestBoolean.py
302a8f9db6	2026-07-13	Grzegorz Kwacz	?		0	0	open	3		Core: Always use undo/redo	App/ShapeBinder.cpp PartDesignTests/TestActiveObject.py PartDesignTests/TestSketch.py
0ec51a1eaf	2026-07-16	Max Wilfinger	refactor		0	0	open	92		PD: Remove deprecated PD Datum suggestions	Gui/Workbench.cpp
4d3409a66b	2026-05-13	Joao Matos	feature		1	0	open	27		Typing: add ShapeFix and PartDesign module stubs	App/_PartDesign.module.pyi
6523471254	2026-06-19	PaddleStroke	fix		0	0	open	17	n/a (Fork's MultiTransform::positionBySupport runs only during recompute)	PartDesign: FeatureMultiTransform prevent double recompute	App/FeatureMultiTransform.cpp
19e382d5b0	2026-07-18	Austin Bacher	fix		0	0	open	3	n/a (Fixes upstream's port of 80045d0e88)	PartDesign: Keep elements that are not broken when broken elements are present. (#31411)	Gui/TaskDressUpParameters.cpp
0c8b6218dc	2026-07-10	Joao Matos	?	gizmo	0	0	open	7	n/a (SoTextLabel kept)	Gui: remove the unused SoTextLabel node	src/Gui/Inventor/Draggers/SoLinearDragger.cpp src/Gui/Inventor/Draggers/SoPlanarDragger.cpp src/Gui/Inventor/Draggers/SoTransformDragger.cpp
67586e1699	2026-07-20	Grzegorz Kwacz	?		0	0	open	2		TaskView: Remove dead code from TaskView and QSint (#27653)	Gui/TaskExtrudeParameters.h
265f7ac682	2026-07-20	PaddleStroke	?		0	0	open	161		PartDesign : Substractive features task names and icons	Gui/TaskHelixParameters.cpp Gui/TaskLoftParameters.cpp Gui/TaskPipeParameters.cpp Gui/TaskPrimitiveParameters.cpp
0edbbf15dd	2026-07-20	Nemanja Pejic	feature		0	0	open	3		App: allow duplicate labels via document preference	Gui/SketchWorkflow.cpp
fc135718a4	2026-07-20	kkchemboli	fix		0	0	open	10	deferred (Empty Fillet/Chamfer command runs a full recompute and errors)	PartDesign: Fix premature error message on opening Fillet	Gui/Command.cpp
5d8162107a	2026-06-17	PaddleStroke	fix		0	0	open	6	n/a (Fork's convention gives correct results (checked))	PartDesign: Fix pattern failing with primitive	App/FeatureTransformed.cpp
a784b23bea	2025-12-22	Alfredo Monclus	?		0	0	open	121		PartDesign: update metric standard designations #26189	App/FeatureHole.cpp PartDesignTests/TestHole.py
123a1c80e1	2026-07-10	Max Wilfinger	?		0	0	open	113		PD: Preserve external base feature placement	App/Body.cpp App/FeatureBase.cpp App/FeatureBase.h Gui/Command.cpp Gui/CommandBody.cpp
1db757e546	2026-07-10	Max Wilfinger	feature		0	0	open	225		PD: Add tests for BaseFeature placement	CMakeLists.txt PartDesignTests/TestBaseFeature.py PartDesignTests/__init__.py TestPartDesignApp.py
422da33962	2026-08-07	Andrew	feature		0	0	open	228		Introduce unit test of PartDesign::AdditivePipe.  Relates to: #30464 (#31766)	tests/src/Mod/PartDesign/App/CMakeLists.txt tests/src/Mod/PartDesign/App/Pipe.cpp
aea8919598	2026-08-05	Max Wilfinger	?		1	0	open	5		PartDesign: Preserve base feature appearance	Gui/CommandBody.cpp
75109b821b	2026-07-17	Kasra Faghihi	?		0	0	open	1		Force recompute when basefeature is updated	App/Body.cpp
8bacbf47c1	2026-08-08	Max Wilfinger	feature		0	0	open	236		PD: Allow BaseFeatures from other App::Parts (#31763)	App/Body.cpp App/FeatureBase.cpp Gui/CommandBody.cpp Gui/ViewProviderBody.cpp PartDesignTests/TestBaseFeature.py
bcc3e296fa	2026-08-08	Max Wilfinger	feature		0	0	open	535		PD: Add Offset start for Extrude features (#31688)	App/FeatureExtrude.cpp App/FeatureExtrude.h App/FeaturePad.cpp App/FeaturePocket.cpp Gui/TaskExtrudeParameters.cpp Gui/TaskExtrudeParameters.h Gui/TaskPadPocketParameters.ui PartDesignTests/TestPad.py PartDesignTests/TestPocket.py
fab1b8d279	2026-08-09	Max Wilfinger	feature	gizmo	0	0	open	4	taken 984e714b32 (file take)	Gui: allow signed linear gizmo values	src/Gui/Inventor/Draggers/Gizmo.cpp
a01fad4f53	2026-08-09	Max Wilfinger	feature	gizmo	0	0	open	123	deferred (needs StartType/StartOffset App feature)	PartDesign: add interactive extrude start controls	src/Gui/Inventor/Draggers/Gizmo.cpp src/Gui/Inventor/Draggers/Gizmo.h src/Gui/Inventor/Draggers/SoLinearDraggerGeometry.cpp src/Gui/Inventor/Draggers/SoLinearDraggerGeometry.h Gui/TaskExtrudeParameters.cpp Gui/TaskExtrudeParameters.h
5dbb4d7c7e	2026-08-12	Max Wilfinger	feature		0	0	open	20		PD: Improve default binder outline contrast	Gui/ViewProviderShapeBinder.cpp
a76adf48a9	2026-06-25	Chris Hennes	?		0	0	open	7		PD: Remove exception in the case of orphan Feature	App/Feature.cpp
b2da06bfe0	2026-08-21	PaddleStroke	?	gizmo	0	0	open	3042	deferred (large: Revolution two sides)	PartDesign: Revolution 2 sides (#31044)	src/Gui/Inventor/Draggers/Gizmo.cpp src/Gui/Inventor/Draggers/Gizmo.h App/FeatureExtrude.cpp App/FeatureGroove.cpp App/FeatureRevolution.cpp App/FeatureRevolved.cpp App/FeatureRevolved.h App/FeatureSketchBased.h Gui/TaskExtrudeParameters.cpp Gui/TaskRevolutionParameters.cpp Gui/TaskRevolutionParameters.h Gui/TaskRevolutionParameters.ui tests/src/Mod/PartDesign/App/CMakeLists.txt tests/src/Mod/PartDesign/App/Revolution.cpp
f394f1b669	2026-08-09	Max Wilfinger	feature		0	0	open	800		PartDesign: Add Hole start controls	App/FeatureExtrude.cpp App/FeatureExtrude.h App/FeatureHole.cpp App/FeatureHole.h App/FeatureSketchBased.cpp App/FeatureSketchBased.h Gui/TaskHoleParameters.cpp Gui/TaskHoleParameters.h Gui/TaskHoleParameters.ui PartDesignTests/TestHole.py
c8eafbd772	2026-08-22	Max Wilfinger	refactor		0	0	open	18		PartDesign: Replace Pad/Pocket start with enum	Gui/TaskExtrudeParameters.cpp Gui/TaskExtrudeParameters.h
c3d5915100	2026-08-13	Roy-043	refactor		0	0	open	26		PartDesign: FreeCADGui.SendMsgToActiveView is deprecated	InvoluteGearFeature.py Scripts/Gear.py SprocketFeature.py TestPartDesignGui.py WizardShaft/ShaftFeature.py fcsprocket/fcsprocketdialog.py
c1b23e6fe8	2026-04-26	Kacper Donat	?		0	0	open	33		Part: Make PreviewExtension usable from Python workbenches	Gui/ViewProvider.cpp Gui/ViewProvider.h
1b13adabd7	2026-08-10	Max Wilfinger	feature		0	0	open	49		PD: Allow Sketcher internal faces as offset reference	App/FeatureSketchBased.cpp Gui/ReferenceSelection.cpp PartDesignTests/TestPad.py
9bbbd59291	2026-08-24	Max Wilfinger	?		0	0	open	26		PD: Keep active Boolean tools at their real location	Gui/ViewProviderBoolean.cpp
154d73a44f	2026-08-24	Max Wilfinger	refactor		0	0	open	57		PD: Test Boolean tool visibility cleanup	PartDesignTests/TestActiveObject.py
83eb84157d	2026-06-12	Pieter Hijma	noise		0	0	open	2		Build: Disable deprecation warnings OCCT 8	CMakeLists.txt
9a95906333	2026-08-28	Shubham Pawar	fix		0	0	open	7	have (Loft tooltips already say "through other profile sections")	Fix #32027 PartDesign Loft tooltip (#32034)	Gui/Command.cpp
b0e490be49	2026-08-26	Joao Matos	?		0	0	open	2		Preserve source-adjacent helper stub inheritance	Gui/ViewProvider.pyi
06a4b1db99	2026-08-23	Max Wilfinger	feature		0	0	open	236		PD: Add angular start to Revolution and Groove	App/FeatureRevolved.cpp App/FeatureRevolved.h App/FeatureSketchBased.cpp App/FeatureSketchBased.h
a4b3950ac1	2026-08-23	Max Wilfinger	feature	gizmo	0	0	open	523	deferred (needs b2da06bfe0)	PD: Add Revolution and Groove start controls	src/Gui/Inventor/Draggers/Gizmo.cpp src/Gui/Inventor/Draggers/Gizmo.h Gui/TaskExtrudeParameters.cpp Gui/TaskHoleParameters.cpp Gui/TaskRevolutionParameters.cpp Gui/TaskRevolutionParameters.h Gui/TaskRevolutionParameters.ui Gui/TaskSketchBasedParameters.cpp Gui/TaskSketchBasedParameters.h
be0d14c042	2026-08-23	Max Wilfinger	?		0	0	open	86		PD: Test revolved start offsets	PartDesignTests/TestRevolve.py tests/src/Mod/PartDesign/App/Revolution.cpp
3c43878be6	2026-08-30	Max Wilfinger	fix		0	0	open	65	have (Fork's Boolean rejects cyclic tools via getInListEx (TaskBooleanParameters.cp...)	PD: Prevent selecting result Body as Boolean tool	Gui/TaskBooleanParameters.cpp
66aff6a7c2	2026-08-31	pre-commit-ci[bot]	noise		0	0	open	4		[pre-commit.ci] auto fixes from pre-commit.com hooks	App/FeatureSketchBased.cpp
db2a26feae	2026-07-14	Louis Gombert	refactor		0	0	open	8		move FREECAD_WARN_ERROR up, activate for Windows	App/CMakeLists.txt Gui/CMakeLists.txt
58c5b90058	2026-08-28	Max Wilfinger	?		0	0	open	28		PD: Do not infer base from sketch attachment	App/FeatureSketchBased.cpp PartDesignTests/TestPad.py
d8d85f05ff	2026-09-01	codeotaku	fix		0	0	open	93	taken 0296c0a25c	Merge pull request #32322 from codeotaku/fix/freecad_issue_5829	App/FeatureThickness.cpp PartDesignTests/TestThickness.py
f4a9a68df2	2026-08-31	Peter Vonk	feature		0	0	open	366		PartDesign: Implement recto-verso thickness	App/CMakeLists.txt App/FeatureThickness.cpp App/RectoVersoThickness.cpp App/RectoVersoThickness.h Gui/TaskThicknessParameters.cpp Gui/TaskThicknessParameters.h PartDesignTests/TestThickness.py TestPartDesignApp.py
5a47138994	2026-09-01	Peter Vonk	?		0	0	open	240		PartDesign: Preserve standalone thickness placement	App/CMakeLists.txt App/FeatureThickness.cpp App/RectoVersoThickness.cpp App/RectoVersoThickness.h PartDesignTests/TestThickness.py TestPartDesignApp.py
98c37bd401	2026-08-30	Max Wilfinger	?		0	0	open	69		PD: Preserve taper direction for multi-sided pockets	App/FeatureExtrude.cpp App/FeatureSketchBased.cpp PartDesignTests/TestPocket.py
9b2734c640	2026-09-01	Max Wilfinger	?		0	0	open	79		PD: Preserve taper compatibility across SideType	App/FeatureExtrude.cpp App/FeatureExtrude.h App/FeatureHole.cpp App/FeatureSketchBased.cpp App/FeatureSketchBased.h PartDesignTests/TestPocket.py tests/src/Mod/PartDesign/App/BackwardCompatibility.cpp
6d06b61c7e	2026-09-01	UnKabaraQuiDev	?		0	0	open	3		Sketcher: Preserve fillet corner using split (#31746)	PartDesignTests/TestTopologicalNamingProblem.py
c70d9b2992	2026-07-05	Max Wilfinger	feature		0	0	open	787		PD: Add parametric defeaturing command	App/AppPartDesign.cpp App/CMakeLists.txt App/FeatureDefeaturing.cpp App/FeatureDefeaturing.h Gui/AppPartDesignGui.cpp Gui/CMakeLists.txt Gui/Command.cpp Gui/Resources/PartDesign.qrc Gui/Resources/icons/PartDesign_Defeaturing.svg Gui/TaskDefeaturingParameters.cpp Gui/TaskDefeaturingParameters.h Gui/TaskDefeaturingParameters.ui Gui/ViewProviderDefeaturing.cpp Gui/ViewProviderDefeaturing.h Gui/Workbench.cpp
a04e79328d	2026-09-01	Max Wilfinger	?		0	0	open	9		PD: Restore circular axis selection for polar patterns (#32287)	Gui/TaskPatternParameters.cpp
1f0127b4cc	2026-09-02	Peter Vonk	?		0	0	open	15		set the shape tag using getID()	App/FeatureThickness.cpp
4a71de647d	2026-07-08	Florian Foinant-Willig	feature		0	0	open	441		PartDesign: Add boolean common operation to subtractive features	App/FeatureAddSub.cpp App/FeatureAddSub.h App/FeatureDressUp.cpp App/FeatureExtrude.cpp App/FeatureGroove.cpp App/FeatureHelix.cpp App/FeatureHelix.h App/FeatureHole.cpp App/FeatureLoft.cpp App/FeaturePad.cpp App/FeaturePipe.cpp App/FeaturePocket.cpp App/FeaturePrimitive.cpp App/FeaturePrimitive.h App/FeatureRevolution.cpp Gui/TaskHelixParameters.cpp Gui/TaskRevolutionParameters.cpp Gui/ViewProvider.cpp Gui/ViewProviderHelix.cpp Gui/ViewProviderLoft.cpp Gui/ViewProviderPipe.cpp Gui/ViewProviderPrimitive.cpp
9d842f08a6	2026-07-09	Florian Foinant-Willig	fix		0	0	open	3	deferred (Drops FuzzyTolerance from Helix)	fix helix tolerance issue	App/FeatureHelix.cpp PartDesignTests/TestHelix.py
9d6b3bb16f	2026-09-03	Max Wilfinger	fix		0	0	open	8	declined (Upstream-only build fix for scoped FeatureAddSub::Type)	PD: Fix scoped add-sub enum uses	Gui/TaskHelixParameters.cpp Gui/TaskLoftParameters.cpp Gui/TaskPipeParameters.cpp Gui/TaskPrimitiveParameters.cpp
6293a0d873	2026-09-03	Max Wilfinger	fix		0	0	open	6	deferred (Upstream Helix Operation enum)	PD: Fix helix operation restoration	App/FeatureHelix.cpp
903ab41a37	2026-09-07	Peter Vonk	?		0	0	open	64		PartDesign: Use total recto-verso thickness and hide Pipe mode	App/FeatureThickness.cpp Gui/TaskThicknessParameters.cpp PartDesignTests/TestThickness.py
e9d95456c1	2026-09-03	Max Wilfinger	fix		0	0	open	2	deferred (Upstream's ViewProviderSketchBased::updateProfileShape preview)	PD: Fix transform order for profile shape	Gui/ViewProviderSketchBased.cpp
82c7a09b35	2026-09-08	Max Wilfinger	?		0	0	open	458		PD: Operation selector for subtractive tasks (#32387)	App/FeatureAddSub.cpp Gui/CMakeLists.txt Gui/TaskExtrudeParameters.cpp Gui/TaskFeatureAddSubParameters.cpp Gui/TaskFeatureAddSubParameters.h Gui/TaskFeatureParameters.h Gui/TaskHelixParameters.cpp Gui/TaskHelixParameters.h Gui/TaskHelixParameters.ui Gui/TaskHoleParameters.cpp Gui/TaskHoleParameters.ui Gui/TaskLoftParameters.cpp Gui/TaskLoftParameters.ui Gui/TaskPadPocketParameters.ui Gui/TaskPipeParameters.cpp Gui/TaskPipeParameters.h Gui/TaskPipeParameters.ui Gui/TaskPrimitiveParameters.cpp Gui/TaskPrimitiveParameters.h Gui/TaskPrimitiveParameters.ui Gui/TaskRevolutionParameters.cpp Gui/TaskRevolutionParameters.ui Gui/TaskSketchBasedParameters.cpp Gui/TaskSketchBasedParameters.h
ceeeba26b2	2026-05-27	andershol	refactor		0	0	open	4		Build: Simplify use of SET_BIN_DIR	App/CMakeLists.txt Gui/CMakeLists.txt
173276b175	2026-09-09	paddle	feature		0	0	open	153		PartDesign: add the circular pattern feature and tests	App/AppPartDesign.cpp App/CMakeLists.txt App/FeatureCircularPattern.cpp App/FeatureCircularPattern.h CMakeLists.txt PartDesignTests/TestCircularPattern.py TestPartDesignApp.py
d0ed2258dc	2026-09-09	Honey Bhone Naing	fix		0	0	open	12	taken a40d03872d	PartDesign: fix ISO 606 B-series roller diameters	SprocketFeature.py
eca4bb2833	2026-09-11	PaddleStroke	feature		0	0	open	657		Link Arrays: Add icons for link arrays and PartDesign patterns (#32565)	Gui/Resources/PartDesign.qrc Gui/Resources/icons/PartDesign_CircularPattern.svg Gui/Resources/icons/PartDesign_PathPattern.svg Gui/Resources/icons/PartDesign_PointPattern.svg
fceab772d2	2026-09-11	codeotaku	fix		0	0	open	265	taken a30641340a (tests adapted: check() returns the shape)	PartDesign: Fix for issue #6130 where lofts can fail by connecting inner/outer profile edges (#32303)	App/FeatureLoft.cpp PartDesignTests/TestLoft.py
c633c5c88e	2026-09-09	paddle	feature		0	0	open	142		PartDesign: add the path pattern feature and tests	App/AppPartDesign.cpp App/CMakeLists.txt App/FeaturePathPattern.cpp App/FeaturePathPattern.h CMakeLists.txt PartDesignTests/TestPathPattern.py TestPartDesignApp.py
cfd1cdfb36	2026-09-12	Max Wilfinger	fix		0	0	open	13	deferred (Non-origin LCS as parent)	Gui: Fix LCS attachment (#32401)	Gui/SketchWorkflow.cpp
3d51c4d76e	2026-09-09	Max Wilfinger	?		0	0	open	45		PartDesign: Use common color for common previews	App/FeatureAddSub.cpp Gui/ViewProvider.cpp Gui/ViewProvider.h
ef69dcc3ab	2026-09-12	Chris Hennes	feature		0	0	open	10		PD/Tests: Address floating point comparison fragility	PartDesignTests/TestTopologicalNamingProblem.py
53b3e49ee1	2026-06-23	tarman3	feature		0	0	open	30		PartDesign: SubShapeBinder - Do not add Binder to single Body	Gui/Command.cpp Gui/Utils.cpp
f5abab2768	2026-09-09	paddle	feature		0	0	open	152		PartDesign: add the point pattern feature	App/AppPartDesign.cpp App/CMakeLists.txt App/FeaturePointPattern.cpp App/FeaturePointPattern.h CMakeLists.txt PartDesignTests/TestPointPattern.py TestPartDesignApp.py
36e78a5cfe	2026-09-17	Max Wilfinger	?		0	0	open	11		PD: Preserve dress-up preview colors	Gui/ViewProvider.h Gui/ViewProviderDressUp.cpp Gui/ViewProviderDressUp.h
59b607c5bd	2026-09-22	Shubh Rai	fix		0	0	open	9	taken 26237cf461	Fix #30013: Make Clone body respect Active Part (#31978)	Gui/Command.cpp
a540770659	2026-09-09	paddle	?		0	0	open	498		PartDesignGui: migrate pattern tasks to the shared editors	Gui/TaskPatternParameters.cpp Gui/TaskPatternParameters.h
8a1bdba1dd	2026-09-19	Slendi	refactor		0	0	open	91		Base: Refactor logging printf-style to std::format	App/Body.cpp App/FeatureAddSub.cpp App/FeatureChamfer.cpp App/FeatureExtrude.cpp App/FeatureHole.cpp App/FeaturePipe.cpp App/FeatureRefine.cpp App/FeatureRevolved.cpp App/ShapeBinder.cpp Gui/Command.cpp Gui/CommandBody.cpp Gui/SketchWorkflow.cpp Gui/TaskChamferParameters.cpp Gui/TaskDefeaturingParameters.cpp Gui/TaskDraftParameters.cpp Gui/TaskDressUpParameters.cpp Gui/TaskFeatureParameters.cpp Gui/TaskFilletParameters.cpp Gui/TaskHoleParameters.cpp Gui/TaskMirroredParameters.cpp Gui/TaskPatternParameters.cpp Gui/TaskPrimitiveParameters.cpp Gui/TaskSketchBasedParameters.cpp Gui/TaskThicknessParameters.cpp Gui/TaskTransformedParameters.cpp Gui/ViewProviderBody.cpp Gui/ViewProviderTransformed.cpp
fc9e8a2f28	2026-08-14	Ladislav Michl	refactor		0	0	open	25		Replace fmt::format with std::format in files using only fmt::format	Gui/TaskFeaturePick.cpp Gui/TaskPrimitiveParameters.cpp Gui/ViewProviderTransformed.cpp
32c8c3bf0e	2026-09-22	Alfredo Monclus	?		0	0	open	10		PartDesign/Hole: keep custom hole-cut values after reopen	App/FeatureHole.cpp
acdce56122	2026-08-01	Andrew Wilson	?		0	0	open	82		Prefer ProfileBased::getTopoShapeVerifiedFace instead of Pipe::getSectionShape	App/FeaturePipe.cpp Gui/TaskPipeParameters.cpp tests/src/Mod/PartDesign/App/Pipe.cpp
