# Upstream Sketcher commits since merge base a662fbb2ff, upstream/main bd6be559e8 (2026-09-12).
# kind: subject-regex guess (fix/feature/refactor/noise/?). fwd/rev: git apply --check against SketcherPort at creation.
# status: have(rev)=reverse-applies, have(sync)=predates the per-file baseline of ca04ac80a1, partial(sync), open. n/a(uncompiled)=touches only sources the fork does not compile.
# decision: filled in as picks land -- taken <fork hash> | adapted <fork hash> | have | n/a | superseded | declined <why> | deferred
hash	date	author	kind	fwd	rev	status	lines	decision	subject	files
ee6dacdca7	2024-01-04	Max Wilfinger	feature	0	0	have(sync)	110		add capabilities to auto-dimension tool to dimension distances between arc-point, arc-circle, arc-arc	Gui/CommandConstraints.cpp
5a75578308	2024-01-05	Florian Foinant-Willig	fix	1	0	n/a(uncompiled)	14		Sketcher: fix one point distance (#11854)	Gui/EditModeConstraintCoinManager.cpp
e43a3b17c8	2023-12-24	Max Wilfinger	feature	1	0	have(sync)	18		Change tool description of rotate and polygon tool to hint users to modify with U and J keys.	Gui/DrawSketchHandlerPolygon.h Gui/DrawSketchHandlerRotate.h
365c5f4777	2024-01-06	bgbsww	feature	1	0	open	16		Detect circular references in sketches, and add corresponding tests (#11716)	SketcherTests/TestSketchExpression.py
9bb9eb8b21	2024-01-07	Paddle	fix	1	0	have(sync)	4		Sketcher_dimension : Fixes https://github.com/FreeCAD/FreeCAD/issues/11904	Gui/CommandConstraints.cpp
476089a2ad	2024-01-02	Max Wilfinger	?	0	0	partial(sync)	315		sketcher: create contextual right click menu	Gui/CommandConstraints.cpp Gui/CommandCreateGeo.cpp Gui/ViewProviderSketch.cpp Gui/ViewProviderSketch.h Gui/Workbench.cpp
8abd09398a	2024-01-09	bgbsww	feature	0	1	have(rev)	1		Add support for OCCT 7.8.0 (#11909)	Gui/EditDatumDialog.cpp
827781ab3f	2023-11-24	Paddle	?	1	0	n/a(uncompiled)	57		Improve angle constraint rendering.	Gui/EditModeConstraintCoinManager.cpp
5ee16df6b7	2023-11-24	Paddle	?	1	0	n/a(uncompiled)	61		Draw arc helpers for radius constraints.	Gui/EditModeConstraintCoinManager.cpp
b0176c2d92	2024-01-17	Paddle	feature	1	0	have(sync)	10		Sketcher: add isPeriodicBsplineCurve helper function	Gui/Utils.cpp Gui/Utils.h
6db820a580	2024-01-07	Paddle	?	0	0	have(sync)	81		Sketcher: Define double click on edges : Select the whole wire.	Gui/ViewProviderSketch.cpp Gui/ViewProviderSketch.h
919d8c9392	2024-01-17	Paddle	fix	1	0	open	3		Sketcher: bspline: fix ESC exit tool	Gui/DrawSketchHandlerBSpline.h
4acff3f66f	2024-01-17	Paddle	fix	0	0	open	10		Sketcher: polyline: fix ESC exit tool	Gui/DrawSketchHandlerLineSet.h
64c867eb0e	2024-01-16	Paddle	fix	0	0	n/a(uncompiled)	190		Sketcher Fix radius arc helpers.	Gui/EditModeConstraintCoinManager.cpp Gui/EditModeConstraintCoinManager.h
dca00ec80e	2024-01-16	Paddle	?	1	0	n/a(uncompiled)	10		Sketcher : improve single line angle rendering.	Gui/EditModeConstraintCoinManager.cpp
df867a25b2	2024-01-16	Paddle	?	0	0	n/a(uncompiled)	3		Sketcher : arc angle render improvement.	Gui/EditModeConstraintCoinManager.cpp
fd2e35b7eb	2023-11-26	Paddle	feature	0	0	partial(sync)	288		Sketcher: Add copy/cut/paste sketcher commands	Gui/CommandSketcherTools.cpp Gui/ShortcutListener.cpp Gui/ShortcutListener.h Gui/ViewProviderSketch.h Gui/Workbench.cpp
a8b6e1e9c3	2024-01-11	Paddle	feature	0	0	have(sync)	332		Sketcher: python converter : add possibility to add lastGeoId to the constraint process.	App/PythonConverter.cpp App/PythonConverter.h
8ed22b0fd8	2024-01-11	Paddle	?	0	0	have(sync)	124		Sketcher: copy paste : move from XML to python.	Gui/CommandSketcherTools.cpp
eb91978459	2024-01-16	Paddle	feature	0	0	n/a(uncompiled)	135		Sketcher : Distance constraint : introduce arc helpers for conic distances.	Gui/EditModeConstraintCoinManager.cpp
17893d39ca	2024-01-20	Paddle	refactor	0	0	have(sync)	31		Sketcher: PythonConverter: Replace useLastGeoIdVar bool by enum class	App/PythonConverter.cpp App/PythonConverter.h Gui/CommandSketcherTools.cpp
122f163d0c	2024-01-19	Kacper Donat	?	0	0	open	29		Sketcher: Draw proper checkbox control in Elements UI	Gui/TaskSketcherElements.cpp
ecd591450c	2024-01-20	Kacper Donat	?	0	0	open	6		Sketcher: Make Constraints UI style aware	Gui/TaskSketcherConstraints.cpp
6dda56117a	2024-01-05	Ajinkya Dahale	?	1	0	partial(sync)	68		[Sketcher] Visualize B-spline in edit mode	Gui/DrawSketchHandlerBSpline.h Gui/DrawSketchHandlerBSplineByInterpolation.h
da6a4fe57b	2024-01-20	Kacper Donat	?	0	0	open	330		Sketcher: Make Elements UI style aware	Gui/TaskSketcherElements.cpp
2fac012226	2024-01-21	Kacper Donat	fix	0	0	open	58		Sketcher: Fix checkbox behavior for Element checkboxes	Gui/TaskSketcherElements.cpp Gui/TaskSketcherElements.h
34b6b36547	2024-01-21	Kacper Donat	?	0	0	open	25		Sketcher: Disable visibility checkbox for external geometry	Gui/TaskSketcherElements.cpp
b140feabaf	2024-01-15	Paddle	?	0	0	open	2681		Sketcher: Edges pattern and width by type.	Gui/AppSketcherGui.cpp Gui/CMakeLists.txt Gui/EditModeCoinManager.cpp Gui/EditModeCoinManager.h Gui/EditModeCoinManagerParameters.h Gui/EditModeConstraintCoinManager.cpp Gui/EditModeGeometryCoinConverter.cpp Gui/EditModeGeometryCoinConverter.h Gui/EditModeGeometryCoinManager.cpp Gui/SketcherSettings
0bef2e927b	2024-01-13	Max Wilfinger	feature	0	0	have(sync)	164		[Sketcher] enable BSpline commands in contextual right click menu	Gui/Resources/icons/splines/Sketcher_BSplineApproximate.svg Gui/Resources/icons/splines/Sketcher_BSplineInsertKnot.svg Gui/Resources/icons/splines/Sketcher_JoinCurves.svg Gui/ViewProviderSketch.cpp
98712d228b	2024-01-29	Roy-043	fix	0	0	open	58		Sketcher: minor fixes to 2 prefs ui files	Gui/SketcherSettings.ui Gui/SketcherSettingsAppearance.ui
d7ee978e42	2024-01-30	PaddleStroke	fix	0	1	have(rev)	2		Sketcher: Fix sketcher_Copy bug when a single geometry was copied, geoId was not correct in constraints.	App/PythonConverter.cpp
a54840c2c5	2024-01-31	Chris Hennes	fix	0	1	have(rev)	2		Sketcher: Add check for handler's existence	Gui/DrawSketchController.h
8afa940ca2	2024-02-01	PaddleStroke	feature	0	0	partial(sync)	1687		[Sketcher] Scale DSH : adds a tool to scale geometries. (#11265)	Gui/CMakeLists.txt Gui/CommandSketcherTools.cpp Gui/DrawSketchHandlerRotate.h Gui/DrawSketchHandlerScale.h Gui/Resources/Sketcher.qrc Gui/Resources/icons/pointers/Sketcher_Pointer_Create_Scale.svg Gui/Resources/icons/tools/Sketcher_Scale.svg Gui/Utils.cpp Gui/Utils.h Gui/Workbench.cpp
963652c6a7	2024-02-03	Adrian Insaurralde Avalos	fix	0	0	open	5		Avoid sending unescaped quotes to python console	Gui/EditDatumDialog.cpp
6a3c0555d0	2023-03-30	Ajinkya Dahale	feature	1	0	open	337	taken 88c9baa853	[Sketcher][planegcs] Support angle via point with params	App/planegcs/Constraints.cpp App/planegcs/Constraints.h App/planegcs/Geo.h
5ba050b467	2023-04-05	Ajinkya Dahale	feature	0	0	open	160	taken 88c9baa853	[Sketcher][planegcs] Implement parametric `BSpline::CalculateNormal`	App/planegcs/Geo.cpp App/planegcs/Geo.h
82f03593fd	2024-02-08	Ajinkya Dahale	feature	1	0	open	14	taken 88c9baa853	[planegcs] Implement `calculateAngleViaParams`	App/planegcs/GCS.cpp App/planegcs/GCS.h
65b4dd10ae	2023-04-05	Ajinkya Dahale	?	0	0	partial(sync)	915	partial 88c9baa853: App/SketchObject.cpp Gui/CommandConstraints.cpp	[Sketcher] Expose general tangency with B-splines to Sketcher	App/Sketch.cpp App/Sketch.h App/SketchObject.cpp App/planegcs/GCS.cpp App/planegcs/GCS.h App/planegcs/Geo.cpp Gui/CommandConstraints.cpp
b1ef4be6fa	2024-01-21	Ajinkya Dahale	?	0	0	open	36	taken 88c9baa853	[planegcs] Remove some numerical testing	App/planegcs/Constraints.cpp
da48a72269	2024-01-26	Ajinkya Dahale	feature	0	0	open	69	taken 88c9baa853	[planegcs] Implement `BSpline::Value()`	App/planegcs/Geo.cpp
1e19926a77	2024-02-08	Ajinkya Dahale	feature	1	0	open	30	taken 88c9baa853	[planegcs] Add `SketcherExport` macro to classes in Geo.h	App/planegcs/Geo.h
459d210f15	2024-01-25	Ajinkya Dahale	feature	1	0	open	187	taken 9b75379eb1	[planegcs][test] Add Spline and Arc tangent test	tests/App/planegcs/CMakeLists.txt tests/App/planegcs/Constraints.cpp
73434e008a	2024-01-28	Ajinkya Dahale	refactor	0	0	open	261	taken 88c9baa853	[planegcs] Simplify `GCS::BSpline::CalculateNormal()`	App/planegcs/Geo.cpp App/planegcs/Geo.h
3f1f6387d1	2024-02-03	Ajinkya Dahale	fix	0	0	have(sync)	82		[Sketcher] Handle spline selection in Dimension tool	Gui/CommandConstraints.cpp
c4720e56c1	2023-11-03	Paddle	noise	0	0	partial(sync)	1425		Translate DSH : A replacement for rectangular array.	Gui/CMakeLists.txt Gui/CommandSketcherTools.cpp Gui/DrawSketchHandlerTranslate.h Gui/Resources/Sketcher.qrc Gui/Resources/icons/pointers/Sketcher_Pointer_Create_Translate.svg Gui/Resources/icons/tools/Sketcher_Translate.svg Gui/Workbench.cpp
f8b57283e5	2023-11-03	Paddle	feature	0	0	have(sync)	6		Remove Copy/clone/move and RectangularArray from the toolbar/menu. But does not remove the code of these.	Gui/Workbench.cpp
b3e4bf1031	2024-02-06	PaddleStroke	fix	0	0	partial(sync)	71		Sketcher: DSH: add two shortcuts for DSH to use. Fix a small syntax error in polygon/rotate.	Gui/DrawSketchControllableHandler.h Gui/DrawSketchController.h Gui/DrawSketchDefaultWidgetController.h Gui/DrawSketchHandlerPolygon.h Gui/DrawSketchHandlerRotate.h Gui/DrawSketchHandlerTranslate.h
b7656abfc5	2024-02-06	PaddleStroke	feature	0	0	have(sync)	194		Sketcher: change DSH framework so that tab cycle through OVP and widget parameters.	Gui/DrawSketchController.h Gui/DrawSketchDefaultWidgetController.h Gui/SketcherToolDefaultWidget.cpp Gui/SketcherToolDefaultWidget.h
4164919e58	2024-01-27	Max Wilfinger	?	0	0	have(sync)	157		Improvements to contextual right click menu in Sketcher. Consider preselection, external geo and copy/cut/paste commands.	Gui/ViewProviderSketch.cpp Gui/ViewProviderSketch.h
f06bcf3163	2024-01-30	PaddleStroke	?	0	1	have(rev)	37		Sketcher: Parallel: Ignore selected points instead of throwing an error.	Gui/CommandConstraints.cpp
ada76964c3	2024-01-30	PaddleStroke	refactor	0	1	have(rev)	92		Sketcher: CommandConstraint.cpp : modernize for loops and use some auto	Gui/CommandConstraints.cpp
df7e783513	2024-02-07	wmayer	noise	0	0	partial(sync)	12	partial 88c9baa853: App/PythonConverter.cpp Gui/ViewProviderSketch.cpp	Mod: fix several compiler warnings: * fix -Wsometimes-uninitialized * fix -Wunused-parameter * fix -Wunused-variable * fix -Winconsistent-missing-override * fix -Wsign-compare * fix -Wreorder-ctor * fix -Wtautological-overlap-compare	App/PythonConverter.cpp App/Sketch.cpp Gui/SketcherSettings.ui Gui/ViewProviderSketch.cpp
aa977648c3	2024-02-08	LemonBoy	fix	0	1	have(rev)	24		Fix icon order in constraint menu	Gui/CommandConstraints.cpp
e135f68e8a	2024-02-12	Max Wilfinger	noise	0	0	have(sync)	12		add new Sketcher commands translate and scale to context menu	Gui/ViewProviderSketch.cpp
c5d462a3d9	2024-02-13	Ajinkya Dahale	fix	0	0	open	10	taken 9b75379eb1	[planegcs][test] Fix issue in arc-B-spline tangent test	tests/App/planegcs/Constraints.cpp
e20a07653c	2024-02-13	Huba Czine	?	1	0	open	104		Update icons for Sketcher_ToggleConstruction & Sketcher_ToggleConstruction_Constr	Gui/Resources/icons/geometry/Sketcher_ToggleConstruction.svg Gui/Resources/icons/geometry/Sketcher_ToggleConstruction_Constr.svg
7a025e4e60	2024-02-14	czinehuba	?	0	0	open	72		Updated space in dashed lines	Gui/Resources/icons/geometry/Sketcher_ToggleConstruction.svg Gui/Resources/icons/geometry/Sketcher_ToggleConstruction_Constr.svg
3e47de6d92	2024-02-19	Max Wilfinger	noise	1	0	open	4		fix typo in polygon task dialog	Gui/SketcherRegularPolygonDialog.ui
a2315503fa	2024-02-22	wmayer	?	1	0	partial(sync)	223	partial 88c9baa853: App/ConstraintPy.xml App/SketchObject.cpp App/SketchObject.h App/SketchObjectPy.xml App/SketchObjectPyImp.cpp	Sketcher: expose the LabelDistance and LabelPosition members of Constraint to Python	App/ConstraintPy.xml App/ConstraintPyImp.cpp App/SketchObject.cpp App/SketchObject.h App/SketchObjectPy.xml App/SketchObjectPyImp.cpp
53b512da1c	2024-02-23	wmayer	noise	0	0	open	6	partial 88c9baa853: Gui/TaskSketcherElements.cpp	MSVC: fix compiler warnings	App/planegcs/Geo.h Gui/TaskSketcherElements.cpp
a38e73135e	2024-02-25	wmayer	fix	0	0	have(sync)	59		Sketcher: fixes #12343: Undo/Redo for sketcher constraints doesn't work correctly	Gui/ViewProviderSketch.cpp Gui/ViewProviderSketch.h
51a01b9e2b	2024-02-19	wmayer	noise	0	0	have(sync)	6		Fix compiler warnings: fix [-Winconsistent-missing-override] fix [-Wunused-lambda-capture] fix [-Wunused-variable] fix [-Wswitch]	Gui/CommandConstraints.cpp Gui/ViewProviderSketch.cpp
5539ef625c	2024-02-25	Ajinkya Dahale	feature	0	0	open	161	taken 88c9baa853	[planegcs] Add `ConstraintAngleViaTwoPoints`	App/planegcs/Constraints.cpp App/planegcs/Constraints.h App/planegcs/GCS.cpp App/planegcs/GCS.h
d1c9370614	2024-02-25	Ajinkya Dahale	refactor	0	0	open	7	taken 88c9baa853	[Sketcher] Use angle-via-two-points in e2e with BSplines	App/Sketch.cpp
f8f159c4d3	2024-02-27	Ajinkya Dahale	?	1	0	have(sync)	14		[Sketcher] Include endpoint-to-endpoint tangency as coincidence	App/SketchObject.cpp
da7d5391af	2023-04-14	Ajinkya Dahale	?	1	0	partial(sync)	62	partial d8d462426e: rest in App/SketchObjectPyImp.cpp Gui/CommandSketcherBSpline.cpp	[Sketcher] Join curves with C1 continuity	App/SketchObject.cpp App/SketchObject.h App/SketchObjectPyImp.cpp Gui/CommandSketcherBSpline.cpp
f88f48f64f	2024-02-27	Ed Williams	?	1	0	open	16		Change the calculation of the b parameter of the hyperbolic arc (#12467)	Gui/DrawSketchHandlerArcOfHyperbola.h
dfa1b94c83	2024-02-12	PaddleStroke	?	1	0	have(sync)	46		Sketcher: Line DSH: Harmonize width/length behavior with rectangle.	Gui/DrawSketchHandlerLine.h
86726f21b7	2024-02-28	Roy-043	?	0	0	open	2		Sketcher: Change Sketcher_CreatePointFillet button text to match menu text	Gui/CommandCreateGeo.cpp
6a3c689d40	2024-02-28	pre-commit-ci[bot]	noise	0	0	open	4		[pre-commit.ci] auto fixes from pre-commit.com hooks	Gui/CommandCreateGeo.cpp
5cc566bb98	2024-02-28	Roy-043	?	1	0	have(sync)	8		Sketcher: improve GUI texts for rectangles	Gui/DrawSketchHandlerRectangle.h
8f1b8b1f1f	2024-02-28	pre-commit-ci[bot]	noise	0	0	have(sync)	5		[pre-commit.ci] auto fixes from pre-commit.com hooks	Gui/DrawSketchHandlerRectangle.h
dcc41bf80c	2024-02-28	Roy-043	?	0	0	partial(sync)	42		Sketcher: improve GUI texts for arcs and conics	Gui/CommandCreateGeo.cpp Gui/DrawSketchHandlerEllipse.h
5829c3a058	2024-02-28	pre-commit-ci[bot]	noise	0	0	open	51		[pre-commit.ci] auto fixes from pre-commit.com hooks	Gui/CommandCreateGeo.cpp
8145eed95f	2024-02-29	Roy-043	?	0	0	partial(sync)	36		Sketcher: Sketcher_ConstrainHorizontal before Sketcher_ConstrainVertical in GUI	Gui/TaskSketcherElements.cpp Gui/ViewProviderSketch.cpp Gui/Workbench.cpp
4e29ce1fcf	2024-03-02	Max	feature	0	0	have(sync)	4		add description of colinear function to Sketcher_ConstrainTangent	Gui/CommandConstraints.cpp
a8ae56e06a	2024-03-02	Josh Coalson	fix	0	0	partial(sync)	30		Part: Rename AttachExtension::Support property to AttachmentSupport, to avoid name conflict with base features.  Fixes #7052	App/SketchObject.cpp Gui/Command.cpp Gui/CommandConstraints.cpp Gui/ViewProviderSketch.cpp
8743f5e82a	2024-03-04	wmayer	noise	0	0	have(sync)	10		Sketch: fix compiler warning	App/SketchObject.cpp
e4d304f934	2024-01-21	Ladislav Michl	feature	1	0	open	26	taken 88c9baa853	Base: Implement TimeElapsed	App/Sketch.cpp App/planegcs/GCS.cpp
988391fe22	2024-03-04	Chris Hennes	noise	1	0	have(sync)	1		Sketcher: Fix missing translation of 'Sketcher visual'	Gui/Workbench.cpp
5d1564fec5	2024-03-05	wmayer	fix	1	0	n/a(uncompiled)	8		Sketcher: fix crash when trying to edit malformed sketch	Gui/EditModeConstraintCoinManager.cpp
9961f2949a	2024-03-11	xtemp09	fix	0	0	have(sync)	5		Fix segmentation fault in Sketcher	Gui/ViewProviderSketch.cpp
d56a051c4c	2024-03-03	Chris Hennes	noise	0	0	have(sync)	9		Sketcher: Translate menu entries for rectangle spec	Gui/DrawSketchHandlerRectangle.h
b0fab6ec79	2024-03-03	Chris Hennes	noise	0	0	have(sync)	21		Sketcher: Fix missing translations in DSH tools	Gui/DrawSketchHandlerArc.h Gui/DrawSketchHandlerArcSlot.h Gui/DrawSketchHandlerCircle.h Gui/DrawSketchHandlerEllipse.h Gui/DrawSketchHandlerLine.h Gui/DrawSketchHandlerOffset.h
46e2c45e2e	2024-03-04	Chris Hennes	noise	1	0	open	3		Sketcher: Translate QWidgetAction items	Gui/Command.cpp
18f6abb3c0	2024-03-08	Roy-043	fix	0	0	partial(sync)	28		Sketcher: correct position of ConstrainLock and ConstrainRadiam in GUI	Gui/TaskSketcherElements.cpp Gui/Workbench.cpp
d9fc266772	2024-03-12	Chris Hennes	noise	0	0	partial(sync)	12		Sketcher: Remove trailing spaces from translations	Gui/TaskSketcherConstraints.cpp Gui/ViewProviderSketch.cpp
fc8f93d437	2024-03-16	wmayer	fix	0	0	have(sync)	14		Sketch: fixes #12480: Sketcher_CreateBSplineByInterpolation Unhandled unknown C++ exception	Gui/DrawSketchHandlerBSplineByInterpolation.h
a7b78530da	2024-02-27	PaddleStroke	noise	0	0	have(sync)	25		DrawSketchController: Fix crazy focus behavior in tool widget (see in the translate tool).	Gui/DrawSketchController.h Gui/DrawSketchDefaultWidgetController.h Gui/SketcherToolDefaultWidget.cpp
65da0c1d6f	2024-03-18	PaddleStroke	refactor	0	0	have(sync)	23		Sketcher: Rename 'FocusOut' signal to 'TabOrEnterPressed'	Gui/DrawSketchDefaultWidgetController.h Gui/SketcherToolDefaultWidget.cpp Gui/SketcherToolDefaultWidget.h
9d43e7fda7	2024-03-12	PaddleStroke	fix	0	0	have(sync)	2		Sketcher : fix error in className of CmdSketcherCompHorizontalVertical	Gui/CommandConstraints.cpp
b3fe5bba28	2024-03-12	PaddleStroke	feature	0	0	partial(sync)	1738		Sketcher: Chamfer tool (and fillet refactor)	App/SketchObject.cpp App/SketchObject.h App/SketchObjectPyImp.cpp Gui/CommandCreateGeo.cpp Gui/DrawSketchHandlerFillet.h Gui/Resources/Sketcher.qrc Gui/Resources/icons/geometry/Sketcher_CreateChamfer.svg Gui/Resources/icons/pointers/Sketcher_Pointer_Create_Chamfer.svg Gui/Resources/icons/pointers/Sk
4ca8e3b283	2024-03-12	Max Wilfinger	feature	0	0	have(sync)	3		add constraint perpendicular to the context menu if a conic and line is selected.	Gui/ViewProviderSketch.cpp
5839134e95	2024-03-18	luzpaz	noise	0	0	partial(sync)	4	partial 88c9baa853: Gui/ViewProviderSketch.cpp	Fix various typos throughout the codebase (#13029)	App/planegcs/Geo.h Gui/ViewProviderSketch.cpp
4f429e3288	2024-03-19	wmayer	fix	0	0	open	21		"Fixes #12186: Two new Sketcher preferences should show ""Restart required"" popup"	Gui/SketcherSettings.cpp Gui/SketcherSettings.h
e4213fc10f	2024-02-16	PaddleStroke	feature	0	0	partial(sync)	1214		Sketcher: Symmetry tool rework.	App/SketchObject.cpp App/SketchObject.h Gui/CMakeLists.txt Gui/CommandSketcherTools.cpp Gui/DrawSketchHandlerSymmetry.h Gui/Resources/Sketcher.qrc Gui/Resources/icons/pointers/Sketcher_Pointer_Create_Symmetry.svg
a8254a4e0c	2024-02-24	Florian Foinant-Willig	?	0	0	partial(sync)	171	partial 88c9baa853: Gui/CommandConstraints.cpp	Sketcher : ArcLength Constraint	App/Sketch.cpp App/planegcs/Constraints.cpp App/planegcs/Constraints.h App/planegcs/GCS.cpp App/planegcs/GCS.h App/planegcs/Geo.h Gui/CommandConstraints.cpp
646b4381f9	2024-02-25	Florian Foinant-Willig	?	0	0	partial(sync)	85		Sketcher: ArcLength GUI	Gui/EditModeConstraintCoinManager.cpp Gui/ViewProviderSketch.cpp
ab7c1423fb	2024-03-11	Florian Foinant-Willig	fix	0	0	open	4	taken 88c9baa853	fix undeclared M_PI	App/planegcs/Constraints.cpp
f19df465ea	2024-03-21	Zheng, Lei	?	0	0	have(sync)	47		Toponaming/Part: Move sketcher override of getElementName over	App/SketchObject.cpp App/SketchObject.h
55acedb83d	2024-03-24	bgbsww	feature	0	0	partial(sync)	94		Clean, enable disabled element map code in sketcher, add tests	App/SketchObject.cpp tests/App/SketchObject.cpp
a7251a6c3a	2024-03-25	Roy-043	noise	0	0	partial(sync)	14		Sketcher: Spelling colinear -> collinear	Gui/CommandConstraints.cpp Gui/DrawSketchHandlerArc.h Gui/DrawSketchHandlerCircle.h Gui/EditModeConstraintCoinManager.cpp SketcherTests/TestSketchFillet.py
4c9b21d003	2024-03-26	wmayer	noise	0	0	have(sync)	16		Sketcher: fix typo in function name -> areCollinear	Gui/DrawSketchHandlerArc.h Gui/DrawSketchHandlerCircle.h Gui/DrawSketchHandlerEllipse.h Gui/Utils.cpp Gui/Utils.h
4df1088896	2024-03-27	bgbsww	fix	1	0	have(sync)	5		Toponaming/Part: Bug fix for #13169 while we sort this out	App/SketchObject.cpp
beb66d3cfb	2024-03-19	Roy-043	?	0	0	open	2		Sketcher: Improve menu text of Sketcher_MapSketch	Gui/Command.cpp
6ca8b2daae	2024-03-23	Max Wilfinger	?	0	0	partial(sync)	418		update hardcoded XPMs to .svg files. Updated .svg icons for clarity.	Gui/Resources/Sketcher.qrc Gui/Resources/icons/Sketcher_NotFullyConstrained.svg Gui/ViewProviderSketch.cpp
da7ee06d67	2024-03-30	ppphp	fix	0	0	have(sync)	2		fix: c++20 deprecate [=]	Gui/DrawSketchController.h
c014ab7a4e	2024-03-30	ppphp	fix	0	1	have(rev)	1		fix: some unuse argument warning	Gui/DrawSketchHandlerSymmetry.h
b5fa008272	2024-03-30	pre-commit-ci[bot]	noise	0	1	have(rev)	10		[pre-commit.ci] auto fixes from pre-commit.com hooks	Gui/DrawSketchController.h
6c0865a7b9	2024-03-31	Roy-043	refactor	1	0	open	4		Sketcher: Rename Sketcher_BSplineApproximate.svg	Gui/CommandSketcherBSpline.cpp Gui/Resources/Sketcher.qrc Gui/Resources/icons/splines/{Sketcher_BSplineApproximate.svg => Sketcher_BSplineConvertToNURBS.svg}
5668b6952b	2024-03-28	PaddleStroke	fix	1	0	have(sync)	82		Sketcher: Chamfer Fix #13049	App/SketchObject.cpp
64054d13c4	2024-03-25	PaddleStroke	feature	0	0	open	104		Sketcher: Add line mid-point auto-constraint	Gui/DrawSketchDefaultHandler.h Gui/DrawSketchHandler.cpp
c26f52c4e4	2024-03-26	PaddleStroke	fix	0	1	have(rev)	5		Sketcher: Symmetry fix #13164	App/SketchObject.cpp Gui/DrawSketchHandlerSymmetry.h
581dee4d48	2024-03-28	PaddleStroke	fix	0	0	open	22		Sketcher: Fixes #13181	Gui/CommandAlterGeometry.cpp Gui/CommandCreateGeo.cpp Gui/Resources/Sketcher.qrc Gui/Resources/icons/geometry/{Sketcher_Create_Periodic_BSplineByInterpolation.svg => Sketcher_CreatePeriodicBSplineByInterpolation.svg} Gui/Resources/icons/geometry/{Sketcher_Create_Periodic_BSplineByInterpolation_Const
d92267c6a7	2024-04-03	wmayer	noise	0	0	have(sync)	5		Fix several compiler warnings	Gui/DrawSketchHandlerSymmetry.h Gui/ViewProviderSketch.cpp
ba27d6d92d	2024-04-03	wmayer	feature	0	0	have(sync)	4		Part: Add overloaded methods of GeomBSplineCurve::approximate	App/SketchObject.cpp
6779c912bf	2024-04-04	CalligaroV	fix	0	0	open	9	n/a: an #ifndef FC_USE_TNP_FIX fallback in App/GeoFeature; the fork is the TNP fix, no fallback path	App/Toponaming: GeoFeature - fixes #13009 - fixes #13248  * Restored previous logic of GeoFeature::getElementName()  * Added precompiler directive to use the old logic if FC_USE_TNP_FIX isn't defined, otherwise use the new logic  * Reworked SketchObjectTest::getElementName() as a consequence of the previous points	tests/App/SketchObject.cpp
5efc44d56a	2024-03-28	PaddleStroke	noise	0	1	have(rev)	5		Sketcher: Translate Fixes #13189 horizontal/vertical lost.	Gui/DrawSketchHandlerTranslate.h
81fcfa1dbe	2024-03-22	PaddleStroke	?	1	0	have(sync)	6		Sketcher: Point DSH: take construction mode into account.	Gui/DrawSketchHandlerPoint.h
f5da655429	2024-03-22	PaddleStroke	?	0	0	open	125		Sketcher: Points color reflect their construction state. Remove Vertex color.	Gui/EditModeCoinManager.cpp Gui/EditModeCoinManagerParameters.cpp Gui/EditModeCoinManagerParameters.h Gui/EditModeGeometryCoinConverter.cpp Gui/EditModeGeometryCoinManager.cpp Gui/SketcherSettings.cpp Gui/SketcherSettingsAppearance.ui
c42b1f1654	2024-03-22	PaddleStroke	?	0	0	n/a(uncompiled)	119		Sketcher: Make coincident points the same color as constraints.	Gui/EditModeCoinManagerParameters.h Gui/EditModeGeometryCoinManager.cpp
0fcaf5ccae	2024-03-27	PaddleStroke	fix	1	0	have(sync)	147		Sketcher: Rectangle DSH Fixes #12297	Gui/DrawSketchHandlerRectangle.h
33abd923b3	2024-03-30	Max Wilfinger	feature	0	0	have(sync)	58		Update Sketcher context menu. Refine poposed constraints on point selection. Add symmetry constraint to context menu. Rearrange commands to be consistent with the toolbar.	Gui/ViewProviderSketch.cpp Gui/Workbench.cpp
b64e3e750f	2024-04-03	wmayer	feature	0	0	have(sync)	57		Sketch: add command to context-menu to change value of constraint	Gui/CommandConstraints.cpp Gui/ViewProviderSketch.cpp
c9d8bdf13d	2024-04-07	bgbsww	feature	0	0	have(sync)	30		Toponaming/Part: Add deprecation comments, clean up code	App/SketchObject.cpp
a88e7baff5	2024-04-13	bgbsww	fix	0	0	have(sync)	2		TopoShape/Part:  Bug fixes; pass Hasher parms, OCCT 7.8 compatibility, ElementMaps correct item count	App/SketchObject.cpp
4b968a607d	2024-03-28	PaddleStroke	fix	0	0	open	142		Sketcher: Trim tool, hold click and move. Fixes #6152	Gui/DrawSketchHandlerTrimming.h
280452bcc8	2024-04-17	PaddleStroke	fix	0	0	open	30		Sketcher: Fix mid-point autoconstraint not working on polyline. Fixes #13277	Gui/DrawSketchHandler.cpp
64029d3a5b	2024-04-17	wmayer	fix	0	0	open	20		Sketcher: fix crash in CmdRenderingOrder::updateIcon()	Gui/Command.cpp
7909815002	2024-04-18	Roy-043	?	0	0	open	24		Sketcher: Improve GUI texts in SketcherSettingsAppearance.ui	Gui/SketcherSettingsAppearance.ui
52935f8249	2024-04-21	wmayer	?	1	0	open	94	taken 619abdfac4	Sketch: expose several methods to Python	App/SketchObjectPy.xml App/SketchObjectPyImp.cpp
989c710d17	2024-04-21	wmayer	noise	1	0	open	150		Sketch: Fix linter warnings	Gui/TaskSketcherValidation.cpp
37f0ad43f9	2024-04-21	wmayer	fix	0	0	open	9		Sketcher: Fixes #13518: ValidateSketch cannot be scripted	Gui/TaskSketcherValidation.cpp
0a514c201a	2024-04-14	Roy-043	?	0	1	have(rev)	12		Sketcher: Make constraints menu texts more consistent	Gui/CommandConstraints.cpp
50be3dcdfc	2024-04-14	Roy-043	?	1	0	open	6		Sketcher: Make geometry menu texts more consistent	Gui/CommandCreateGeo.cpp
cb0a2d2809	2024-04-17	PaddleStroke	?	0	0	partial(sync)	144		Sketcher: Joint Line and Polyline in a command group.	Gui/CommandAlterGeometry.cpp Gui/CommandCreateGeo.cpp Gui/Workbench.cpp
05e79b5d0a	2024-04-11	PaddleStroke	feature	0	0	have(sync)	44		Sketcher: Reorganize toolbars	Gui/Workbench.cpp
3a9547c235	2024-04-22	Chris Hennes	?	0	0	open	3		Start: Create 'First Start' screen	tests/App/planegcs/Constraints.cpp
832a0653fa	2024-01-14	hlorus	fix	1	0	open	89	n/a: no unified Measure module in the fork	[Sketcher] Add handlers for unified measurement facility	App/AppSketcher.cpp App/CMakeLists.txt App/Measure.cpp App/Measure.h
c14e735c20	2024-04-24	wmayer	fix	1	0	open	17		Sketcher: Fix possible crash inside ~CurveConverter()	Gui/DrawSketchHandler.cpp
56f84c8042	2024-04-30	wmayer	noise	0	0	open	1		Fix various compiler warnings:	Gui/DrawSketchHandler.cpp
d7ade12dc3	2024-04-21	bgbsww	fix	0	0	partial(sync)	67		Ensure we set up a valid sketch even with invalid external references	App/SketchObject.cpp SketcherTests/TestSketcherSolver.py
2e7a1cf358	2024-04-11	PaddleStroke	feature	0	0	have(sync)	80		Sketcher: Dimension tool : add arc length	Gui/CommandConstraints.cpp
3d2419effc	2024-05-06	Max Wilfinger	feature	0	0	partial(sync)	636		Sketcher / UI: Update Sketcher Toolbars (#13763)	Gui/CommandAlterGeometry.cpp Gui/CommandConstraints.cpp Gui/CommandCreateGeo.cpp Gui/SketcherSettings.ui Gui/Workbench.cpp
4499ea5b88	2024-05-06	Florian Foinant-Willig	fix	1	0	have(sync)	6		Fix 12755 (#13802)	Gui/DrawSketchHandlerArc.h
684c424ccc	2024-05-06	PaddleStroke	fix	0	0	have(sync)	2		Sketcher: fix OVP placement issue #13827	Gui/DrawSketchController.h
52ffab90e5	2024-04-12	PaddleStroke	fix	0	0	open	335		Core/Sketcher: Create ToolHandler class in core for core reuse accross other wbs.	Gui/DrawSketchHandler.cpp Gui/DrawSketchHandler.h
711a7ad827	2024-04-15	PaddleStroke	fix	0	0	have(sync)	21		Sketcher: Dimension : little fixes	Gui/CommandConstraints.cpp
a3344c1ab8	2024-05-07	PaddleStroke	?	0	0	n/a(uncompiled)	4		Sketcher: Red point if end-point perpendicular	Gui/EditModeGeometryCoinManager.cpp
b48bbe390b	2024-05-07	PaddleStroke	fix	0	0	n/a(uncompiled)	2		Sketcher: change rendering height of internal alignment. So that bpsline appears connected. Fixes second part of #13849	Gui/EditModeGeometryCoinManager.cpp
bad3a83827	2024-05-07	bgbsww	fix	0	0	have(sync)	2		Fix #13858	App/SketchObject.cpp
23537d97d7	2024-05-12	marcuspollio	?	1	0	open	6		Sketcher UI: Update Task panels icons	Gui/TaskSketcherConstraints.cpp Gui/TaskSketcherElements.cpp Gui/TaskSketcherMessages.cpp
84ae6b9b7b	2024-05-11	bgbsww	?	0	0	open	2		Toponaming: bring in missing code fragments in Part	tests/App/SketchObject.cpp
0e24e121eb	2024-05-06	Johannes Wuller	noise	0	0	open	23		Fix backwards-compatible Qt6 warnings	Gui/EditDatumDialog.cpp Gui/TaskSketcherConstraints.cpp Gui/TaskSketcherElements.cpp Gui/TaskSketcherMessages.cpp
869cb1f83b	2024-05-11	bgbsww	?	0	0	have(sync)	84		Toponaming: bring in missing code fragments in Sketcher	App/SketchObject.cpp App/SketchObject.h
f3327475b9	2024-05-14	wmayer	?	1	0	open	7		Gui: move to new-style connect() in createEditor()	Gui/PropertyConstraintListItem.cpp Gui/PropertyConstraintListItem.h
ad7ceb8ba6	2024-05-15	bgbsww	fix	0	0	have(sync)	7		Toponaming: Fix point crash bug	App/SketchObject.cpp
c43658ea89	2024-05-15	PaddleStroke	fix	1	0	open	31		Sketcher: fixes #13999	Gui/DrawSketchControllableHandler.h Gui/DrawSketchDefaultHandler.h
6bac37db2e	2024-05-16	PaddleStroke	fix	0	0	open	4		Update DrawSketchDefaultHandler.h	Gui/DrawSketchDefaultHandler.h
0c53340746	2024-05-17	PaddleStroke	fix	0	0	n/a(uncompiled)	7		Sketcher: Fix distance arc helper : should appear only if constraining the edge.	Gui/EditModeConstraintCoinManager.cpp
7075e3c1d5	2024-05-17	PaddleStroke	fix	0	0	have(sync)	4		Sketcher: Fix line to arc point distance movement problem	Gui/ViewProviderSketch.cpp
27b1caa82b	2024-05-18	wmayer	refactor	1	0	open	349	taken 88c9baa853	Sketch: Refactor Sketch::updateGeometry()	App/Sketch.cpp App/Sketch.h
83d91d61c6	2024-05-21	wmayer	fix	0	0	partial(sync)	47		Sketcher: Fix accessibility of some group commands	Gui/CommandConstraints.cpp Gui/CommandCreateGeo.cpp
5696ee821c	2024-05-26	wmayer	fix	1	0	partial(sync)	49		Sketcher: Fixes #14240	App/SketchAnalysis.cpp App/SketchObject.cpp App/SketchObject.h Gui/TaskSketcherValidation.cpp Gui/TaskSketcherValidation.h
b9db90ea20	2024-05-09	0penBrain	fix	0	0	have(sync)	9		"Gui: offer possibility to editing view provider to handle ""Select All"" command"	Gui/ViewProviderSketch.cpp Gui/ViewProviderSketch.h
e7c11a01be	2024-05-27	Syres916	?	0	0	have(sync)	15		[Sketcher] Change HeadlightIntensity entering and exiting Edit Mode (#14013)	Gui/ViewProviderSketch.cpp
6bbf61b1f2	2024-05-27	PaddleStroke	fix	0	0	have(sync)	10		Sketcher: Fix copy of geo constrained to axis. Fixes #14233	App/PythonConverter.cpp
9d0320198f	2024-05-26	Max Wilfinger	?	0	0	have(sync)	3		Revert UI command change in Sketcher and PartDesign	Gui/Workbench.cpp
f52a039811	2024-05-24	Syres916	fix	1	0	open	57		[Sketcher] Add new Fix Missing Coincident test	CMakeLists.txt SketcherTests/TestSketchValidateCoincidents.py TestSketcherApp.py
cdec6dd1a2	2024-05-27	wmayer	fix	0	0	open	78		Sketch: Fix TestSketchValidateCoincidents	SketcherTests/TestSketchValidateCoincidents.py
e96ac0b1db	2024-05-27	wmayer	feature	0	0	open	61	adapted 619abdfac4: its test passes on the binding; getDegeneratedGeometries refactor not taken	Sketch: Add test case for degenerated geometry	App/SketchAnalysis.cpp App/SketchAnalysis.h SketcherTests/TestSketchValidateCoincidents.py
948d747c6c	2024-05-27	wmayer	feature	0	0	open	17	taken 66ca11b76d (test), enabled by 619abdfac4	Sketch: Add test case for deleting constraints with external geometry	SketcherTests/TestSketchValidateCoincidents.py
e67502025d	2024-05-27	wmayer	feature	0	0	partial(sync)	48	taken 66ca11b76d (test), enabled by 619abdfac4; the rest is braces	Sketch: Add test case for validating constraints	App/SketchObject.cpp SketcherTests/TestSketchValidateCoincidents.py
5982ac470e	2024-05-28	wmayer	refactor	0	0	open	32		Sketch: Refactor SketchAnalysis	App/SketchAnalysis.cpp App/SketchAnalysis.h
bcc1a9ada5	2024-05-28	wmayer	refactor	0	0	open	214		Sketch: Refactor SketchAnalysis	App/SketchAnalysis.cpp
5461d0d27f	2024-05-28	wmayer	refactor	0	0	partial(sync)	108		Sketch: Refactor SketchAnalysis	App/SketchAnalysis.cpp App/SketchAnalysis.h App/SketchObject.cpp
d5c92fee98	2024-05-28	wmayer	refactor	1	0	partial(sync)	66		Sketch: Refactor SketchAnalysis	App/SketchAnalysis.cpp App/SketchAnalysis.h App/SketchObject.cpp
1c03bc4eaa	2024-05-28	wmayer	refactor	0	0	partial(sync)	71		Sketch: Refactor SketchAnalysis	App/SketchAnalysis.cpp App/SketchAnalysis.h App/SketchObject.cpp
e0e2e01484	2024-05-28	wmayer	refactor	0	0	open	157		Sketch: Refactor SketchAnalysis	App/SketchAnalysis.cpp App/SketchAnalysis.h
112c26cf1c	2024-05-28	wmayer	refactor	0	0	open	100		Sketch: Refactor SketchAnalysis	App/SketchAnalysis.cpp App/SketchAnalysis.h
7e5b0d570a	2024-05-28	wmayer	refactor	0	0	open	202		Sketch: Refactor SketchAnalysis	App/SketchAnalysis.cpp
ddfc21afc1	2024-05-28	wmayer	refactor	0	0	open	262		Sketch: Refactor SketchAnalysis	App/SketchAnalysis.cpp
4185605d5e	2024-05-29	wmayer	noise	1	0	open	7		clang/gcc: Add build option FREECAD_WARN_ERROR to force to make warnings into errors	App/CMakeLists.txt Gui/CMakeLists.txt
5c7d287f6b	2024-05-30	Max Wilfinger	?	0	0	have(sync)	31		Changes override draw style when entering sketch edit mode.	Gui/ViewProviderSketch.cpp
4e8f3f0381	2024-05-30	Max Wilfinger	feature	0	0	partial(sync)	63		Added preference for disabling shaded override draw style when entering sketch edit mode. Storing previous override draw style and applying it when leaving the sketch.	Gui/SketcherSettings.cpp Gui/SketcherSettings.ui Gui/ViewProviderSketch.cpp
11fa271eb5	2024-06-03	Chris Hennes	feature	0	0	open	6		Test: Support system GTest, and give warning if no submodule (#13662)	tests/App/SketchObject.cpp tests/App/planegcs/Constraints.cpp tests/App/planegcs/GCS.cpp
a4b97e29d6	2024-05-27	howie-j	fix	1	0	have(sync)	51		Fixes #12384	Gui/DrawSketchHandlerCircle.h
8def94e6f8	2024-05-30	Kacper Donat	?	0	0	have(sync)	76		Gui: Update sketcher colors after file load	Gui/ViewProviderSketch.cpp Gui/ViewProviderSketch.h
a7e1760bfb	2024-06-02	Emmanuel Obrien	?	0	0	open	33		Speedup sketcher item selection	Gui/TaskSketcherElements.cpp
62279d083d	2024-06-10	mosfet80	refactor	0	0	have(sync)	68		[mod] clean (#14378)	App/SketchObject.cpp
833e9cc8ab	2024-06-04	PaddleStroke	fix	0	0	open	6		Sketcher: Fix default value of dimConstrDeactivatedColor	Gui/SketcherSettingsAppearance.ui
d467236564	2024-06-04	bgbsww	?	1	0	open	7	taken 88c9baa853	Guard all uses of basic_random_generator for thread safety	App/Constraint.cpp
e6b18dc381	2024-05-24	PaddleStroke	noise	0	0	have(sync)	12		Sketcher: polygone DSH, typo fix	Gui/DrawSketchHandlerPolygon.h
22a98d81f0	2024-06-13	PaddleStroke	fix	0	0	have(sync)	13		Sketcher: - Give focus to the MDI so that keyboard events are caught after starting edit. Else pressing ESC right after starting edit will not be caught to exit edit mode. - After tool handler is purged, give back focus to MDI to make sure VPSketch receive the keyboard event. Else if user start a tool, dismiss it with ESC, then press ESC again to exit edit mode it won't be detected.	Gui/ViewProviderSketch.cpp
4d15b8f66a	2024-06-13	PaddleStroke	fix	0	0	have(sync)	22		Sketcher: Fix circle diameter OVP	Gui/DrawSketchHandlerCircle.h
177673a056	2024-05-27	PaddleStroke	feature	0	0	partial(sync)	2207		Sketcher: BSpline DSH: implement OVP/widget	Gui/CMakeLists.txt Gui/CommandCreateGeo.cpp Gui/DrawSketchController.h Gui/DrawSketchDefaultHandler.h Gui/DrawSketchHandlerBSpline.h Gui/DrawSketchHandlerBSplineByInterpolation.h
a98d7eb288	2024-06-12	Alexandre Prokoudine	feature	0	1	have(rev)	4		Adjust names of two Sketcher tools to make their functions discoverable	Gui/CommandSketcherTools.cpp
77eedb84f8	2024-06-01	Mihail Dumitrescu	fix	0	0	have(sync)	306		Fix importing arcs and elliptical arcs as external geometry.	App/SketchObject.cpp
2d22e7a21a	2024-06-17	bgbsww	fix	0	0	have(sync)	5		Toponaming: Fix crash with invalid external geometry	App/SketchObject.cpp
a36a60d29d	2024-06-17	Chris Hennes	fix	0	0	open	1	have	Fem/Sketcher: Fix missing PreCompiled.h files	App/PreCompiled.h
f6e67a009d	2024-06-18	wmayer	noise	0	0	partial(sync)	18	partial 88c9baa853: App/SketchObject.cpp Gui/CommandConstraints.cpp Gui/DrawSketchHandlerOffset.h Gui/EditModeGeometryCoinConverter.cpp Gui/EditModeGeometryCoinConverter.h	Fix several compiler warnings	App/SketchObject.cpp App/planegcs/GCS.cpp Gui/CommandConstraints.cpp Gui/DrawSketchHandlerOffset.h Gui/EditModeGeometryCoinConverter.cpp Gui/EditModeGeometryCoinConverter.h
d2491541e1	2024-06-23	Max Wilfinger	feature	1	0	open	6		Rename OVP preference options	Gui/SketcherSettings.cpp
4a486b21ed	2024-05-29	CalligaroV	fix	0	0	partial(sync)	51		Sketcher: fix external edges selection  * fix selection from Sketcher Task Panel  * fix selection from 3D View  * Synchronize selection between Task Panel and 3D View	Gui/TaskSketcherElements.cpp Gui/ViewProviderSketch.cpp
8bf54ad82f	2024-06-24	Syres916	fix	0	0	partial(sync)	21		[Sketcher] Correct default OVP and Geometry Creation colors... (#14763)	Gui/DrawSketchController.h Gui/EditModeCoinManagerParameters.cpp Gui/SketcherSettingsAppearance.ui
7c15affce6	2024-05-31	Ajinkya Dahale	?	0	0	have(sync)	11		[Sketcher] Rearrange directives to appease syntax highlight	App/SketchObject.cpp
de61b9dc9f	2024-06-05	Ajinkya Dahale	fix	0	0	have(sync)	46		[Sketcher] Fix some issues with trimming splines	App/SketchObject.cpp
333ca836c0	2024-06-05	Ajinkya Dahale	?	0	0	have(sync)	20		[Sketcher] Delete point-on-object on trimmed portion	App/SketchObject.cpp
7a4bc95d47	2024-06-27	Zheng, Lei	feature	0	0	have(sync)	147		Toponaming: Transfer in missing Code for BaseFeatures and Sketches	App/SketchObject.cpp App/SketchObject.h
a674729dd3	2024-06-27	bgbsww	refactor	0	0	have(sync)	12		Toponaming: Cleanups	App/SketchObject.cpp
54920e6611	2024-06-27	pre-commit-ci[bot]	refactor	0	0	have(sync)	7		Review cleanups	App/SketchObject.h
d65ee84ff2	2024-06-28	bgbsww	refactor	0	0	have(sync)	3		Cleanup	App/SketchObject.cpp
fe89807f53	2024-07-01	wmayer	?	0	0	open	30		Sketcher: Delete key in non-functional in macOS	Gui/DrawSketchKeyboardManager.cpp Gui/ShortcutListener.cpp
e490531510	2024-07-01	Max Wilfinger	feature	0	0	open	6		Activate Part/Part Design check and refine preferences by default (#14406)	SketcherTests/TestSketcherSolver.py
2abe477651	2024-07-01	FEA-eng	feature	1	0	open	172		Sketcher: New carbon copy icons (#15074)	Gui/Resources/icons/geometry/Sketcher_CarbonCopy.svg Gui/Resources/icons/geometry/Sketcher_CarbonCopy_Constr.svg
fa0fdf22cf	2024-06-27	PaddleStroke	fix	0	0	have(sync)	96		Sketcher: Dimension: Fix constraint switching. Refactor a little bit by adding finishDimensionCreation to reduce code copies.	Gui/CommandConstraints.cpp
d92742f9c6	2024-07-02	PaddleStroke	fix	0	0	have(sync)	94		Sketcher: Dimension: Prevent the use of Undo from crashing.	Gui/CommandConstraints.cpp
09209436d2	2024-07-03	PaddleStroke	fix	1	0	open	25		Sketcher: add SketcherSettings::resetSettingsToDefaults to reset correctly some settings.	Gui/SketcherSettings.cpp Gui/SketcherSettings.h
858e59fabf	2024-06-30	wmayer	fix	0	0	open	4	n/a: the warnings are commented out	Sketcher: Fix format string in ExternalGeometryFacade::initExtensions()	App/ExternalGeometryFacade.cpp
561e521817	2024-07-05	wmayer	fix	1	0	open	2		MSVC: Fix warning C4005: 'NOMINMAX': macro redefinition	Gui/PreCompiled.h
1eaf89b485	2024-06-26	wmayer	fix	1	0	open	28		Sketcher: Handle PyException in createGeneratedAutoConstraints	Gui/DrawSketchDefaultHandler.h
6a309e889e	2024-06-26	PaddleStroke	fix	0	0	open	12		Sketcher: BSpline: Fix crash when cancelled while only one point with autoconstraint.	Gui/DrawSketchHandlerBSpline.h
cef87b5642	2024-06-27	PaddleStroke	fix	0	0	open	8		Sketcher: BSpline DSH: Fix crash: If you create new sketch, start bspline tool and change mode, it would crash. It's because it was doing a abortCommand before the command was opened. So it cancelled the create sketch command.	Gui/DrawSketchHandlerBSpline.h
24c7d3ef25	2024-06-28	Chris Hennes	?	1	0	open	268		Sketcher: Switch SnapManager from Win-1252 to UTF-8	Gui/SnapManager.h
51c6dbd3e3	2024-07-08	ppphp	fix	0	0	partial(sync)	222		fix unique ptr usage in sketch (#15008)	Gui/CommandConstraints.cpp Gui/CommandCreateGeo.cpp Gui/CommandSketcherBSpline.cpp Gui/CommandSketcherTools.cpp Gui/CommandSketcherVirtualSpace.cpp Gui/DrawSketchDefaultHandler.h Gui/DrawSketchHandlerCircle.h Gui/Utils.cpp Gui/Utils.h Gui/ViewProviderSketch.cpp Gui/ViewProviderSketch.h
4eb57fb50d	2024-06-28	Chris Hennes	?	0	0	open	4		Sketcher: Resolve unsafe combination of bool and int in |	Gui/TaskSketcherConstraints.cpp Gui/TaskSketcherElements.cpp
e09d8c58f7	2024-07-08	FEA-eng	?	0	0	n/a(uncompiled)	12		Sketcher: Increase default width of dashed lines (#15075)	Gui/EditModeCoinManager.cpp Gui/SketcherSettingsAppearance.ui
b7c6ffe785	2024-07-01	PaddleStroke	noise	0	1	have(rev)	14		Sketcher: scale/translate: fix OVP warning if disabled	Gui/DrawSketchHandlerScale.h Gui/DrawSketchHandlerTranslate.h
fadb607054	2024-07-01	wmayer	?	0	0	open	1		Tests: Make PD and Sketcher tests independent of user settings	SketcherTests/TestSketcherSolver.py
5e4ab51c02	2024-06-27	PaddleStroke	fix	0	0	partial(sync)	28		Sketcher: Bspline: Fix degree visibility, default value and combobox not updating with methode change.	Gui/DrawSketchDefaultWidgetController.h Gui/DrawSketchHandlerBSpline.h
8668d48b2d	2024-07-08	wmayer	noise	0	0	have(sync)	8		Sketch: Fix compiler warnings	Gui/CommandConstraints.cpp
7d21d9edb8	2024-07-09	Max Wilfinger	noise	0	0	partial(sync)	115		Fix source string typos mentioned on Crowdin (#15261)	App/SketchAnalysis.cpp App/SketchObject.cpp App/SketchObjectPy.xml Gui/Command.cpp Gui/CommandConstraints.cpp Gui/CommandSketcherBSpline.cpp Gui/CommandSketcherTools.cpp Gui/DrawSketchHandlerBSpline.h Gui/DrawSketchHandlerLineSet.h Gui/EditModeGeometryCoinConverter.cpp Gui/EditModeInformationOverlay
af1f7385d4	2024-07-05	bgbsww	noise	0	0	open	15		Toponaming: Comment out console warnings triggered by external geometry	App/ExternalGeometryFacade.cpp
9868533d8d	2024-07-03	PaddleStroke	fix	0	0	have(sync)	1		Sketcher: Fix undo of external creation not working.	App/SketchObject.cpp
d3a9b11599	2024-07-08	PaddleStroke	fix	0	1	have(rev)	16		Sketcher: Fix offset crash that was caused by coincident wires that were unconstrained.	Gui/DrawSketchHandlerOffset.h
a1487106ab	2024-07-03	PaddleStroke	feature	0	0	have(sync)	1		Sketcher: re-apply cursor of tool when clicking.	Gui/ViewProviderSketch.cpp
bcea524177	2024-07-04	Zheng, Lei	?	0	0	have(sync)	96		Toponaming: Missing getSubObject code in PartDesign::Body and SketchObject::getSubObject	App/SketchObject.cpp
64c83f3588	2024-07-08	PaddleStroke	fix	0	0	partial(sync)	359		Sketcher: Fix bug of auto-constraints icon not clearing up on mouseMove.	Gui/DrawSketchHandler.cpp Gui/DrawSketchHandler.h Gui/DrawSketchHandlerArc.h Gui/DrawSketchHandlerArcOfEllipse.h Gui/DrawSketchHandlerArcOfHyperbola.h Gui/DrawSketchHandlerArcOfParabola.h Gui/DrawSketchHandlerArcSlot.h Gui/DrawSketchHandlerBSpline.h Gui/DrawSketchHandlerCircle.h Gui/DrawSketchHandle
4527112392	2024-07-15	PaddleStroke	fix	0	1	have(rev)	15		Sketcher: Dimension: Fix right click/esc so that it dismiss the dimension before exiting the tool.	Gui/CommandConstraints.cpp
0e5690d732	2024-07-11	Pesc0	refactor	0	0	have(sync)	101		Rename variables and clean method	App/SketchObject.cpp App/SketchObject.h
e4c707b989	2024-07-02	PaddleStroke	fix	0	0	have(sync)	21		Sketcher: Rotate: correct the name of the checkbox	Gui/DrawSketchHandlerRotate.h Gui/DrawSketchHandlerTranslate.h
c8046b1c60	2024-07-15	Chris Hennes	fix	0	0	have(sync)	17		Sketcher: Fix crash on recompute with points	App/SketchObject.cpp
1972156308	2024-07-18	Zheng, Lei	?	0	0	open	149		Transfer in code from linkstage3	App/ExternalGeometryExtension.cpp App/ExternalGeometryExtension.h App/ExternalGeometryFacade.cpp App/ExternalGeometryFacade.h App/GeometryFacade.cpp App/GeometryFacade.h App/SketchGeometryExtension.cpp App/SketchGeometryExtension.h
db9c075be8	2024-07-18	bgbsww	feature	0	0	open	14		Toponaming: Clean Code adding RefIndex to ExternalGeometry and supporting new migration types.	App/ExternalGeometryFacade.cpp App/ExternalGeometryFacade.h
159c811bce	2024-07-18	bgbsww	refactor	0	0	open	3		Toponaming: refactor getExportElementName to separate method	App/ExternalGeometryExtension.cpp
4c6b7dadeb	2024-07-20	liukaiwen	refactor	0	0	n/a(uncompiled)	2		refactor: move some nodes to Inventor folder	Gui/EditModeCoinManager.cpp
0bddc51805	2024-07-19	bgbsww	refactor	0	0	partial(sync)	79		Refactor all element name pairs into clearer struct names - renames	App/SketchObject.cpp App/SketchObject.h tests/App/SketchObject.cpp
7d344e2818	2024-07-18	Zheng, Lei	?	0	0	have(sync)	160		Toponaming: Transfer in SketchObject::InternalShape	App/SketchObject.cpp App/SketchObject.h
5c80e553a8	2024-07-21	bgbsww	refactor	0	0	have(sync)	65		Cleanup ElementNamePair member, formatting	App/SketchObject.cpp
a7bdbaa662	2024-07-18	Zheng, Lei	?	0	0	have(sync)	65		Toponaming: Transfer in getHigherElement	App/SketchObject.cpp
b29abf7ffe	2024-07-21	bgbsww	refactor	0	0	have(sync)	74		Cleanup, format	App/SketchObject.cpp App/SketchObject.h
d92029f0ba	2024-07-24	Chris Hennes	?	0	0	have(sync)	19		Apply suggestions from code review	App/SketchObject.cpp
42bf92ad12	2024-07-18	Zheng, Lei	?	0	0	have(sync)	2571		Toponaming: Transfer in ExportGeo and associated	App/SketchObject.cpp App/SketchObject.h
e15646d158	2024-07-18	bgbsww	fix	0	0	partial(sync)	471		Toponaming: Tests, cleanup, and fix axis drawing	App/SketchObject.cpp App/SketchObject.h Gui/ViewProviderSketch.cpp Gui/ViewProviderSketch.h SketcherTests/TestSketcherSolver.py tests/App/SketchObject.cpp
71870bd6f3	2024-07-26	bgbsww	refactor	0	0	partial(sync)	519		Toponaming:  Touchup cleanup	App/PreCompiled.h App/SketchObject.cpp App/SketchObject.h tests/App/SketchObject.cpp
037c05a927	2024-07-26	Chris Hennes	refactor	0	0	have(sync)	44		Sketcher/Toponaming: Minor code cleanup during review	App/SketchObject.cpp
8948505b45	2024-07-26	Chris Hennes	noise	0	0	have(sync)	141		Sketcher/Toponaming: Further linter cleanup	App/SketchObject.cpp
00990cb1e1	2024-07-28	wmayer	noise	0	0	have(sync)	8		Sketch: Fix compiler warnings	App/SketchObject.cpp
4aaf72dcc2	2024-07-26	bgbsww	fix	0	0	partial(sync)	283		Toponaming:  Final piece nine of fixing Save/Restore sketch external geometry	App/SketchGeometryExtension.cpp App/SketchObject.cpp SketcherTests/TestSketcherSolver.py
58241e027e	2024-08-01	hasecilu	noise	0	0	open	2		Fix typos on Assembly & Sketcher WBs	Gui/DrawSketchHandlerBSpline.h
e4b2bf7630	2024-07-31	bgbsww	fix	0	0	have(sync)	31		Toponaming: bring in code to fix delExternal breakage.	App/SketchObject.cpp
c0c7bd647d	2024-08-02	bgbsww	fix	0	0	have(sync)	2		Toponaming: use correct face maker	App/SketchObject.cpp
ff693a4dc2	2024-07-24	Chris Hennes	noise	1	0	have(sync)	41		Sketcher: Modernize license text	App/SketchObject.cpp
2b97b20a03	2024-08-06	bgbsww	feature	0	0	have(sync)	1		Toponaming: Additional element map changes to transform	App/SketchObject.cpp
5f74b4b299	2024-08-05	Pieter Hijma	fix	0	0	have(sync)	1		Core: Fix a missing interpreter lock	Gui/ViewProviderSketch.cpp
c9a586f34a	2024-08-22	wmayer	?	0	0	open	2	partial 88c9baa853: App/PreCompiled.h	Building: Boost dependency errors	App/Constraint.cpp App/PreCompiled.h
6a1afdc4e2	2024-08-19	Ajinkya Dahale	fix	0	0	partial(sync)	136		[Sketcher] Fix endpoint-to-endpoint/edge tangency substitution	Gui/CommandConstraints.cpp Gui/DrawSketchDefaultHandler.h Gui/DrawSketchHandler.cpp
e2664f397d	2024-08-20	Ajinkya Dahale	refactor	0	0	partial(sync)	46		[Sketcher] Use modernized geometry type checks	Gui/CommandSketcherTools.cpp Gui/DrawSketchDefaultHandler.h Gui/DrawSketchHandler.cpp Gui/DrawSketchHandlerEllipse.h Gui/EditModeConstraintCoinManager.cpp
a30bbba4df	2024-08-21	Ajinkya Dahale	fix	0	0	open	11		[Sketcher] Fix #14736	Gui/DrawSketchDefaultHandler.h
9d949c60aa	2024-08-25	pre-commit-ci[bot]	noise	1	0	n/a(uncompiled)	2		[pre-commit.ci] auto fixes from pre-commit.com hooks	Gui/EditModeInformationOverlayCoinConverter.cpp
86d5eea787	2024-08-25	Ajinkya Dahale	feature	1	0	open	21	taken 88c9baa853	[planegcs] Support circle-to-circle tangent when centers coincide	App/planegcs/Constraints.cpp
ecf7e51ab3	2024-05-20	bgbsww	fix	0	0	partial(sync)	31		Toponaming: Remove all FC_USE_TNP_FIX protected old code	App/SketchObject.cpp tests/App/SketchObject.cpp
3e33f184b4	2024-08-18	wmayer	feature	0	0	open	10		Core: Rename ViewProviderPythonFeature to ViewProviderFeaturePython	Gui/ViewProviderPython.cpp Gui/ViewProviderPython.h
84cb77f0d7	2024-08-26	Ajinkya Dahale	fix	0	0	open	5		[Sketcher] Fix a check during tangent autoconstraint	Gui/DrawSketchDefaultHandler.h
71b513c1b8	2024-08-26	Ajinkya Dahale	?	0	0	open	15		[Sketcher] Replace tangent autoconstraint with equality for circles	Gui/DrawSketchDefaultHandler.h
a7aa33f886	2024-08-29	PaddleStroke	fix	0	0	have(sync)	28		Sketcher: Circle DSH: fix seekSecond case of doEnforceControlParameters	Gui/DrawSketchHandlerCircle.h
dca9c0ca3b	2024-08-29	PaddleStroke	fix	0	1	have(rev)	3		Sketcher: Fix problem where preselectAtPoint was called after the autoconstraints being generated, hence having no effect. By adding updateDataAndDrawToPosition after we regenerate the correct autoconstraint. We cannot just move the mouseMove to after preselectAtPoint because we need to have the enforced position.	Gui/DrawSketchController.h
d43dbf2449	2024-08-29	Ajinkya Dahale	fix	0	0	open	4	taken 88c9baa853	[planegcs] Fix error gradient check in `ConstraintTangentCircumf`	App/planegcs/Constraints.cpp
2a541c9536	2024-08-28	bgbsww	fix	0	0	have(sync)	119		Toponaming:  Remove remaining FC_USE_TNP_FIX defines	App/SketchObject.cpp
ff74dd5106	2024-08-05	PaddleStroke	?	0	0	partial(sync)	683	partial 88c9baa853: App/PythonConverter.cpp	Sketcher: Make it possible to specify if the constraint is active or driving during python creation.	App/ConstraintPyImp.cpp App/PythonConverter.cpp
33e00078a5	2024-08-05	PaddleStroke	?	1	0	have(sync)	2		Sketcher: Fillet preserving point : Make point construction.	App/SketchObject.cpp
3db4633f9d	2024-08-06	PaddleStroke	feature	0	0	have(sync)	18		Sketcher: addGeometry : Remove point construction limitation.	App/PythonConverter.cpp App/SketchObject.cpp Gui/DrawSketchHandlerPoint.h
4972335385	2024-09-01	PaddleStroke	?	0	0	open	294	taken 88c9baa853	Sketcher: ConstraintPyImp: replace 'cstr' name by 'constraint'	App/ConstraintPyImp.cpp
abb1eb46e9	2024-09-03	PaddleStroke	?	0	0	have(sync)	11		"Sketcher: Point DSH : remove unecessary ""toggleConstruction(%d)"","	Gui/DrawSketchHandlerPoint.h
d01d71198d	2024-09-03	PaddleStroke	?	0	1	have(rev)	12		Sketcher: CommandConstraints: Make sure points are created as constructions in few functions.	Gui/CommandConstraints.cpp
4a770767d3	2024-09-03	Kacper Donat	?	0	0	open	12		Gui: Force 24px icons in sketcher task panel	Gui/TaskSketcherConstraints.ui Gui/TaskSketcherElements.ui
b46ba096b2	2024-09-03	Kacper Donat	?	0	0	open	31		Gui: Make sketcher element icons normally opaque	Gui/TaskSketcherElements.cpp
a1c3b48b56	2024-08-29	PaddleStroke	fix	1	0	have(sync)	313		Sketcher: Fix round corner + thickness issue if radius + thickness = 0.	Gui/DrawSketchHandlerRectangle.h
bf50745075	2024-09-03	PaddleStroke	refactor	0	0	have(sync)	1586		Sketcher: Rectangle DSH: refactor the createShape function.	Gui/DrawSketchHandlerRectangle.h
38c6d842f2	2024-08-01	Zheng, Lei	feature	0	0	partial(sync)	87		Sketcher/Toponaming: import code for SketchObject::checkSubName() from LS3  * import code  * add modified_item assignment in TaskSketcherElements::onSelectionChanged() like for non ExternalEdge	App/SketchObject.cpp Gui/TaskSketcherElements.cpp
d3f6f3e49e	2024-09-08	CalligaroV	feature	0	0	have(sync)	2		Sketcher/Toponaming: import code for SketchObject::checkSubName() from LS3  * applied review hints	App/SketchObject.cpp
62460a0334	2024-09-10	Morimiue	fix	1	0	have(sync)	3		"Sketcher: transfer constraints on conic's mid point to the newly created conic arc (e.g. ellipse arc)"" -m ""Fixes #15860"" -m ""When spliting a sketch curve, constraints on the original curve are transferred to the newly created curve. The original code did not consider the constraints on the center point of an ellipse arc."	App/SketchObject.cpp
e260cf5c8a	2024-09-04	Kacper Donat	?	0	0	have(sync)	13		Sketcher: AutoColor should update only colors	Gui/ViewProviderSketch.cpp Gui/ViewProviderSketch.h
a90aebeec2	2024-08-22	hasecilu	noise	1	0	open	4		Fix some typos on several files	Gui/TaskSketcherValidation.cpp
3da4b59b37	2024-09-15	Zheng, Lei	feature	0	0	have(sync)	7		Sketcher/Toponaming: call SketchObject::convertSubName() in ViewProviderSketch::addSelection2()	Gui/ViewProviderSketch.cpp
c3bad9da25	2024-09-15	CalligaroV	?	0	0	open	7		Do the same for the elements selected in the Task Panel	Gui/TaskSketcherElements.cpp
89ac26e711	2024-09-16	Jiri Pinkava	?	0	0	have(sync)	1		Sketcher: initialize geometry history limit variable (#16337)	App/SketchObject.cpp
27ca64a201	2024-09-18	bgbsww	?	0	0	partial(sync)	96		Sketcher:  Do not consider missing external geometry to be an error (#16590)	App/SketchObject.cpp Gui/EditModeGeometryCoinManager.cpp SketcherTests/TestSketchValidateCoincidents.py
fd28d94f6a	2024-09-07	CalligaroV	?	0	0	have(sync)	35		Sketcher/Gui: check if there's a 3D view while executing ViewProviderSketch::unsetEdit()	Gui/ViewProviderSketch.cpp
c5ad54d5a8	2024-09-21	bgbsww	refactor	0	0	open	6		Update method names and clean	SketcherTests/TestSketcherSolver.py
837920f378	2024-09-23	bgbsww	?	0	0	have(sync)	12		Match LS3 opcodes for sketch shape	App/SketchObject.cpp
596fa2856b	2024-10-03	Ajinkya Dahale	?	1	0	open	9		[Sketcher] Apply tangent autoconstraint only when `Dir` given	Gui/DrawSketchHandler.cpp
5ce6c7933a	2024-10-04	Benjamin Brstrup Sayoc	?	0	1	have(rev)	6		[Sketcher] If origin selected: don't do distance to origin	Gui/CommandConstraints.cpp
a9bff78974	2024-10-08	PaddleStroke	fix	0	0	have(sync)	6		Sketcher: Fix double click of wire and remove selection that was not working	Gui/ViewProviderSketch.cpp
d2637ec881	2024-10-15	wmayer	fix	0	0	open	9	adapted e8315e9a39: clones held in unique_ptr	Sketch: Fix creating the shape of a sketch	App/SketchObject.cpp
ca9b556ec0	2024-09-24	Jiri Pinkava	refactor	0	0	have(sync)	3		Sketch: refactor GeoHistory	App/SketchObject.cpp
cf8ad66373	2024-10-21	Eric Price	fix	0	0	open	8	n/a: no FCBRepAlgoAPI wrappers in the fork's Part	Fix boolean operations (#17119)	App/PreCompiled.h App/SketchObject.cpp
d03441fca0	2024-10-24	PaddleStroke	fix	0	0	have(sync)	18		Sketcher: PythonConverter: use getRange to handle bad arcs.	App/PythonConverter.cpp
c098d9b312	2024-10-24	PaddleStroke	refactor	0	1	have(rev)	20		Formating PythonConverter.cpp	App/PythonConverter.cpp
982ffeac08	2024-10-24	PaddleStroke	fix	1	0	have(sync)	25		Sketcher: DrawSketchHandlerRotate : Fix unwanted copy of DistanceX/Y constraints	Gui/DrawSketchHandlerRotate.h
336dda316d	2024-10-25	PaddleStroke	?	0	0	open	17	have: constNew->Name cleared in addSymmetric (arrived with the trim/split take d8d462426e)	Sketcher: Symmetric: Do not copy names of constraints (#17433)	App/SketchObject.cpp
ed45e20768	2024-10-23	PaddleStroke	fix	0	0	open	8		Fix circle tangent issue	Gui/DrawSketchHandler.cpp
837d088f3e	2024-10-25	wmayer	noise	0	1	have(rev)	2		Fix compiler warnings	App/SketchObject.cpp
e44c59d2a8	2024-10-27	wmayer	?	1	0	open	8		Sketch: Make sure that variable 'ActiveSketch' is defined in macro	Gui/DrawSketchDefaultHandler.h
0a06ceff4d	2024-10-23	PaddleStroke	fix	0	0	have(sync)	30		Sketcher: Dimension: Handle case of vertical/horizontal lines	Gui/CommandConstraints.cpp
4f323f9580	2024-10-29	PaddleStroke	feature	1	0	open	9		Core: Enable TaskDialogs to associate view (#17373)	Gui/TaskDlgEditSketch.cpp Gui/TaskDlgEditSketch.h
93173ba797	2024-11-04	mwganson	fix	1	0	open	35		[Sketcher] Address issue #17629, where Attach sketch command allows sketch to be attached to itself	Gui/Command.cpp
ee1af2748a	2024-11-13	wmayer	?	0	0	open	1		Coverity scan: Uninitialized scalar variable	Gui/TaskSketcherConstraints.cpp
08b9411e15	2024-07-04	Syres916	?	1	0	have(sync)	10		[Sketcher] Assist user in finding the sketch with the error	App/SketchObject.cpp
f9ba94c70b	2024-10-03	Jiri Pinkava	refactor	0	0	open	4		Sketcher: refactor, drop return in void returning functions	App/GeometryFacade.cpp
aea09d4a45	2024-11-22	wmayer	noise	0	0	open	2		MSVC: Fix compiler warnings	App/SketchObject.cpp
89fcfe95ee	2024-11-25	PaddleStroke	feature	0	0	partial(sync)	75		Sketcher: Offset & tranforms: enable external geos input. (#17615)	App/SketchObject.cpp Gui/CommandSketcherTools.cpp
fbd7f7090c	2024-07-03	PaddleStroke	?	0	0	have(sync)	58		Sketcher: ViewProviderSketch remove unecessary updateColor and applyCursor.	Gui/ViewProviderSketch.cpp
5969df37f4	2024-11-18	Florian Foinant-Willig	?	0	0	partial(sync)	67		Sketcher infinite axes	Gui/EditModeCoinManager.cpp Gui/EditModeCoinManager.h Gui/ViewProviderSketch.cpp Gui/ViewProviderSketch.h
3c1358da10	2024-09-20	PaddleStroke	feature	0	0	partial(sync)	8		Core: Rename 'OriginFeature' file to 'Datums'	App/SketchObject.cpp Gui/Command.cpp Gui/CommandCreateGeo.cpp Gui/DrawSketchHandlerExternal.h
fb7ce6405b	2024-11-24	Jacob Oursland	feature	0	0	open	1		CMake: Add missing target_link_directories() for OCCT.	tests/CMakeLists.txt
1c514f5a15	2024-10-25	PaddleStroke	feature	0	0	open	1120	adapted e3a8d113d7	External geos : Enable face selection	App/SketchObject.cpp
f3c79302c4	2024-11-07	PaddleStroke	?	0	0	open	637		Sketcher: Defining External geos.	App/SketchObject.cpp App/SketchObjectPyImp.cpp Gui/CommandAlterGeometry.cpp Gui/CommandCreateGeo.cpp Gui/DrawSketchHandlerExternal.h Gui/EditModeGeometryCoinManager.cpp Gui/Resources/Sketcher.qrc Gui/Resources/icons/geometry/Sketcher_External.svg Gui/Resources/icons/geometry/Sketcher_External_Constr
0e5e071d72	2024-11-08	PaddleStroke	?	0	0	partial(sync)	1473		Sketcher: Intersection externals	App/SketchObject.cpp App/SketchObject.h App/SketchObjectPy.xml App/SketchObjectPyImp.cpp Gui/CommandAlterGeometry.cpp Gui/CommandCreateGeo.cpp Gui/DrawSketchHandlerExternal.h Gui/Resources/Sketcher.qrc Gui/Resources/icons/geometry/Sketcher_Intersection.svg Gui/Resources/icons/geometry/Sketcher_Inter
ac788df608	2024-11-12	PaddleStroke	refactor	0	0	partial(sync)	295		Sketcher: Rename External to Projection	Gui/CommandAlterGeometry.cpp Gui/CommandCreateGeo.cpp Gui/Resources/Sketcher.qrc Gui/Resources/icons/geometry/{Sketcher_External.svg => Sketcher_Projection.svg} Gui/Resources/icons/geometry/{Sketcher_External_Constr.svg => Sketcher_Projection_Constr.svg} Gui/ViewProviderSketch.cpp Gui/Workbench.cpp
63414bf06b	2024-11-12	PaddleStroke	?	1	0	n/a(uncompiled)	4		Sketcher: Hide External BSpline overlay informations.	Gui/EditModeInformationOverlayCoinConverter.cpp
e2f998f301	2024-11-12	PaddleStroke	refactor	0	0	open	47		Sketcher: External: Change style to : defining are solid lines. Non-defining dashed. Both use external color.	Gui/EditModeCoinManager.cpp Gui/EditModeCoinManagerParameters.cpp Gui/EditModeCoinManagerParameters.h Gui/EditModeGeometryCoinManager.cpp Gui/SketcherSettings.cpp
7c15b3d240	2024-11-29	PaddleStroke	fix	0	0	have(sync)	4		Sketcher: OVP were drawn at wrong position when editing a sketch from link (#18060)	Gui/DrawSketchController.h
f0ba161bdf	2024-11-29	Max Wilfinger	?	0	0	open	1610		Update Sketcher external icons and cursors	Gui/Resources/icons/geometry/Sketcher_Intersection.svg Gui/Resources/icons/geometry/Sketcher_Intersection_Constr.svg Gui/Resources/icons/geometry/Sketcher_Projection.svg Gui/Resources/icons/geometry/Sketcher_Projection_Constr.svg Gui/Resources/icons/pointers/Sketcher_Pointer_External.svg Gui/Resourc
d010645d23	2024-11-30	wmayer	noise	0	0	open	2		Fix compiler warnings	Gui/CommandCreateGeo.cpp
f9d1391588	2024-12-02	Vincent Belpois	?	1	0	open	32		Sketcher: remove auto-generated 'enum value' comments	Gui/CommandSketcherTools.cpp Gui/DrawSketchHandlerArcOfEllipse.h Gui/DrawSketchHandlerArcOfHyperbola.h Gui/DrawSketchHandlerArcOfParabola.h Gui/DrawSketchHandlerLineSet.h
0ee3c9f8e6	2024-12-02	Ladislav Michl	feature	0	0	open	53		Base: Drop QString-std::string conversion functions from Tools	Gui/EditDatumDialog.cpp Gui/TaskSketcherConstraints.cpp Gui/Utils.cpp
311ac3591c	2024-06-17	Ajinkya Dahale	feature	1	0	open	292	taken 9b75379eb1	[Sketcher][test] Add unit tests for `SketchObject::getPoint()`	tests/App/SketchObject.cpp
5f86d7f5a8	2024-06-16	Ajinkya Dahale	refactor	0	0	have(sync)	186		[Sketcher] Refactor `SketchObject::getPoint()`	App/SketchObject.cpp App/SketchObject.h
4cc21e26e1	2024-06-18	Ajinkya Dahale	refactor	1	0	have(sync)	29		[Sketcher] Refactor `SketchObject::delGeometry()`	App/SketchObject.cpp App/SketchObject.h
423fb77e1f	2024-06-18	Ajinkya Dahale	refactor	1	0	have(sync)	59		[Sketcher] Refactor `SketchObject::AutoLockTangencyAndPerpty()`	App/SketchObject.cpp
b991c2fbc2	2024-06-18	Ajinkya Dahale	feature	0	0	partial(sync)	772	partial d8d462426e: rest outside the taken functions	[Sketcher] Add tests for `split` and `trim`	App/SketchObject.cpp App/SketchObject.h tests/App/SketchObject.cpp
c823a6b270	2024-06-20	Ajinkya Dahale	refactor	0	0	have(sync)	352		[Sketcher] Refactor `SketchObject::split()`	App/SketchObject.cpp App/SketchObject.h
263331f6fb	2024-06-27	Ajinkya Dahale	refactor	0	0	partial(sync)	915	partial d8d462426e: rest outside the taken functions	[Sketcher] Refactor `SketchObject::trim()`	App/SketchObject.cpp App/SketchObject.h tests/App/SketchObject.cpp
7d8a8b7cc8	2024-08-09	Ajinkya Dahale	fix	0	0	partial(sync)	263	partial d8d462426e: rest outside the taken functions	[Sketcher] Attempt to fix toponaming issue on trim refactor	App/GeometryFacade.cpp App/GeometryFacade.h App/SketchObject.cpp App/SketchObject.h
0d27efbc2f	2024-08-11	Ajinkya Dahale	?	0	0	have(sync)	98		[Sketcher] Some trivial for loop changes in `SketchObject`	App/SketchObject.cpp
1cee07cb26	2024-08-29	Ajinkya Dahale	feature	1	0	open	34	taken 88c9baa853	[Sketcher] Add some utility functions to `Sketcher::Constraint`	App/Constraint.cpp App/Constraint.h
5262482bc4	2024-08-23	Ajinkya Dahale	refactor	0	0	have(sync)	256		[Sketcher] Refactor `SketchObject::trim()`	App/SketchObject.cpp
0b32db53ed	2024-11-23	Ajinkya Dahale	refactor	0	0	open	72		[Sketcher] Use `switch`-`case` in `getPointForGeometry()`	App/SketchObject.cpp
d8a86e4e9d	2024-11-23	Ajinkya Dahale	?	0	0	open	13		[Sketcher] Remove some unneeded comments	App/GeometryFacade.cpp App/GeometryFacade.h
b2c806d227	2024-11-23	Ajinkya Dahale	?	0	0	open	20	taken d8d462426e	[Sketcher] Remove some commented code from `SketchObject::trim()`	App/SketchObject.cpp
6c3d2eff64	2024-11-23	Ajinkya Dahale	refactor	0	0	open	9	taken d8d462426e	[Sketcher] Use variable for frequently used static cast in `trim`	App/SketchObject.cpp
f0f70daa0e	2024-11-23	Ajinkya Dahale	feature	0	0	open	132	taken 9b75379eb1	[Sketcher][test] Add and use helper function to get points of interest	tests/App/SketchObject.cpp
70972b3926	2024-12-03	PaddleStroke	?	0	0	partial(sync)	1401	partial 88c9baa853: App/SketchObject.cpp App/SketchObject.h App/SketchObjectPy.xml App/SketchObjectPyImp.cpp Gui/ViewProviderSketch.cpp Gui/ViewProviderSketch.h	Sketcher: Group dragging	App/Sketch.cpp App/Sketch.h App/SketchObject.cpp App/SketchObject.h App/SketchObjectPy.xml App/SketchObjectPyImp.cpp Gui/ViewProviderSketch.cpp Gui/ViewProviderSketch.h
c1a75bbafc	2024-12-04	wmayer	noise	0	0	open	7		Fix compiler warnings	App/SketchObject.cpp App/SketchObject.h
96c838f3b9	2024-12-03	luzpaz	noise	0	0	have(sync)	2		Fix various typos Found with codespell	Gui/DrawSketchHandlerRotate.h
760091bc8a	2024-12-05	PaddleStroke	fix	0	0	open	2	n/a: fork never had the ternary	Sketcher: Fix first external geo deletion failure.	App/SketchObject.cpp
b92bda03da	2024-12-06	PaddleStroke	refactor	0	0	partial(sync)	164	partial 88c9baa853: App/SketchObject.cpp App/SketchObject.h App/SketchObjectPy.xml App/SketchObjectPyImp.cpp App/SketchPy.xml App/SketchPyImp.cpp Gui/CommandConstraints.cpp Gui/ViewProviderSketch.cpp Gui/ViewProviderSketch.h SketcherTests/TestSketcherSolver.py	Sketcher: Rename movePoint to moveGeometries.	App/Sketch.cpp App/Sketch.h App/SketchObject.cpp App/SketchObject.h App/SketchObjectPy.xml App/SketchObjectPyImp.cpp App/SketchPy.xml App/SketchPyImp.cpp Gui/CommandConstraints.cpp Gui/ViewProviderSketch.cpp Gui/ViewProviderSketch.h SketcherTests/TestSketcherSolver.py
3164ee1849	2024-09-13	Jiri Pinkava	feature	0	0	open	3		[PartDesign]: Sort sketches in Attach sketch tool alphabetically	Gui/Command.cpp
1eb8496aae	2024-12-01	Florian Foinant-Willig	fix	0	0	have(sync)	5		[Core] Fix for frozen status	Gui/ViewProviderSketch.cpp
651cefde4d	2024-10-27	Kacper Donat	refactor	0	0	partial(sync)	64		Gui: Use getObject<T>() helpers in classes	Gui/CommandConstraints.cpp Gui/CommandSketcherTools.cpp Gui/DrawSketchDefaultHandler.h Gui/DrawSketchHandlerArcOfEllipse.h Gui/DrawSketchHandlerArcOfHyperbola.h Gui/DrawSketchHandlerArcOfParabola.h Gui/DrawSketchHandlerCarbonCopy.h Gui/DrawSketchHandlerExternal.h Gui/DrawSketchHandlerLineSet.h Gui/D
f2e57b4eb4	2024-12-07	wmayer	fix	0	0	open	2	superseded 6456f287c4	Sketch: Fix Python type hints in addExternal	App/SketchObjectPy.xml
cebcb7f66c	2024-12-07	wmayer	fix	0	0	open	33	superseded 6456f287c4	Sketch: Fix SketchObjectPy::addExternal	App/SketchObjectPyImp.cpp
e09e107778	2024-12-07	Vincenzo Calligaro	?	0	0	open	11		Updated tests affected by the modification	SketcherTests/TestSketcherSolver.py
74e7df9676	2024-12-09	Syres916	feature	0	0	open	22		[Sketcher] [Post 1.0] Allow CarbonCopy to work with SketchObjectPython (#15594)	App/SketchObject.cpp Gui/DrawSketchHandlerCarbonCopy.h
20d64a7f0f	2024-12-10	luzpaz	noise	0	0	open	2		"Fix various typos Found via `codespell -q 3 -L aci,addmin,ake,aline,alle,alledges,alocation,als,ang,anid,anormal,aply,apoints,ba,beginn,behaviour,bloaded,bottome,brushin,bu,byteorder,calculater,cancelled,cancelling,cas,cascade,centimetre,childrens,childs,colour,colours,commen,connexion,currenty,documentin,dof,doubleclick,dum,eiter,elemente,ende,feld,finde,findf,findn,fle,freez,graphin,hist,iff,incrementin,indexin,indicies,initialisation,initialise,initialised,initialises,initialisiert,inout,ist,itsel,kilometre,leadin,lod,mantatory,methode,metres,millimetre,modell,nd,noe,normale,normaly,nto,numer,oce,oder,ontop,orgin,orginx,orginy,ot,pard,parm,parms,pres,programm,que,rady,recurrance,renderin,rin,ro,rougly,sectionin,seperator,serie,shs,sinc,siz,som,strack,substraction,te,technic,thist,thru,tread,tru,ue,uint,unter,uptodate,vas,vertexes,vew,wallthickness,whitespaces -S ""./.git,*.po,*.ts,*.pdf,./ChangeLog.txt,./src/3rdParty,./src/Mod/Assembly/App/opendcm,./src/CXX,./src/zipios++,./src/Base/swig*,./src/Mod/Robot/App/kdl_cp,./src/Mod/Import/App/SCL,./src/WindowsInstaller,./src/Doc/FreeCAD.uml,./src/Base/StackWalker.cpp,./build/doc/SourceDoc,./tools/build/WindowsInstaller/lang,./src/Mod/TechDraw/Templates/locale""`"	App/SketchObject.cpp
ab5b53e972	2024-12-10	wmayer	fix	0	0	open	22	taken c53ba6a814	Sketcher: Fix warning [-Wmaybe-uninitialized]	App/SketchObject.cpp
e7e410323e	2024-12-09	wmayer	fix	1	0	open	2	taken 88c9baa853	Sketch: Fix possible crash in BSpline::splineValue	App/planegcs/Geo.cpp
d4b7d074ee	2024-12-02	Vincent Belpois	fix	1	0	open	1		Sketcher: Fix double RMB to quite polyline after closed shape	Gui/DrawSketchHandlerLineSet.h
973ad7b5c8	2024-09-09	Jiri Pinkava	refactor	0	0	have(sync)	8		Sketcher: clean-up geometry history configuation	App/SketchObject.cpp App/SketchObject.h
17283b6290	2024-08-10	Alfredo Monclus	fix	0	0	open	46		fix(Test): sketcher external geometry removed test	SketcherTests/TestSketcherSolver.py
0907c7bfda	2024-07-12	Ladislav Michl	?	0	0	open	2		Base: Units: return std::string	Gui/EditDatumDialog.cpp
2ea8a633ac	2024-07-13	Ladislav Michl	?	0	0	partial(sync)	88		Base: Quantity: return std::string	App/SketchObjectPyImp.cpp Gui/EditModeConstraintCoinManager.cpp Gui/PropertyConstraintListItem.cpp Gui/TaskSketcherConstraints.cpp Gui/Utils.cpp Gui/ViewProviderSketch.cpp
4d6ed9d531	2024-07-13	Ladislav Michl	?	0	0	have(sync)	10		Base: UnitsSchema: return std::string	Gui/Utils.cpp
35700db40e	2024-12-23	wmayer	feature	0	0	open	48		Sketcher: Add an option to always add ext. geometry as reference	Gui/CommandCreateGeo.cpp Gui/DrawSketchHandlerExternal.h Gui/SketcherSettings.cpp Gui/SketcherSettings.ui
f43339ad23	2025-01-13	wwmayer	fix	0	0	partial(sync)	31		Fix issues in ellipse creation (#18800)	Gui/DrawSketchController.h Gui/DrawSketchHandlerEllipse.h
7a5a3d1ffc	2025-01-13	Tobias Frost	noise	0	0	partial(sync)	28	partial 88c9baa853: App/GeometryFacade.h App/SketchObject.h Gui/DrawSketchController.h Gui/DrawSketchDefaultHandler.h Gui/DrawSketchHandler.h Gui/ViewProviderSketch.cpp	spelling fixes (#18688)	App/GeometryFacade.h App/Sketch.h App/SketchObject.h App/planegcs/GCS.cpp Gui/DrawSketchController.h Gui/DrawSketchDefaultHandler.h Gui/DrawSketchHandler.h Gui/SketcherSettings.ui Gui/ViewProviderSketch.cpp
08c9a191e2	2025-01-10	Benjamin Nauck	feature	0	0	open	35		Add template based SelectionSingleton::countObjectsOfType	Gui/Command.cpp Gui/CommandAlterGeometry.cpp Gui/CommandConstraints.cpp Gui/CommandSketcherVirtualSpace.cpp Gui/Utils.cpp
7b22027b90	2025-01-11	Benjamin Nauck	feature	0	0	open	6		Add template based Document::countObjectsOfType	Gui/Command.cpp
0f3aff0eac	2024-08-12	Ajinkya Dahale	?	0	0	partial(sync)	71		[Sketcher][test] Create test for `getConstraintAfterDeletingGeo`+	App/SketchObject.h tests/App/SketchObject.cpp
5a4072587b	2024-08-11	Ajinkya Dahale	?	1	0	have(sync)	212		[Sketcher] Some trivial `for` loop changes in `SketchObject`	App/SketchObject.cpp
5c52353480	2024-06-28	Ajinkya Dahale	refactor	0	0	have(sync)	32		[Sketcher] Refactor `SketchObject::join()` (expected trivial)	App/SketchObject.cpp
2249c99b33	2025-01-02	Ajinkya Dahale	?	0	0	open	49	taken d8d462426e	[Sketcher] Write `SketchObject::replaceGeometries()`	App/SketchObject.cpp App/SketchObject.h
bc2b35da4e	2024-06-29	Ajinkya Dahale	?	0	0	have(sync)	445		[Sketcher] Helper functions for deleting geometry	App/SketchObject.cpp
bd522fe189	2024-08-25	Ajinkya Dahale	refactor	1	0	open	79	taken 88c9baa853	[planegcs] Refactor `GCS::System::initSolution()`	App/planegcs/GCS.cpp
a2521d0798	2024-08-25	Ajinkya Dahale	refactor	1	0	open	238	taken 88c9baa853	[planegcs] Refactor `identifyConflictingRedundantConstraints()`	App/planegcs/GCS.cpp
2025c009cd	2024-08-27	Ajinkya Dahale	refactor	0	0	open	442	taken 88c9baa853	[planegcs] Refactor conditions & loops in `GCS.cpp` for readability	App/planegcs/GCS.cpp
568f984b0b	2024-08-27	Ajinkya Dahale	refactor	0	0	open	72	taken 88c9baa853	[planegcs] Refactor pointer vector freeing	App/planegcs/GCS.cpp App/planegcs/GCS.h
23cd6cb54e	2024-09-26	Ajinkya Dahale	?	0	0	open	201	taken 9b75379eb1	[Sketcher][test] Tests for expose/delete internal geometry	tests/App/SketchObject.cpp
5a01d438f2	2024-12-22	Ajinkya Dahale	refactor	0	0	open	1401	partial d8d462426e: rest outside the taken functions	[Sketcher] Refactor internal geometry operations	App/SketchObject.cpp App/SketchObject.h
0ded3a4af1	2024-08-23	Ajinkya Dahale	refactor	0	0	have(sync)	248		[Sketcher] Refactor `SketchObject::trim()`	App/SketchObject.cpp
8c53b2ded5	2024-12-23	Ajinkya Dahale	feature	0	0	open	319	taken 9b75379eb1	[Sketcher][test] Add tests for B-spline operations	tests/App/SketchObject.cpp
6ba1b0b7a9	2024-06-29	Ajinkya Dahale	refactor	0	0	have(sync)	123		[Sketcher] Refactor `SketchObject::insertBSplineKnot()`	App/SketchObject.cpp
3832db01ff	2024-12-23	Ajinkya Dahale	refactor	0	0	open	138	taken d8d462426e	[Sketcher] Refactor `SketchObject::modifyBSplineKnotMultiplicity`	App/SketchObject.cpp
e4f906c23b	2024-12-24	Ajinkya Dahale	refactor	0	0	open	374	taken d8d462426e	[Sketcher] Refactor `SketchObject::trim`	App/SketchObject.cpp
226d24792d	2024-12-26	Ajinkya Dahale	fix	0	0	open	71	taken d8d462426e	[Sketcher] Fix some issues in `trim`	App/SketchObject.cpp
12102abd6b	2024-12-29	Ajinkya Dahale	?	0	0	open	129	partial d8d462426e: rest outside the taken functions	[Sketcher] Incorporate review of #18665	App/SketchObject.cpp
e6becd0b61	2024-12-29	Ajinkya Dahale	refactor	0	0	open	35	taken d8d462426e	[Sketcher] Further refactor `modifyBSplineKnotMultiplicity`	App/SketchObject.cpp
c6f5739763	2024-12-29	Ajinkya Dahale	refactor	0	0	open	225	taken d8d462426e	[Sketcher] Refactor `SketchObject::split`	App/SketchObject.cpp
821bc2ecdf	2024-12-30	Ajinkya Dahale	?	0	0	open	66	partial d8d462426e: rest outside the taken functions	[Sketcher] Incorporate review of #18665 by kadet	App/SketchObject.cpp App/SketchObject.h
8f7a6628ca	2025-01-05	Ajinkya Dahale	feature	0	0	open	52	taken 9b75379eb1	[Sketcher][test] Add new test for internal geometry deletion	tests/App/SketchObject.cpp
aa1122c774	2025-01-05	Ajinkya Dahale	fix	0	0	open	9	taken d8d462426e	"[Sketcher] Fix ""used"" B-spline poles being deleted"	App/SketchObject.cpp
b2e414c407	2025-01-05	Ajinkya Dahale	?	0	0	open	10		[Sketcher] Make `replaceGeometries` protected	App/SketchObject.h
73253bd2d4	2025-01-05	Ajinkya Dahale	fix	0	0	open	47	taken d8d462426e	[Sketcher] Fix issues in knot operations	App/SketchObject.cpp
51cf34a596	2025-01-06	Ajinkya Dahale	fix	1	0	open	87	partial d8d462426e: rest outside the taken functions	[Sketcher] Refactor and fix an issue in `transferConstraints`	App/SketchObject.cpp
738a044f3c	2025-01-06	Kacper Donat	feature	0	0	have(sync)	7		Gui: Add Show Plane utility to 2D Objects	Gui/ViewProviderSketch.cpp
17c3286e52	2025-01-20	Joona Okkonen	fix	1	0	open	28		Sketcher: Fixed mapping error when attempting to create a sketch inside a group. (#18971)	Gui/Command.cpp
f3efb5a7e8	2025-01-13	Vincent Belpois	fix	1	0	open	5	taken 88c9baa853	Fix missing constrain type in type2str	App/Constraint.h
666ede9019	2025-01-19	Chris Hennes	refactor	0	0	open	5		Sketcher: Refactor C++20 code	App/SketchObject.cpp
a1f5d36584	2025-01-21	Beep6581	?	0	0	open	4		Auto scroll to constraint on click (#18859)	Gui/TaskSketcherConstraints.cpp
ee2f327a96	2025-01-22	Ulices	feature	0	0	open	23		Add units to some spinboxes on preferences pages (#19143)	Gui/SketcherSettingsAppearance.ui Gui/SketcherSettingsGrid.ui
38e4e5a62e	2024-10-04	Benjamin Brstrup Sayoc	?	0	0	n/a(uncompiled)	33		[Sketcher] Make axis colors changeable	Gui/EditModeCoinManagerParameters.cpp Gui/EditModeCoinManagerParameters.h
09bd285c1d	2025-01-20	pre-commit-ci[bot]	noise	0	0	n/a(uncompiled)	24		[pre-commit.ci] auto fixes from pre-commit.com hooks	Gui/EditModeCoinManagerParameters.cpp Gui/EditModeCoinManagerParameters.h
8aa50c4380	2025-01-24	tritao	?	1	0	open	2		Gui: Reorganize the dialog files into a top `Dialogs` folder.	Gui/CommandConstraints.cpp
f9d6609687	2025-01-26	Joona	?	0	0	open	2327		Rearranged file for better logical grouping	Gui/CommandCreateGeo.cpp
ab311f1f9b	2025-01-24	jffmichi	fix	0	0	open	6	taken 88c9baa853	Sketcher: fix seg-fault on loading sketch with redundant constraints	App/planegcs/GCS.cpp
d18a48ddb1	2025-01-26	Joona	feature	0	0	open	747		Updated tools to use group command class.	Gui/CommandCreateGeo.cpp
855bce62cd	2025-01-26	Joona	?	0	0	open	10		Initialize sketcher group command shortcuts	Gui/CommandCreateGeo.cpp
ae15d98fd3	2025-01-15	Benjamin Nauck	refactor	0	0	partial(sync)	63		Use is<T>() when possible	App/ExternalGeometryFacadePyImp.cpp App/GeometryFacade.h App/PythonConverter.cpp App/SketchObject.cpp Gui/DrawSketchHandlerOffset.h Gui/DrawSketchHandlerSplitting.h
dd6aa9f3c7	2025-01-16	Benjamin Nauck	refactor	0	0	partial(sync)	42		Prefer to use BaseClass's isDerivedFrom<T> over non template or Base::Type's	App/SketchObject.cpp Gui/CommandAlterGeometry.cpp Gui/CommandConstraints.cpp Gui/CommandSketcherBSpline.cpp Gui/CommandSketcherVirtualSpace.cpp Gui/DrawSketchHandler.cpp Gui/Utils.cpp Gui/ViewProviderSketch.cpp
45c997f40a	2025-01-16	Benjamin Nauck	?	0	0	open	4		Manual changes to improve isDerivedFrom usage	Gui/DrawSketchHandlerSplitting.h
77bb7ab2d4	2024-12-31	Ajinkya Dahale	?	0	0	open	224	taken d8d462426e	[Sketcher] Move internal functions out of `trim`	App/SketchObject.cpp
c8c8c2c208	2025-01-01	Ajinkya Dahale	?	0	0	open	435	taken d8d462426e	[Sketcher] Move `trim` sub-steps to different functions	App/SketchObject.cpp App/SketchObject.h
909e5bfafb	2025-01-02	Ajinkya Dahale	refactor	0	0	open	119	taken d8d462426e	[Sketcher] Use `replaceGeometries()` in `trim`	App/SketchObject.cpp
502b7b9a3f	2025-01-02	Ajinkya Dahale	fix	0	0	open	3	taken d8d462426e	[Sketcher] Fix some issues in `trim`	App/SketchObject.cpp
31457746c2	2025-01-08	Ajinkya Dahale	?	0	0	open	258	taken 9b75379eb1	[Sketcher][test] Move helper functions away for reusability	tests/App/SketchObject.cpp tests/App/SketcherTestHelpers.h
c48f21585d	2025-01-12	Ajinkya Dahale	refactor	0	0	open	2175	taken 9b75379eb1	[Sketcher][test] Divide `SketchObject` tests into multiple files	tests/App/CMakeLists.txt tests/App/SketchObject.cpp tests/App/SketchObjectChanges.cpp tests/App/SketcherTestHelpers.cpp tests/App/SketcherTestHelpers.h
ab2e4adb31	2025-01-12	Ajinkya Dahale	refactor	0	0	open	69	taken d8d462426e	[Sketcher] Refactor `deleteUnusedInternalGeometryWhenBSpline`	App/SketchObject.cpp
0358ff7ce2	2024-12-22	Ajinkya Dahale	refactor	1	0	open	190	taken d8d462426e	[Sketcher] Refactor `SketchObject::delConstraintOnPoint()`	App/SketchObject.cpp
9238a7c1fd	2025-01-08	Ajinkya Dahale	refactor	0	0	open	60	taken d8d462426e	[Sketcher] More refactor of `delConstraintOnPoint`	App/SketchObject.cpp
80fa694270	2025-01-29	Ajinkya Dahale	?	0	0	open	22	taken d8d462426e	[Sketcher] Incorporate suggestions by hyarion from #18916	App/SketchObject.cpp
65466d580b	2025-01-27	tritao	?	0	0	open	74		Gui: Reorganize the selection files into a top `Selection` folder.	Gui/Command.cpp Gui/CommandAlterGeometry.cpp Gui/CommandConstraints.cpp Gui/CommandCreateGeo.cpp Gui/CommandSketcherBSpline.cpp Gui/CommandSketcherOverlay.cpp Gui/CommandSketcherTools.cpp Gui/CommandSketcherVirtualSpace.cpp Gui/DrawSketchHandler.h Gui/DrawSketchHandlerCarbonCopy.h Gui/DrawSketchHand
10513144d9	2025-02-07	tritao	?	1	0	open	10		Base: Standardize on Py::Long type for Python bindings.	App/SketchObjectPyImp.cpp App/SketchPyImp.cpp
cf5d66d201	2025-02-10	mosfet80	refactor	0	0	open	40		clean SketchObject.cpp (#15728)	App/SketchObject.cpp
c0c6df10ec	2025-02-09	Benjamin Brstrup Sayoc	noise	0	0	partial(sync)	580		Sketcher: Use QStringLiteral	Gui/AppSketcherGui.cpp Gui/CommandConstraints.cpp Gui/CommandSketcherBSpline.cpp Gui/CommandSketcherTools.cpp Gui/DrawSketchHandler.cpp Gui/DrawSketchHandlerArc.h Gui/DrawSketchHandlerArcOfEllipse.h Gui/DrawSketchHandlerArcOfHyperbola.h Gui/DrawSketchHandlerArcOfParabola.h Gui/DrawSketchHandlerArcSl
a1c5767643	2025-01-19	Benjamin Nauck	feature	0	0	open	1		Mod: Use new addObject<T>(...) using regex	tests/App/SketchObject.cpp
8cc98b9a88	2025-02-09	Benjamin Nauck	feature	1	0	open	4		Mod: Use new addObject<T>(...) that requires additional changes	App/AppSketcherPy.cpp
67f8852697	2025-02-11	Ian Hunter	fix	1	0	open	2		Fix bug preventing filtering named constraints (#19339)	Gui/TaskSketcherConstraints.cpp
9636068460	2025-01-20	tritao	?	1	0	open	2		Base: Move `zipios` library to `3rdParty` folder.	App/CMakeLists.txt Gui/CMakeLists.txt
de9bd5e1ce	2025-02-15	Andrea	?	0	0	partial(sync)	18		change MIN_boost_version	App/PreCompiled.h App/PropertyConstraintList.h App/SketchObject.cpp Gui/SketcherToolDefaultWidget.h Gui/TaskDlgEditSketch.h Gui/TaskSketcherElements.h Gui/TaskSketcherMessages.h Gui/TaskSketcherTool.h Gui/ViewProviderSketch.h
27ebc68a11	2025-02-15	Joao Matos	refactor	0	0	open	4		CMake: Modernize build files using outdated Python variables.	App/CMakeLists.txt Gui/CMakeLists.txt
a72a63232a	2025-02-15	Kacper Donat	?	0	0	partial(sync)	22		Base: Move App::Color to Base	Gui/EditModeCoinManagerParameters.cpp Gui/EditModeCoinManagerParameters.h Gui/ViewProviderSketch.cpp
12a69fe296	2025-02-20	Kacper Donat	feature	0	0	open	12		Base: Add isNullOrEmpty string helper	Gui/CommandConstraints.cpp Gui/DrawSketchHandlerExtend.h Gui/DrawSketchHandlerExternal.h Gui/DrawSketchHandlerFillet.h Gui/DrawSketchHandlerSplitting.h Gui/DrawSketchHandlerTrimming.h
62415907ee	2025-01-17	bofdahof	?	0	0	open	22		current src path no longer required	tests/App/CMakeLists.txt tests/App/planegcs/CMakeLists.txt
7f984811e8	2025-01-25	Kacper Donat	feature	0	0	have(sync)	4		Gui: Add 3 point lighting	Gui/ViewProviderSketch.cpp
142c061a90	2025-02-13	Benjamin Nauck	refactor	1	0	open	12		Sketcher: Use isBad() instead of comparing types with ==	App/ExternalGeometryFacadePyImp.cpp App/GeometryFacadePyImp.cpp
65c6614081	2025-02-13	Benjamin Nauck	refactor	0	0	open	10		Sketcher: Use constant for Type::BadType instead Type::badType()	Gui/CommandConstraints.cpp Gui/TaskSketcherElements.cpp
0aed23ca81	2025-02-24	Andrew	fix	0	0	open	285	have: behaviour probed, the fork's inline projection already handles it (SketcherPort.md 6a)	fixes #19582 Sketcher - cannot project BSpline from another sketch (#19700)	App/SketchObject.cpp
cc6ffb44de	2025-02-16	Joao Matos	?	0	0	open	3		Core: Move `PyCXX` library to `src/3rdParty`.	App/CMakeLists.txt Gui/CMakeLists.txt tests/CMakeLists.txt
b07caa732e	2025-02-24	Max Wilfinger	?	0	0	partial(sync)	64		Remove hack around geometry visibility in active sketch. Revert #14386 and #16378	Gui/SketcherSettings.cpp Gui/SketcherSettings.ui Gui/ViewProviderSketch.cpp
0921ed2969	2025-02-25	Andrew Shkolik	fix	0	0	open	43	have: behaviour probed, the fork's inline projection already handles it (SketcherPort.md 6a)	fix #19831 Sketcher: Create external Intersection geometry not working with complex surfaces	App/SketchObject.cpp
ceac12c388	2025-02-25	pre-commit-ci[bot]	noise	0	0	open	4		[pre-commit.ci] auto fixes from pre-commit.com hooks	App/SketchObject.cpp
0fbb300fe4	2025-02-25	Andrea	fix	0	0	open	27	declined: comment removal	[mod:part] fix compile warning .	App/SketchObject.cpp
3de97a43fe	2025-02-24	Chris Hennes	feature	0	0	open	51		Sketcher Tests: add [[maybe_unused]]	tests/App/SketchObject.cpp
755229df23	2025-02-24	Benjamin Brstrup Sayoc	noise	0	0	open	10		Build: suppress warnings from 3rd party libraries	App/CMakeLists.txt Gui/CMakeLists.txt tests/CMakeLists.txt
411cdadf49	2025-02-27	Andrew Shkolik	feature	0	0	open	67		Sketcher: Preference color added for External defining geometry	Gui/EditModeCoinManager.cpp Gui/EditModeCoinManagerParameters.cpp Gui/EditModeCoinManagerParameters.h Gui/EditModeGeometryCoinManager.cpp Gui/SketcherSettings.cpp Gui/SketcherSettingsAppearance.ui
f7c1e7f8a5	2025-02-27	pre-commit-ci[bot]	noise	0	0	n/a(uncompiled)	13		[pre-commit.ci] auto fixes from pre-commit.com hooks	Gui/EditModeCoinManagerParameters.cpp Gui/EditModeCoinManagerParameters.h Gui/EditModeGeometryCoinManager.cpp
ec24bd8c21	2025-02-28	Andrew Shkolik	fix	0	0	open	25	have: behaviour probed, the fork's inline projection already handles it (SketcherPort.md 6a)	fixes #19831 - additional code to cover projection of split curve edge	App/SketchObject.cpp
3765455ebe	2025-03-01	Benjamin Brstrup Sayoc	refactor	0	0	open	8		Gui: clean up PropertyItem::toString	Gui/PropertyConstraintListItem.cpp Gui/PropertyConstraintListItem.h
f3643af82b	2025-03-02	Andrew	?	0	0	open	48		Merge pull request #19747 from Shkolik/sketcher_datums_projection	App/SketchObject.cpp Gui/DrawSketchHandlerExternal.h
1155182ac3	2025-03-03	Andrew Shkolik	feature	0	0	open	104		Sketcher: Preference pattern and width added for External defining geometry	Gui/EditModeCoinManager.cpp Gui/EditModeCoinManagerParameters.cpp Gui/EditModeCoinManagerParameters.h Gui/EditModeGeometryCoinManager.cpp Gui/SketcherSettings.cpp Gui/SketcherSettingsAppearance.ui
400863889b	2025-03-04	pre-commit-ci[bot]	noise	0	0	n/a(uncompiled)	20		[pre-commit.ci] auto fixes from pre-commit.com hooks	Gui/EditModeCoinManagerParameters.cpp Gui/EditModeCoinManagerParameters.h Gui/EditModeGeometryCoinManager.cpp
27dd14174e	2025-02-26	Andrew Shkolik	fix	0	0	open	19	adapted 814e0c8f30	fix #18356 Sketcher: External reference line defaults to geometry, but vertex does not	App/SketchObject.cpp
f9eaf9b568	2025-03-10	PaddleStroke	feature	0	0	open	23		Sketcher: DSH: add OVP constraints before AutoConstraints.	Gui/DrawSketchDefaultHandler.h
cd5c46ba18	2025-03-10	Andrea	?	1	0	open	4		Remove unnecessary check (duplicated)	Gui/PreCompiled.h
0bb47bc0d8	2025-03-03	PaddleStroke	?	0	0	open	9		Move getStandardButtons to cpp file	Gui/TaskDlgEditSketch.cpp Gui/TaskDlgEditSketch.h
2db9ae7bdf	2025-03-11	Benjamin Nauck	?	0	0	open	1		Remove outdated comment	Gui/TaskDlgEditSketch.h
3359fee251	2025-03-07	Chris Hennes	noise	0	0	open	9	partial 88c9baa853: App/ExternalGeometryExtension.cpp App/SketchGeometryExtension.cpp	Sketcher: Clean up compiler warnings	App/ExternalGeometryExtension.cpp App/SketchGeometryExtension.cpp App/planegcs/Constraints.h
b940863353	2025-03-13	PaddleStroke	feature	0	0	have(sync)	12		Sketcher: Add parameter to combine line and polyline	Gui/Workbench.cpp
fde9be13bc	2025-03-13	pre-commit-ci[bot]	noise	0	1	have(rev)	2		[pre-commit.ci] auto fixes from pre-commit.com hooks	Gui/Workbench.cpp
8ae1d9bbde	2025-03-13	PaddleStroke	feature	0	0	open	19		add line group checkbox in SketcherSettings.ui	Gui/SketcherSettings.ui
255949134f	2025-03-13	PaddleStroke	feature	0	0	open	6		Add line group checkbox to SketcherSettings.cpp	Gui/SketcherSettings.cpp
2d5d1397a9	2025-03-13	PaddleStroke	?	0	0	open	2		Update src/Mod/Sketcher/Gui/SketcherSettings.ui	Gui/SketcherSettings.ui
0814df7488	2025-03-13	PaddleStroke	?	0	0	open	2		Update src/Mod/Sketcher/Gui/SketcherSettings.ui	Gui/SketcherSettings.ui
17102251e5	2025-03-13	Luz Paz	noise	0	0	partial(sync)	16		Fix various typos	App/SketchObject.cpp Gui/CommandCreateGeo.cpp Gui/DrawSketchHandlerSplitting.h Gui/EditModeCoinManagerParameters.h Gui/SketcherToolDefaultWidget.cpp
fa61131590	2025-03-13	Karliss	feature	0	0	have(sync)	2		Add missing parent for messagebox and other popups	Gui/ViewProviderSketch.cpp
34881bc82e	2025-03-12	bofdahof	noise	0	0	partial(sync)	519	partial 88c9baa853: App/GeoList.cpp App/SketchObject.cpp Gui/Command.cpp Gui/CommandSketcherTools.cpp Gui/EditModeCoinManager.cpp Gui/EditModeCoinManagerParameters.h Gui/TaskDlgEditSketch.cpp Gui/TaskSketcherConstraints.cpp Gui/ViewProviderSketch.cpp	Sketcher: apply std::ranges	App/GeoList.cpp App/Sketch.cpp App/SketchObject.cpp App/planegcs/GCS.cpp Gui/Command.cpp Gui/CommandSketcherTools.cpp Gui/EditModeCoinManager.cpp Gui/EditModeCoinManagerParameters.h Gui/TaskDlgEditSketch.cpp Gui/TaskSketcherConstraints.cpp Gui/ViewProviderSketch.cpp
6c2c6847eb	2025-03-17	tritao	refactor	0	0	open	40		CMake: Cleanup targets with transitive dependencies	App/CMakeLists.txt Gui/CMakeLists.txt tests/CMakeLists.txt
7076989ead	2025-03-20	PaddleStroke	fix	0	0	open	3		Remove unecessary if in DrawSketchHandlerArc.h	Gui/DrawSketchHandlerArc.h
e12deea20e	2025-03-20	Chris Hennes	fix	1	0	open	8		Sketcher: Ensure loop can exit	Gui/Command.cpp
28b62eb52b	2025-03-20	Chris Hennes	fix	0	0	open	4	have: the temporary lives through the full expression	Sketcher: Ensure copy of temp string is kept	App/AppSketcherPy.cpp
1fc61423f3	2025-03-22	PaddleStroke	fix	1	0	open	14		Sketcher: Line tool: Enforce correctly when angle is set (#20267)	Gui/DrawSketchHandlerLine.h
0f00c6d2d1	2025-03-22	PaddleStroke	fix	1	0	open	15		Sketcher: Slot tool: Enforce correctly when angle is set (#20269)	Gui/DrawSketchHandlerSlot.h
96e8a9e83c	2025-03-29	mosfet80	?	1	0	open	18		Remove old GCC<=8 (#20508)	App/ExternalGeometryExtension.cpp App/SketchGeometryExtension.cpp App/SolverGeometryExtension.cpp Gui/ViewProviderSketchGeometryExtension.cpp
b4eb28e50e	2025-03-27	Benjamin Nauck	noise	0	0	open	580	partial 88c9baa853: App/SketchAnalysis.cpp App/SketchAnalysis.h App/SketchObject.cpp App/SketchObject.h App/SketchObjectPyImp.cpp Gui/CommandConstraints.cpp Gui/CommandSketcherBSpline.cpp Gui/CommandSketcherOverlay.cpp Gui/CommandSketch	Sketcher: Use std::numeric_limits and std::numbers instead of defines	App/Sketch.cpp App/SketchAnalysis.cpp App/SketchAnalysis.h App/SketchObject.cpp App/SketchObject.h App/SketchObjectPyImp.cpp App/planegcs/Constraints.cpp App/planegcs/GCS.cpp App/planegcs/Geo.h Gui/CommandConstraints.cpp Gui/CommandSketcherBSpline.cpp Gui/CommandSketcherOverlay.cpp Gui/CommandSketch
0317206930	2025-03-29	ashimabu	?	0	0	open	3	n/a: upstream gated the Gui refresh on Geometry changing; the fork redraws in slotSolverUpdate on every signalSolverUpdate (and upstream/main later dropped the isSame gate)	Sketcher: Explicitly check fullyConstrainedChanged on solve (#20236)	App/SketchObject.cpp
1d4a09366c	2025-03-31	Rafael Pronto	fix	0	0	open	16		Sketcher: Prevent renaming interruption when hovering task elements. (#20458)	Gui/TaskSketcherElements.cpp Gui/TaskSketcherElements.h
4b589088f6	2025-03-31	Benjamin Nauck	feature	0	0	open	12		Sketcher: Add `#include <limits>` where used	App/PreCompiled.h App/PropertyConstraintList.cpp App/SketchObject.cpp Gui/CommandConstraints.cpp Gui/DrawSketchHandlerOffset.h Gui/EditModeConstraintCoinManager.cpp Gui/PreCompiled.h Gui/TaskSketcherConstraints.cpp Gui/TaskSketcherElements.cpp Gui/ViewProviderSketch.cpp
08381b1d18	2025-04-03	captain0xff	?	0	0	open	21		remove some code setting pixel density ratio for pixmaps	Gui/CommandConstraints.cpp Gui/DrawSketchHandler.cpp
770dbe5580	2025-03-21	tritao	refactor	0	0	open	1638		Sketcher: Convert XML binding files to Python API bindings model.	App/CMakeLists.txt App/Constraint.pyi App/ExternalGeometryExtension.pyi App/ExternalGeometryExtensionPy.xml App/ExternalGeometryFacade.pyi App/ExternalGeometryFacadePy.xml App/GeometryFacade.pyi App/GeometryFacadePy.xml App/Sketch.pyi App/SketchGeometryExtension.pyi App/SketchObject.pyi App/SketchOb
63ed3e8dff	2025-04-05	tritao	?	0	0	open	1614		Sketcher: Remove XML binding files.	App/CMakeLists.txt App/ConstraintPy.xml App/ExternalGeometryExtensionPy.xml App/ExternalGeometryFacadePy.xml App/GeometryFacadePy.xml App/SketchGeometryExtensionPy.xml App/SketchObjectPy.xml App/SketchObjectSF.pyi App/SketchObjectSFPy.xml App/SketchPy.xml Gui/CMakeLists.txt Gui/ViewProviderSketchGeo
7a12d2f96f	2025-04-05	luzpaz	noise	1	0	open	2		Fix various typos (#20651)	App/SketchObject.cpp
35a9673a75	2025-03-28	Kacper Donat	refactor	0	0	open	2		Base: Rename Base::freecad_dynamic_cast into freecad_cast	App/SketchObject.cpp
f0d30cb570	2025-03-09	Ajinkya Dahale	?	0	0	open	79	taken d8d462426e	[Sketcher] Adjust constraint changes when trimming	App/SketchObject.cpp
358942b771	2025-03-12	Ajinkya Dahale	fix	0	0	open	1	n/a: fork's transferConstraints is an if-chain, no fall-through	[Sketcher] Fix issue in `SketchObject::transferConstraints`	App/SketchObject.cpp
fbac7d737b	2025-03-13	Ajinkya Dahale	fix	0	0	open	78		[Sketcher] Refactor `DrawSketchHandlerTrimming::mouseMove()`	Gui/DrawSketchHandlerTrimming.h
b6a069dc63	2025-03-13	Ajinkya Dahale	fix	0	0	open	5		[Sketcher] Attempt to avoid double-trimming in some cases	Gui/DrawSketchHandlerTrimming.h
2779f0b29f	2025-03-14	Ajinkya Dahale	feature	0	0	open	4	taken d8d462426e	[Sketcher] Add missing check in `deriveConstraintsForPieces`	App/SketchObject.cpp
08a66afbc8	2025-03-14	Ajinkya Dahale	feature	0	0	open	2	taken d8d462426e	[Sketcher] Add missing check when transforming constraints for trim	App/SketchObject.cpp
23ecf94ab6	2025-03-14	Ajinkya Dahale	?	0	0	open	4	taken d8d462426e	[Sketcher] Make trimmed curve(s) construction based on original	App/SketchObject.cpp
c0d469d404	2025-03-30	Ajinkya Dahale	fix	0	0	open	163	taken 9b75379eb1	[Sketcher][test] Add tests for fixes done in #20150	tests/App/SketchObjectChanges.cpp tests/App/SketcherTestHelpers.cpp
f869bace95	2025-03-30	Ajinkya Dahale	?	0	0	open	30	taken 9b75379eb1	[Sketcher][test] Remove some obsolete TODOs	tests/App/SketchObjectChanges.cpp
581fa12e45	2025-04-08	Ajinkya Dahale	fix	0	0	open	399		Sketcher: Refactor and fix `DrawSketchDefaultHandler.h`	Gui/DrawSketchDefaultHandler.h
b300c80b90	2025-04-11	Kacper Donat	refactor	0	0	open	2		Base: Use explicit pointer syntax for freecad_cast (#20694)	App/SketchObject.cpp
f9f76a2516	2025-04-14	PaddleStroke	fix	0	0	open	224		Sketcher: Refactor DrawSketchHandler::seekAutoConstraint (#20476)	Gui/DrawSketchHandler.cpp Gui/DrawSketchHandler.h
f932c7e4e0	2025-04-09	Benjamin Nauck	refactor	0	0	open	21		Use Base::toRadians() instead of manually converting	Gui/CommandConstraints.cpp Gui/DrawSketchHandler.cpp Gui/DrawSketchHandlerTranslate.h Gui/SnapManager.cpp
22120fa597	2025-04-09	Benjamin Nauck	refactor	0	0	open	4		Use Base::toDegrees() instead of manually converting	Gui/DrawSketchHandler.cpp Gui/ViewProviderSketch.cpp
755cabc5ba	2025-04-15	PaddleStroke	refactor	0	0	open	620		Sketcher: Refactor SketchObject::Fillet() (#20544)	App/SketchObject.cpp
e51e1a10d4	2025-04-14	Andrea	refactor	0	0	open	1		MOD: remove unused variable	Gui/DrawSketchHandler.cpp
5b81cd741a	2025-04-16	Jacob Oursland	?	0	0	open	48		python: apply const method annotations to impls.	App/ExternalGeometryExtensionPyImp.cpp App/ExternalGeometryFacadePyImp.cpp App/GeometryFacadePyImp.cpp App/SketchGeometryExtensionPyImp.cpp App/SketchObjectPyImp.cpp
5efb8e5e76	2025-04-15	Ajinkya Dahale	feature	0	0	open	5	taken d8d462426e	Sketcher: Add check for validity of geometry when trimming	App/SketchObject.cpp
e9f2e8fe92	2025-04-19	tetektoza	?	0	0	open	15		Sketcher: Auto-scroll to selected geometry elements (#20866)	Gui/TaskSketcherConstraints.cpp Gui/TaskSketcherElements.cpp Gui/Utils.h
766ee41b55	2025-04-21	Lothaire Sicot	fix	0	0	open	41		Sketcher: Prevent bad constraint names (#20717)	Gui/EditDatumDialog.cpp Gui/EditDatumDialog.h Gui/TaskSketcherConstraints.cpp
9aad08a646	2025-04-21	Kacper Donat	?	0	0	open	3		Sketcher: Remove not-needed print statements	Gui/EditDatumDialog.cpp Gui/TaskSketcherConstraints.cpp
50bf1cf120	2025-04-01	Pieter Hijma	feature	0	0	open	11		[Core] Allow creating an editor with a frame	Gui/PropertyConstraintListItem.cpp Gui/PropertyConstraintListItem.h
8fb9cbfa3e	2025-04-04	Pieter Hijma	feature	0	0	open	2		[Core] Make enum FrameOption boolean	Gui/PropertyConstraintListItem.cpp
d586447a7d	2025-04-25	Kacper Donat	refactor	1	0	open	6		Sketcher: Use freecad_cast whenever possible	App/ExternalGeometryFacade.h App/GeometryFacade.h
c704622605	2025-04-07	Kacper Donat	?	1	0	open	2		Sketcher: Replace dynamic_cast with qobject_cast	Gui/PropertyConstraintListItem.cpp
30fd8d6d60	2025-01-22	bofdahof	refactor	0	0	n/a(uncompiled)	135		Sketcher: refactor EditModeConstraintCoinManager::getPresentationString	Gui/EditModeConstraintCoinManager.cpp
350a416708	2025-04-24	Ajinkya Dahale	fix	0	0	open	7	taken d8d462426e	Sketcher: Avoid an unnecessary geometry update when trimming	App/SketchObject.cpp
8cc1565dcb	2025-04-29	Andrea	?	0	0	open	5		remove unnecessary InitApplication.h inclusion	tests/App/SketchObjectChanges.cpp tests/App/SketcherTestHelpers.cpp tests/App/SketcherTestHelpers.h
ae76f89759	2025-03-24	Benjamin Nauck	refactor	0	0	open	2		Sketcher: Use contains instead of std::find	Gui/TaskSketcherConstraints.cpp
78e2a12d2d	2025-04-11	Benjamin Nauck	fix	0	0	open	2	n/a: no setExpression override	Sketcher: Fix 463717 Variable copied when it could be moved	App/SketchObject.cpp
53b9c54f97	2025-04-11	Benjamin Nauck	fix	1	0	open	2	taken 36a52b0ac2	Sketcher: Fix 512831 Variable copied when it could be moved	App/SketchObject.cpp
6adebe348e	2025-04-11	Benjamin Nauck	fix	1	0	open	2	declined: std::move of a returned value is redundant	Sketcher: Fix 512301 Variable copied when it could be moved	App/SketchObject.cpp
de17a7acee	2025-04-11	Benjamin Nauck	refactor	0	0	open	2		Sketcher: 532658 Use of auto that causes a copy	App/SketchObject.cpp
7f49a4e668	2025-04-11	Benjamin Nauck	fix	1	0	open	2	taken 36a52b0ac2	Sketcher: Fix 513105 Variable copied when it could be moved	App/SketchObject.cpp
be264928fc	2025-04-14	Benjamin Nauck	fix	0	0	open	6	adapted 36a52b0ac2: one of three sites; the trim/split two are in the refactor	Sketcher: Fix 515688, 513858, 515692, Variable copied	App/SketchObject.cpp
70d11e33dc	2025-04-14	Benjamin Nauck	fix	0	0	open	4	n/a: no moveGeometries	Sketcher: Fix 529853 Variable copied when it could be moved	App/SketchObject.cpp App/SketchObject.h
6b87d7df22	2025-04-11	Benjamin Nauck	fix	0	0	open	2	taken 36a52b0ac2	Sketcher: Fix 512328 Use of auto that causes a copy	App/SketchObject.cpp
47a43e21b2	2025-04-11	Benjamin Nauck	fix	0	0	open	2	taken 36a52b0ac2	Sketcher: Fix    532547 Variable copied when it could be moved	App/SketchObject.cpp
3f79626799	2025-04-11	Benjamin Nauck	fix	0	0	open	2	have	Sketcher: Fix 513269 Variable copied when it could be moved	App/SketchObject.cpp
24df826865	2025-05-04	David Carter	fix	0	0	open	555		Merge pull request #21046 from davesrocketshop/issue_13922_2	SketcherTests/TestSketchValidateCoincidents.py SketcherTests/TestSketcherSolver.py
c293d74566	2025-05-01	Ladislav Michl	noise	0	0	open	40		Base: rename Exception's PascalCase methods to camelCase	App/SketchObject.cpp Gui/CommandSketcherBSpline.cpp Gui/DrawSketchController.h Gui/DrawSketchHandlerCircle.h Gui/DrawSketchHandlerRotate.h Gui/DrawSketchHandlerScale.h Gui/DrawSketchHandlerSymmetry.h Gui/DrawSketchHandlerTranslate.h Gui/EditModeConstraintCoinManager.cpp Gui/EditModeGeometryCoinConve
998f4e4d45	2025-03-30	bofdahof	noise	0	0	open	338	partial 88c9baa853: App/AppSketcher.cpp App/AppSketcherPy.cpp App/ExternalGeometryFacade.cpp App/GeometryFacade.cpp App/SketchAnalysis.cpp App/SketchObject.cpp App/SketchObjectSF.cpp Gui/AppSketcherGui.cpp Gui/DrawSketchController.h Gui/DrawSketchDefaultHandler.h Gui/DrawSketchHandle	Console: rename PascalCase named methods to camelCase	App/AppSketcher.cpp App/AppSketcherPy.cpp App/ExternalGeometryFacade.cpp App/GeometryFacade.cpp App/Sketch.cpp App/SketchAnalysis.cpp App/SketchObject.cpp App/SketchObjectSF.cpp App/planegcs/GCS.cpp Gui/AppSketcherGui.cpp Gui/DrawSketchController.h Gui/DrawSketchDefaultHandler.h Gui/DrawSketchHandle
4c8fadd68d	2025-05-06	PaddleStroke	fix	0	0	open	9	n/a: core DocumentObject has no restoreFinished to chain	Core: restoreContent not restoring expressions (#21152)	App/SketchObject.cpp App/SketchObject.h
418c09899b	2025-05-06	Jacques Beaurain	fix	0	0	open	74		Gui: HiDPI fixes for Sketcher (#21098)	Gui/EditModeCoinManager.cpp Gui/EditModeCoinManager.h Gui/ViewProviderSketch.cpp Gui/ViewProviderSketch.h Gui/ViewProviderSketchCoinAttorney.h
2032a9d844	2025-05-09	Rayno Jiang	?	1	0	open	47	taken 8550ffdc64	Sketcher: Scaling of a sketch containing BSplines doesn't work (#20943)	App/PythonConverter.cpp
492b8312b3	2025-02-25	Benjamin Brstrup Sayoc	?	0	0	open	58	partial 88c9baa853: App/ExternalGeometryExtension.cpp App/PropertyConstraintList.cpp App/SketchGeometryExtension.cpp Gui/PropertyVisualLayerList.cpp Gui/ViewProviderSketchGeometryExtension.cpp Gui/VisualLayer.cpp	Base: make getAttribute template	App/Constraint.cpp App/ExternalGeometryExtension.cpp App/PropertyConstraintList.cpp App/SketchGeometryExtension.cpp Gui/PropertyVisualLayerList.cpp Gui/ViewProviderSketchGeometryExtension.cpp Gui/VisualLayer.cpp
6786af6ef9	2025-02-26	Benjamin Brstrup Sayoc	refactor	0	0	open	18	partial 88c9baa853: App/SketchGeometryExtension.cpp	Everywhere: clean up getAttribute conversions	App/Constraint.cpp App/SketchGeometryExtension.cpp
a4aabe05de	2025-05-14	Chris Hennes	noise	0	0	open	2		Sketcher tests: Silence compiler warning with cast	tests/App/planegcs/Constraints.cpp
90a612db29	2025-05-17	Celeste Wouters	?	0	0	n/a(uncompiled)	2		"Sketcher: remove ""SecondIcon"" logs on constraint icon hover"	Gui/EditModeConstraintCoinManager.cpp
82610ca8fa	2025-01-01	Ajinkya Dahale	refactor	0	0	open	99	taken d8d462426e	[Sketcher] Use `replaceGeometries()` in `split`	App/SketchObject.cpp
3425eebfdc	2025-01-06	Ajinkya Dahale	refactor	0	0	open	128		[Sketcher][WIP] Refactor `SketchObject::generateId()`	App/SketchObject.cpp
8a1c4526bd	2025-01-19	Ajinkya Dahale	refactor	0	0	open	26		[Sketcher] Refactor `SketchObject::toggleExternalGeometryFlag()`	App/SketchObject.cpp
ace0c57dd6	2025-01-19	Ajinkya Dahale	feature	0	0	open	75		[Sketcher][WIP] Refactor `SketchObject::addExternal()`	App/SketchObject.cpp
8fd9c19013	2025-01-23	Ajinkya Dahale	refactor	0	0	open	248		[Sketcher] Refactor `TaskSketcherElements::onSelectionChanged()`	Gui/TaskSketcherElements.cpp
215fbc5187	2025-03-31	Ajinkya Dahale	refactor	0	0	open	299	taken d8d462426e	[Sketcher] Refactor `SketchObject::split()`	App/SketchObject.cpp
1cc0ca0a3b	2025-04-01	Ajinkya Dahale	noise	0	0	open	80	partial d8d462426e: rest outside the taken functions	[Sketcher] Use `std::ranges` in `SketchObject` where possible	App/SketchObject.cpp
07bce810ae	2025-04-03	Ajinkya Dahale	refactor	0	0	open	111		[Sketcher][WIP] Refactor `SketchObject::buildShape()`	App/SketchObject.cpp
c3c7e8d33f	2025-04-05	Ajinkya Dahale	refactor	0	0	open	29		[Sketcher] Refactor `SketchObject::delAllExternal()`	App/SketchObject.cpp
eeb061f302	2025-04-05	Ajinkya Dahale	noise	0	0	open	134	taken 88c9baa853	[planegcs] Use `std::ranges` and range `for` in `GCS.cpp`	App/planegcs/GCS.cpp
6cf63b078e	2025-04-10	Ajinkya Dahale	fix	0	0	open	402		Sketcher: Refactor further `DrawSketchDefaultHandler.h`	Gui/DrawSketchDefaultHandler.h
4ee40f4c49	2025-04-10	Ajinkya Dahale	refactor	0	0	open	9		[Sketcher] [WIP] One curious refactor I'm not certain about	Gui/DrawSketchDefaultHandler.h
2d2009ccc6	2025-04-12	Ajinkya Dahale	refactor	0	0	open	318	taken 88c9baa853	Sketcher: Use range-based `for` in `Sketch.cpp`	App/Sketch.cpp App/Sketch.h
b7d8ed25be	2025-04-25	Ajinkya Dahale	?	0	0	open	4		Sketcher: Remove some unused lambda captures	App/SketchObject.cpp
e33377b595	2025-04-25	Ajinkya Dahale	refactor	0	0	open	10	taken 88c9baa853	Sketcher: Use const parameter where relevant	App/Sketch.cpp App/Sketch.h
a280cacb93	2025-05-04	Ajinkya Dahale	refactor	0	0	open	2		Sketcher: clean up import	App/SketchObject.cpp
1cfb85a71f	2025-05-12	Ajinkya Dahale	?	0	0	open	69		Sketcher: Incorporate comments from #20589	App/SketchObject.cpp Gui/TaskSketcherElements.cpp
9baeb6e9e6	2025-03-23	Kacper Donat	feature	0	0	open	37		Gui: Add support for hints in status bar	Gui/DrawSketchControllableHandler.h Gui/DrawSketchHandlerLineSet.h Gui/DrawSketchHandlerPolygon.h
46a11b6538	2025-05-21	jffmichi	fix	0	0	open	1	n/a: the surplus push_back came with buildShape refactor 07bce810ae	Sketcher: remove surplus push_back to shapes (fixes #21499)	App/SketchObject.cpp
41c750be47	2025-05-25	mosfet80	refactor	0	0	open	2		Sketcher: Remove unused variables (#21504)	App/SketchObject.cpp
13e7952ccc	2025-05-29	theo-vt	fix	0	0	open	4	have: getTopoShape resolves links and transforms by default	PartDesign: Fix hole centered on point edge case (#21257)	App/SketchObject.cpp
b0e901bab6	2025-06-02	George Peden	feature	0	0	open	886		Sketcher: Implement hints for for all drawing tools and modes (consolidates previous PRs into a single PR) (#21632)	Gui/DrawSketchHandlerArc.h Gui/DrawSketchHandlerArcOfEllipse.h Gui/DrawSketchHandlerArcOfHyperbola.h Gui/DrawSketchHandlerArcOfParabola.h Gui/DrawSketchHandlerArcSlot.h Gui/DrawSketchHandlerBSpline.h Gui/DrawSketchHandlerCircle.h Gui/DrawSketchHandlerEllipse.h Gui/DrawSketchHandlerLine.h Gui/DrawSke
46d626f368	2025-06-01	Matthias Danner	fix	0	0	n/a(uncompiled)	4		fix use of viewScalingFactor	Gui/EditModeCoinManager.cpp
9b40afea7a	2025-06-02	tetektoza	feature	0	0	open	105		Sketcher: Do not allow mouse interruption while entering dimension (#20925)	Gui/DrawSketchController.h Gui/DrawSketchHandlerArc.h Gui/DrawSketchHandlerArcSlot.h Gui/DrawSketchHandlerBSpline.h Gui/DrawSketchHandlerCircle.h Gui/DrawSketchHandlerEllipse.h Gui/DrawSketchHandlerLine.h Gui/DrawSketchHandlerOffset.h Gui/DrawSketchHandlerPoint.h Gui/DrawSketchHandlerPolygon.h Gui/D
913c30429c	2025-04-10	Ladislav Michl	refactor	1	0	open	4		Base: Quantity: use isDimensionless whenever feasible	Gui/EditDatumDialog.cpp
9a80921d74	2025-06-03	theo-vt	fix	1	0	open	26		Sketcher: Fix scaling down ellipses and arcs of ellipses (#21718)	Gui/DrawSketchHandlerScale.h
9d48371ab4	2025-06-04	PaddleStroke	fix	1	0	open	11		Sketcher: Fix #21646 (#21739)	Gui/DrawSketchDefaultHandler.h Gui/DrawSketchHandlerRectangle.h
5c219bea41	2025-06-05	Luz Paz	noise	0	0	open	2		Sketcher: fix typo in source comment	Gui/DrawSketchHandlerScale.h
8a58d225c8	2025-06-07	longrackslabs	feature	0	0	open	33		- Refactor Point tool hint implementation with direct return (trival) pattern	Gui/DrawSketchHandlerPoint.h
6664907bd5	2025-06-07	tetektoza	feature	0	0	open	17		Sketcher: Allow user to reset OVP state using backspace key	Gui/DrawSketchController.h Gui/DrawSketchKeyboardManager.cpp
353c4eca55	2025-06-09	theo-vt	?	0	0	open	400		Sketcher: Sketch autoscale (#21084)	App/SketchObject.cpp App/SketchObject.h Gui/CMakeLists.txt Gui/CommandSketcherTools.cpp Gui/CommandSketcherTools.h Gui/DrawSketchHandler.cpp Gui/DrawSketchHandler.h Gui/DrawSketchHandlerScale.h Gui/EditDatumDialog.cpp Gui/EditDatumDialog.h Gui/SketcherSettings.cpp Gui/SketcherSettings.h Gui/Sketcher
456659d763	2025-01-24	wmayer	?	0	0	open	7		Test: Do not write test files into CWD	SketcherTests/TestSketcherSolver.py
a95d782ab0	2025-06-07	tetektoza	feature	0	0	open	1113		Sketcher: Refactor access to OVPs to not repeat array access everytime	Gui/DrawSketchHandlerArc.h Gui/DrawSketchHandlerArcSlot.h Gui/DrawSketchHandlerBSpline.h Gui/DrawSketchHandlerCircle.h Gui/DrawSketchHandlerEllipse.h Gui/DrawSketchHandlerLine.h Gui/DrawSketchHandlerOffset.h Gui/DrawSketchHandlerPoint.h Gui/DrawSketchHandlerPolygon.h Gui/DrawSketchHandlerRotate.h Gu
60a86b05c4	2025-06-12	tetektoza	fix	0	0	open	30		Sketcher: Fix OOB access to OVPs	Gui/DrawSketchHandlerArc.h Gui/DrawSketchHandlerCircle.h Gui/DrawSketchHandlerEllipse.h
2c532ed924	2025-06-12	tetektoza	fix	0	0	open	26		Sketcher: Fix OVP accepting input prematurely in Position and Dimensions	Gui/DrawSketchHandlerArc.h Gui/DrawSketchHandlerArcSlot.h Gui/DrawSketchHandlerBSpline.h Gui/DrawSketchHandlerCircle.h Gui/DrawSketchHandlerEllipse.h Gui/DrawSketchHandlerLine.h Gui/DrawSketchHandlerPolygon.h Gui/DrawSketchHandlerRectangle.h Gui/DrawSketchHandlerRotate.h Gui/DrawSketchHandlerSlot.h 
6eecd08f7c	2025-06-11	Syres916	?	0	0	open	41		[Gui] C++ preparation for deprecation of QCheckBox...	Gui/Command.cpp Gui/TaskSketcherConstraints.cpp Gui/TaskSketcherElements.cpp Gui/TaskSketcherSolverAdvanced.cpp
f03900b58d	2025-06-12	pre-commit-ci[bot]	noise	0	0	open	4		[pre-commit.ci] auto fixes from pre-commit.com hooks	Gui/TaskSketcherSolverAdvanced.cpp
9ecb62c8f6	2025-06-14	theo-vt	fix	0	0	open	30		Sketcher: Fix autoscale issue with the origin (#21952)	Gui/DrawSketchHandlerScale.h Gui/Utils.h
5388c32f10	2025-06-15	Chris Hennes	refactor	0	0	open	6		Tests: Refactor tests with better names, etc.	tests/App/CMakeLists.txt tests/CMakeLists.txt
1421ff7094	2025-06-09	Max Wilfinger	?	0	0	n/a(uncompiled)	5		Sketcher: ShowDimensionalName by default	Gui/EditModeCoinManager.cpp Gui/SketcherSettingsDisplay.ui
2161725848	2025-06-12	paddle	?	0	0	open	8		Part: FaceMakerRing from RealThunder's branch.	App/SketchObject.cpp
94d39087d3	2025-06-16	George Peden	feature	0	0	open	132		Sketcher: Add contextual input hints to edit tools (InputHints Phase 3) (#21806)	Gui/DrawSketchHandlerCarbonCopy.h Gui/DrawSketchHandlerExtend.h Gui/DrawSketchHandlerExternal.h Gui/DrawSketchHandlerFillet.h Gui/DrawSketchHandlerSplitting.h Gui/DrawSketchHandlerTrimming.h
01d9e6efa3	2025-06-12	Benjamin Nauck	refactor	1	0	open	37	taken 88c9baa853	Sketcher: Refactor GeoDef and ConstrDef structs	App/Sketch.h
02716069c2	2025-06-13	tetektoza	?	0	0	n/a(uncompiled)	12		Sketcher: Prioritize rendering geometry lines rendering over constraints	Gui/EditModeCoinManagerParameters.h Gui/EditModeConstraintCoinManager.cpp
a265fb8817	2025-06-16	tetektoza	?	0	0	n/a(uncompiled)	5		Sketcher: Remove redundant comment regarding old SoAnnotation node	Gui/EditModeConstraintCoinManager.cpp
ac51f11660	2025-06-15	Chris Hennes	refactor	0	0	open	7		Sketcher: Remove dead code	App/SketchObject.cpp
484904e9e1	2025-06-15	Chris Hennes	?	0	0	open	6		Sketcher: Remove redundant checks	App/SketchObject.cpp
ef0b259097	2025-06-11	tetektoza	feature	0	0	open	62		Sketcher: Change enter behavior on OVP to put OVP in lock state only	Gui/DrawSketchController.h Gui/DrawSketchHandlerArc.h Gui/DrawSketchHandlerArcSlot.h Gui/DrawSketchHandlerBSpline.h Gui/DrawSketchHandlerCircle.h Gui/DrawSketchHandlerEllipse.h Gui/DrawSketchHandlerLine.h Gui/DrawSketchHandlerPoint.h Gui/DrawSketchHandlerPolygon.h Gui/DrawSketchHandlerRectangle.h Gu
bcbf8d88a9	2025-06-16	tetektoza	feature	0	0	open	20		Sketcher: Adjust P&D mode to new enter behavior	Gui/DrawSketchHandlerArc.h Gui/DrawSketchHandlerArcSlot.h Gui/DrawSketchHandlerCircle.h Gui/DrawSketchHandlerEllipse.h Gui/DrawSketchHandlerLine.h Gui/DrawSketchHandlerPolygon.h Gui/DrawSketchHandlerRectangle.h Gui/DrawSketchHandlerRotate.h Gui/DrawSketchHandlerSlot.h Gui/DrawSketchHandlerTranslate.
78a754e620	2025-06-16	tetektoza	feature	0	0	open	30		Sketcher: Force cycling back to first labels on OVP if they are not set	Gui/DrawSketchController.h
9912c029dc	2025-06-16	tetektoza	feature	0	0	open	11		Sketcher: Add QLabel header for newly added locked icon	Gui/DrawSketchController.h
71eed18cb1	2025-06-23	matthiasdanner	fix	0	0	open	152		Sketcher: 3 Point Symmetry fixed if root is selected first (and simplify and fix the selection logic) (#21612)	Gui/CommandConstraints.cpp
8c2eb14efe	2025-06-23	Florian Foinant-Willig	refactor	0	0	open	995	taken 88c9baa853	Sketcher: refactor planecgs/Constraints (#21988)	App/planegcs/Constraints.cpp App/planegcs/Constraints.h
f6f75a6a0d	2025-06-16	Florian Foinant-Willig	fix	1	0	open	25	partial 88c9baa853: Gui/CommandConstraints.cpp SketcherTests/TestSketcherSolver.py	Sketcher: Fix circle-line negative distance	App/planegcs/Constraints.cpp Gui/CommandConstraints.cpp SketcherTests/TestSketcherSolver.py
732501d89d	2025-06-17	Karliss	feature	0	0	open	35		Sketcher: Implement related constraint command for non edges	Gui/CommandSketcherTools.cpp
c76f068f91	2025-06-23	George Peden	feature	0	0	open	142		Sketcher: Add contextual input hints to transform tools (InputHints Phase 4) (#21840)	Gui/DrawSketchHandlerOffset.h Gui/DrawSketchHandlerRotate.h Gui/DrawSketchHandlerScale.h Gui/DrawSketchHandlerSymmetry.h Gui/DrawSketchHandlerTranslate.h
580d538798	2025-06-23	George Peden	feature	0	0	open	224		Sketcher: Add contextual input hints to constraint commands (InputHints Phase 2) (#21751)	Gui/CommandConstraints.cpp Gui/DrawSketchHandler.h
df08c0ce8d	2025-06-18	Karliss	fix	0	0	open	2		Sketcher: fix Esc can leave setting synchronization	Gui/ViewProviderSketch.cpp
cf082f7642	2025-07-01	Max Wilfinger	?	0	0	open	1166	partial 88c9baa853: App/AppSketcher.cpp App/SketchObject.cpp Gui/AppSketcherGui.cpp Gui/Command.cpp Gui/CommandAlterGeometry.cpp Gui/CommandConstraints.cpp Gui/CommandCreateGeo.cpp Gui/CommandSketcherBSpline.cpp Gui/CommandSketcherOverlay.cpp Gui/CommandSketcherTools.cpp Gui/CommandSketcherVirtualSpace.c	Sketcher: Update UI strings for consistency (#22167)	App/AppSketcher.cpp App/Sketch.cpp App/SketchObject.cpp Gui/AppSketcherGui.cpp Gui/Command.cpp Gui/CommandAlterGeometry.cpp Gui/CommandConstraints.cpp Gui/CommandCreateGeo.cpp Gui/CommandSketcherBSpline.cpp Gui/CommandSketcherOverlay.cpp Gui/CommandSketcherTools.cpp Gui/CommandSketcherVirtualSpace.c
f72397ce19	2025-07-04	Luz Paz	noise	0	0	open	2		Fix various typos Found via codespell	Gui/CommandCreateGeo.cpp
4b84834112	2025-07-06	theo-vt	?	0	0	open	18		Sketcher: Autoscale: do not scale dimension's position if it is a radius or diameter (#22308)	Gui/EditDatumDialog.cpp
3e32ea5dd4	2025-07-07	Max Wilfinger	?	0	0	open	52		Sketcher: Update missed UI strings (#22363)	Gui/CommandSketcherOverlay.cpp Gui/CommandSketcherTools.cpp Gui/Workbench.cpp
0e8a7b6319	2025-07-07	FEA-eng	feature	0	0	open	21		Sketcher: Add tooltip for autoscale feature (#22252)	Gui/SketcherSettings.ui
1881686e72	2025-07-09	Fermin Olaiz	fix	0	0	open	7	n/a: no ExternalTypes property	Fix crash on out-of-bound vector access (#22397)	App/SketchObject.cpp
c8bddd2f2b	2025-07-14	theo-vt	feature	0	0	open	126		Sketcher: assign the old geometries' GeometryId[s] to new geometries after scaling (#22263)	App/SketchObject.cpp App/SketchObject.h App/SketchObject.pyi App/SketchObjectPyImp.cpp Gui/DrawSketchHandlerScale.h
0ecdb8b00e	2025-07-14	Florian Foinant-Willig	refactor	0	0	open	403	taken 88c9baa853	Sketcher: clean planegcs/Geo (#22378)	App/planegcs/Geo.cpp App/planegcs/Geo.h
562d646082	2025-07-14	PaddleStroke	feature	0	0	open	100		Sketcher: add ConstraintLineByAngle helper. (#22273)	Gui/DrawSketchHandlerLine.h Gui/DrawSketchHandlerRectangle.h Gui/Utils.cpp Gui/Utils.h
9cd3b31067	2025-07-17	matthiasdanner	fix	0	0	open	199		Sketcher: Fix Constraint Filter Handling (#22072)	Gui/TaskSketcherConstraints.cpp Gui/TaskSketcherConstraints.h
c968effe26	2025-07-18	Florian Foinant-Willig	?	0	0	open	32	taken 88c9baa853 (test 66ca11b76d)	Sketcher: manage legacy negative circle-line distance (#22203)	App/planegcs/Constraints.cpp SketcherTests/TestSketcherSolver.py
b0dcce6c66	2025-07-18	theo-vt	?	0	0	open	29		Sketcher: Only autoscale if the datum being edited is the scale defining datum (#22419)	App/SketchObject.cpp App/SketchObject.h Gui/EditDatumDialog.cpp
018ac7b9dd	2025-07-19	Ajinkya Dahale	?	0	0	open	10	taken d8d462426e	Sketcher: Skip checks in `deriveConstraintsForPieces` when risky	App/SketchObject.cpp
114d3dcd87	2025-07-19	Ajinkya Dahale	?	0	0	open	8	taken d8d462426e	Sketcher: Improve constraint transfer in `SketchObject::trim()`	App/SketchObject.cpp
b2453caaea	2025-06-28	Kacper Donat	fix	0	0	open	119		Sketcher: Use generic tool hints table for DrawSketchHandlerArc	Gui/DrawSketchHandlerArc.h
20876d7b35	2025-06-28	Kacper Donat	fix	0	0	open	65		Sketcher: Use generic tool hints table for DrawSketchHandlerArcOfEllipse	Gui/DrawSketchHandlerArcOfEllipse.h
d1a25c98bc	2025-06-28	Kacper Donat	fix	0	0	open	74		Sketcher: Use generic tool hints table for DrawSketchHandlerArcOfHyperbola	Gui/DrawSketchHandlerArcOfHyperbola.h
f0c6cd7a0f	2025-06-28	Kacper Donat	fix	0	0	open	65		Sketcher: Use generic tool hints table for DrawSketchHandlerArcOfParabola	Gui/DrawSketchHandlerArcOfParabola.h
e86a43c183	2025-06-28	Kacper Donat	fix	0	0	open	65		Sketcher: Use generic tool hints table for DrawSketchHandlerArcSlot	Gui/DrawSketchHandlerArcSlot.h
5c1d097161	2025-06-28	Kacper Donat	fix	0	0	open	108		Sketcher: Use generic tool hints table for DrawSketchHandlerBSpline	Gui/DrawSketchHandlerBSpline.h
edf0d488e4	2025-06-28	Kacper Donat	fix	0	0	open	104		Sketcher: Use generic tool hints table for DrawSketchHandlerCircle	Gui/DrawSketchHandlerCircle.h
2ab975cfd5	2025-06-28	Kacper Donat	fix	0	0	open	104		Sketcher: Use generic tool hints table for DrawSketchHandlerEllipse	Gui/DrawSketchHandlerEllipse.h
ed617cdf74	2025-06-28	Kacper Donat	fix	0	0	open	54		Sketcher: Use generic tool hints table for DrawSketchHandlerExtend	Gui/DrawSketchHandlerExtend.h
9a9613d88c	2025-06-28	Kacper Donat	fix	0	0	open	53		Sketcher: Use generic tool hints table for DrawSketchHandlerFillet	Gui/DrawSketchHandlerFillet.h
23bd9e86fd	2025-06-28	Kacper Donat	fix	0	0	open	125		Sketcher: Use generic tool hints table for DrawSketchHandlerLine	Gui/DrawSketchHandlerLine.h
7d7fc0c021	2025-06-28	Kacper Donat	fix	0	0	open	56		Sketcher: Use generic tool hints table for DrawSketchHandlerLineSet	Gui/DrawSketchHandlerLineSet.h
49fbffa200	2025-06-28	Kacper Donat	fix	0	0	open	59		Sketcher: Use generic tool hints table for DrawSketchHandlerPolygon	Gui/DrawSketchHandlerPolygon.h
6b22c79be2	2025-06-28	Kacper Donat	fix	0	0	open	225		Sketcher: Use generic tool hints table for DrawSketchHandlerRectangle	Gui/DrawSketchHandlerRectangle.h
276a44c1e3	2025-06-28	Kacper Donat	fix	0	0	open	68		Sketcher: Use generic tool hints table for DrawSketchHandlerRotate	Gui/DrawSketchHandlerRotate.h
05eb702f87	2025-06-28	Kacper Donat	fix	0	0	open	53		Sketcher: Use generic tool hints table for DrawSketchHandlerScale	Gui/DrawSketchHandlerScale.h
6564ad5c6e	2025-06-28	Kacper Donat	fix	0	0	open	56		Sketcher: Use generic tool hints table for DrawSketchHandlerSlot	Gui/DrawSketchHandlerSlot.h
91de480bc8	2025-06-28	Kacper Donat	noise	0	0	open	52		Sketcher: Use generic tool hints table for DrawSketchHandlerTranslate	Gui/DrawSketchHandlerTranslate.h
ed14e6b24f	2025-06-28	Kacper Donat	fix	0	0	open	59		Sketcher: Use generic tool hints table for DrawSketchHandlerBSpline	Gui/DrawSketchHandlerBSpline.h
4ac445afe7	2025-06-28	Kacper Donat	fix	0	0	open	360		Sketcher: Declare tr function for DrawSketchHandler	Gui/DrawSketchHandler.h Gui/DrawSketchHandlerArc.h Gui/DrawSketchHandlerArcOfEllipse.h Gui/DrawSketchHandlerArcOfHyperbola.h Gui/DrawSketchHandlerArcOfParabola.h Gui/DrawSketchHandlerArcSlot.h Gui/DrawSketchHandlerBSpline.h Gui/DrawSketchHandlerCarbonCopy.h Gui/DrawSketchHandlerCircle.h Gui/DrawSket
4bdaa0180a	2025-07-20	PaddleStroke	fix	0	0	open	82		Sketcher: Fix random gray icon (#22502)	Gui/ViewProviderSketch.cpp Gui/ViewProviderSketch.h
f38485ada2	2025-07-20	matthiasdanner	feature	0	0	n/a(uncompiled)	24		Sketcher: Add second arc helper on diameter constraint (#22579)	Gui/EditModeConstraintCoinManager.cpp Gui/EditModeConstraintCoinManager.h
aa785f78d6	2025-07-20	PaddleStroke	refactor	0	0	open	67		Sketcher: Dimension: Offset the label when moving mouse (#22387)	Gui/CommandConstraints.cpp Gui/DrawSketchHandler.cpp Gui/DrawSketchHandler.h Gui/Utils.h Gui/ViewProviderSketch.cpp Gui/ViewProviderSketch.h
402d533bff	2025-07-10	wmayer	fix	0	0	n/a(uncompiled)	31		Sketcher: fix for issue 12925	Gui/EditModeCoinManagerParameters.h Gui/EditModeGeometryCoinManager.cpp
6eff3ed949	2025-06-20	Benjamin Nauck	?	0	0	open	46	taken 88c9baa853	Sketcher: Initialize constraint members in class declaration	App/Constraint.cpp App/Constraint.h
ac07a56b75	2025-06-20	Benjamin Nauck	feature	0	0	open	319	partial 88c9baa853: App/PreCompiled.h	Sketcher: Add support for more than 3 points	App/Constraint.cpp App/Constraint.h App/PreCompiled.h
7150ae1dc9	2025-06-21	Benjamin Nauck	feature	0	0	open	572		Sketcher: Add tests for ensuring accessing works for both old and new api	tests/App/CMakeLists.txt tests/App/Constraint.cpp
f1c200b204	2025-07-21	Chris Hennes	fix	0	0	n/a(uncompiled)	4		Sketcher: Fix multiplication result converted to larger type	Gui/EditModeGeometryCoinConverter.cpp
25f1d28468	2025-07-23	Chris Hennes	fix	0	0	open	51		Tests: Ensure tests use a fixture that inits app	tests/App/Constraint.cpp
e828c5da4d	2025-07-24	Syres916	fix	1	0	open	1		[Sketcher] Ensure All Reference Constraints are Read Only in the Property Editor	Gui/PropertyConstraintListItem.cpp
f3e1e6cec0	2025-07-25	matthiasdanner	?	0	0	open	34		Sketcher: Display arc angle and length constraints beyond center point (#22651)	Gui/CommandConstraints.cpp Gui/ViewProviderSketch.cpp
ab91372e28	2025-07-25	Chris Hennes	?	0	0	open	36		"Sketcher: Resolve ""Type confusion"" CodeQL critical warning"	App/SketchObject.cpp
403056fa20	2025-07-25	Chris Hennes	?	0	0	open	98		"Sketcher: Resolve ""Declaration hides variable"""	App/SketchObject.cpp App/SketchObject.h
3679a2adca	2025-07-25	Chris Hennes	?	0	0	open	197	n/a: extracts processFace from upstream rebuildExternalGeometry; the fork has its own importFace lambda	"Sketcher: Extract ""processFace"" function"	App/SketchObject.cpp
9efd70ffa4	2025-07-25	Luz Paz	noise	0	0	open	2		Fix various source comment typos Found via codespell	SketcherTests/TestSketcherSolver.py
cdf0097dec	2025-07-24	Chris Hennes	fix	1	0	open	2	taken 88c9baa853	Sketcher: Fix increment of parabola constraint tag	App/Sketch.cpp
29da89febd	2025-07-25	Chris Hennes	refactor	0	0	open	54		Sketcher: Clean up some old commented out code	App/SketchObject.cpp App/SketchObject.h
2da7c9ff17	2025-07-27	theo-vt	?	0	0	open	75		Sketcher: Change the style of the curves in creation to match the construction/defining flag (#22407)	Gui/EditModeCoinManager.cpp Gui/EditModeCoinManager.h Gui/EditModeCoinManagerParameters.cpp Gui/EditModeCoinManagerParameters.h Gui/Utils.h Gui/ViewProviderSketch.cpp
3321b13218	2025-07-29	Johannes Wuller	fix	0	0	open	8	n/a: no ExternalTypes property	Sketcher: Fix external geometry out-of-bounds vector access (#22181)	App/SketchObject.cpp
f73e863a02	2025-08-04	luzpaz	noise	0	0	n/a(uncompiled)	5		Fix various typos (#22836)	Gui/EditModeCoinManager.cpp
764b9cca0e	2025-07-27	Max Wilfinger	fix	0	0	open	22		Sketcher: Fix UI strings	Gui/Command.cpp Gui/SketcherSettings.ui Gui/TaskSketcherMessages.cpp Gui/TaskSketcherSolverAdvanced.cpp Gui/TaskSketcherSolverAdvanced.ui
7dbb67cbe8	2025-08-03	Bas Ruigrok	feature	0	0	n/a(uncompiled)	1		Sketcher: Add missing finishEditing() for points	Gui/EditModeGeometryCoinManager.cpp
2477b9a976	2025-07-27	Matthias Danner	fix	0	1	have(rev)	2		Fix crash on set constraints to virtual space Reverting fix for show only filtered constraints	Gui/TaskSketcherConstraints.cpp
ccb28af4a1	2025-07-26	paddle	feature	0	0	open	767		"Sketcher: Rename ""Solver messages"" to ""Sketch edit"". Add setting button to the solver message box. In which there're grid, snap and ordering widgets."	Gui/CMakeLists.txt Gui/Command.cpp Gui/Command.h Gui/TaskSketcherMessages.cpp Gui/TaskSketcherMessages.h Gui/TaskSketcherMessages.ui
35f151d99e	2025-07-26	paddle	refactor	0	0	open	335		Sketcher: Refactor TaskSketcherMessages to move most of the logic into Core to be reused by Assembly	Gui/CMakeLists.txt Gui/Command.cpp Gui/TaskSketcherMessages.cpp Gui/TaskSketcherMessages.h Gui/TaskSketcherMessages.ui Gui/ViewProviderSketch.cpp
78b4e4211c	2025-08-11	PaddleStroke	?	0	0	n/a(uncompiled)	146		Sketcher: Move root point to a SoSkipBoundingGroup (#22874)	Gui/EditModeCoinManager.cpp Gui/EditModeCoinManagerParameters.h Gui/EditModeGeometryCoinConverter.cpp Gui/EditModeGeometryCoinManager.cpp
a7b501c95c	2025-08-14	Matthias Danner	feature	0	0	open	11		remove edit value option from non dimensional constraints	Gui/ViewProviderSketch.cpp
ed770bf849	2025-08-16	captain0xff	fix	0	0	open	6		Sketcher: fix cropping of some icons on hidpi screens	Gui/CommandConstraints.cpp Gui/EditModeConstraintCoinManager.cpp
569deff94d	2025-08-18	PaddleStroke	?	0	0	n/a(uncompiled)	8		Sketcher: Coinmanager: remove dpi (#22941)	Gui/EditModeCoinManager.cpp
1c67ab7be2	2025-08-18	Valentin Rusu	fix	0	0	open	4	have: null refSubShape skipped earlier	Fix segfault where DatumLine does not have a refSubSHape	App/SketchObject.cpp
fc463ee5d7	2025-08-20	PaddleStroke	?	0	0	n/a(uncompiled)	6		Sketcher: Revert DPI adjustment error #22941 (#23237)	Gui/EditModeCoinManager.cpp
9fc40b33de	2025-08-25	Max Wilfinger	noise	0	0	open	22		Fix source string mistakes reported on Crowdin (#23157)	Gui/CommandConstraints.cpp Gui/CommandSketcherBSpline.cpp Gui/DrawSketchDefaultHandler.h Gui/DrawSketchHandler.cpp Gui/DrawSketchHandlerBSpline.h Gui/SketcherSettingsAppearance.ui Gui/TaskSketcherValidation.cpp
19a082b63c	2025-08-25	matthiasdanner	fix	0	0	open	237		Sketcher: Fix constraint selection in groups (#22937)	Gui/EditModeCoinManager.cpp Gui/EditModeCoinManager.h Gui/EditModeConstraintCoinManager.cpp Gui/EditModeConstraintCoinManager.h Gui/ViewProviderSketch.cpp Gui/ViewProviderSketch.h
9bff63e38d	2025-08-21	tetektoza	fix	0	0	open	4		Sketcher: Fix construction lines becoming solid after box selection	Gui/ViewProviderSketch.cpp
150e6c9b99	2025-08-25	PaddleStroke	fix	0	0	n/a(uncompiled)	4		Sketcher: fix constraint icon size (#22940)	Gui/EditModeCoinManager.cpp
e2346dabd6	2025-06-13	paddle	fix	0	0	open	412		Sketcher: Port and fix internal faces from RealThunder's branch	Gui/AppSketcherGui.cpp Gui/SketcherSettings.cpp Gui/SketcherSettings.ui Gui/SketcherSettingsAppearance.ui Gui/ViewProviderSketch.cpp Gui/ViewProviderSketch.h
9f04f5f371	2025-08-25	tetektoza	feature	0	0	open	11		Sketcher: Set total angle to make evaluation choose it when typing in OVP (#23193)	Gui/DrawSketchHandlerArc.h Gui/DrawSketchHandlerArcSlot.h Gui/DrawSketchHandlerRotate.h
8b9ad3b509	2025-08-26	PaddleStroke	fix	0	0	open	9		Sketcher: Circle DSH: move diameter constraint. Fix #22267 (#22862)	Gui/DrawSketchHandlerCircle.h
780c49b6f0	2025-08-09	Chris Hennes	refactor	0	0	open	1		Sketcher: Remove unused parameter from *ReferenceSelection	Gui/DrawSketchHandlerSplitting.h
3b76d77ed8	2025-08-29	tetektoza	feature	0	0	open	91		Sketcher: Introduce Select All (Ctrl + A) (#23289)	Gui/ViewProviderSketch.cpp
7b85239093	2025-08-31	tetektoza	refactor	0	0	open	59		Sketcher: Use different colors for touch/window selection (#23261)	Gui/CMakeLists.txt Gui/StyleParameters.h Gui/ViewProviderSketch.cpp
39329e547f	2025-08-09	Bas Ruigrok	?	0	0	open	13		Sketcher: Don't show the context menu after rubber band selection	Gui/ViewProviderSketch.cpp Gui/ViewProviderSketch.h
e469eb5ccb	2025-08-23	Bas Ruigrok	?	0	0	open	18		Sketcher: Cancel rubber band selection with RMB	Gui/ViewProviderSketch.cpp
66e099aedb	2025-09-01	tetektoza	fix	0	0	open	308		Merge pull request #23192 from tetektoza/fix/22253_fix_losing_expression_during_sketcher_tools_usage	Gui/CMakeLists.txt Gui/DrawSketchHandlerRotate.h Gui/DrawSketchHandlerScale.h Gui/DrawSketchHandlerTranslate.h Gui/SketcherTransformationExpressionHelper.cpp Gui/SketcherTransformationExpressionHelper.h
6d5800c862	2025-09-01	matthiasdanner	fix	0	0	n/a(uncompiled)	18		Sketcher: Fix Assertion Crash when selecting a Constraint in a group (#23491)	Gui/EditModeConstraintCoinManager.cpp
7c4131c4ef	2025-08-24	tetektoza	feature	0	0	open	8		Sketcher: Disable autoscale if new constraint value is below precision	Gui/DrawSketchHandlerScale.h
eef738b312	2025-09-02	George Peden	feature	0	0	open	114		Feature/sketcher constraint symbol size (#23366)	Gui/EditModeCoinManager.cpp Gui/SketcherSettings.cpp Gui/SketcherSettingsDisplay.ui
01b547912f	2025-09-02	Ladislav Michl	fix	1	0	open	2	taken 88c9baa853	Base: QuantityFormat: avoid storing formatting defaults	App/Constraint.cpp
eab485656f	2025-09-07	theo-vt	fix	0	0	open	377	partial d8d462426e: Gui Scale tool and EditDatumDialog halves are phase 3	Sketcher: fix invalid constraint on first dimension (#23024)	App/SketchAnalysis.cpp App/SketchObject.cpp App/SketchObject.h App/SketchObject.pyi App/SketchObjectPyImp.cpp Gui/CommandSketcherTools.cpp Gui/CommandSketcherTools.h Gui/DrawSketchHandlerScale.h Gui/EditDatumDialog.cpp
d9da6c8def	2025-09-07	luzpaz	noise	0	0	open	4		Fix various typos Found via codespell	App/SketchObject.h App/SketchObject.pyi
93db4c7d8a	2025-07-31	wmayer	?	0	0	open	26		CMake: Replace include_directories with target_include_directories	App/CMakeLists.txt Gui/CMakeLists.txt
dc22fb4b9b	2025-09-09	PaddleStroke	?	0	0	open	30		Sketcher: Constraint symbol size follow-up (#23590)	Gui/EditModeCoinManager.cpp Gui/SketcherSettings.cpp Gui/SketcherSettingsDisplay.ui
689740d3d3	2025-09-10	FEA-eng	feature	1	0	open	2		Sketcher: Remove redundant title case from task panel option of the Mirror tool (#23822)	Gui/DrawSketchHandlerSymmetry.h
23ea8ce37b	2025-09-10	George Peden	feature	0	0	open	19		Add U (rounded corners) and J (frame) keyboard shortcuts to rectangle hints	Gui/DrawSketchHandlerRectangle.h
d524b9ceef	2025-09-10	George Peden	feature	0	0	open	6		Add M (Mode) keyboard shortcut to arc slot hints	Gui/DrawSketchHandlerArcSlot.h
80290baaf6	2025-09-10	George Peden	feature	0	0	open	6		Add mode-aware keyboard shortcuts to B-spline hints	Gui/DrawSketchHandlerBSpline.h
343bd6c77c	2025-09-10	George Peden	feature	0	0	open	18		Add keyboard shortcuts to fillet/chamfer hints	Gui/DrawSketchHandlerFillet.h
ed444318e4	2025-09-10	George Peden	fix	0	0	open	16		Fix inconsistent keyboard shortcut hints in Rectangle tool	Gui/DrawSketchHandlerRectangle.h
749ac36615	2025-08-26	Markus Reitbock	noise	0	0	open	18		do not use precompiled header for setting global compiler definitions and to disable compiler warnings	App/CMakeLists.txt App/PreCompiled.h Gui/PreCompiled.h
34747719fb	2025-09-12	matthiasdanner	fix	0	0	open	164		Sketcher: Fix use after free Bug when commiting value with enter in OVP (#23853)	Gui/DrawSketchController.h Gui/DrawSketchDefaultHandler.h Gui/DrawSketchDefaultWidgetController.h Gui/DrawSketchHandlerArc.h Gui/DrawSketchHandlerArcSlot.h Gui/DrawSketchHandlerBSpline.h Gui/DrawSketchHandlerCircle.h Gui/DrawSketchHandlerEllipse.h Gui/DrawSketchHandlerLine.h Gui/DrawSketchHandlerOff
5d76be01e1	2025-09-12	matthiasdanner	fix	0	0	open	17		Sketcher: Fix Freeze in Offset with too large negative value (#23467)	Gui/DrawSketchHandlerOffset.h
547c97fc79	2025-09-12	PaddleStroke	fix	0	0	open	9		Sketcher: Fix arc double click bug (#23873)	Gui/DrawSketchHandlerArc.h
ee44d265c8	2025-09-12	PaddleStroke	fix	0	0	open	10		Sketcher: Bspline tool: prevent double click failure (#23872)	Gui/DrawSketchHandlerBSpline.h
95840a79d3	2025-09-06	Matthias Danner	fix	0	0	open	76		Sketcher: Fix Select all with BSplines and clean up selection logic	Gui/ViewProviderSketch.cpp
f2803283b8	2025-09-12	George Peden	fix	0	0	open	7		Fix B-spline keyboard focus issue (#23859) (#23860)	Gui/DrawSketchHandlerBSpline.h
061e185e7f	2025-09-12	PaddleStroke	fix	0	0	open	131		Sketcher: Fix ctrl A (#23866)	Gui/TaskSketcherConstraints.cpp Gui/TaskSketcherElements.cpp Gui/ViewProviderSketch.cpp
37b4560893	2025-09-13	PaddleStroke	fix	0	0	open	117		Sketcher: Coin resize when screen change. Fix #23267 (#23865)	Gui/EditModeCoinManager.cpp Gui/EditModeCoinManager.h Gui/ViewProviderSketch.cpp Gui/ViewProviderSketch.h
57ee6870b4	2025-09-14	Roy-043	?	0	0	open	6		Sketcher: QInputDialog titles to Title Case (#23920)	Gui/Command.cpp
5b59d94d55	2025-09-14	Roy-043	?	0	0	open	2		Sketcher: Update text in prefs (Title Case related)	Gui/SketcherSettings.ui
4dbdd1031d	2025-09-14	Roy-043	?	1	0	open	2		"Sketcher change ""don't attach"" (#23924)"	Gui/Command.cpp
f7f3c18e52	2025-09-14	Roy-043	?	0	0	open	12		Sketcher: QMessageBox titles to Title Case (#23925)	Gui/Command.cpp Gui/CommandSketcherTools.cpp Gui/TaskSketcherValidation.cpp
010e7fc45f	2025-09-15	Roy-043	?	0	0	open	5		"Sketcher: Change ""By control points"" and ""By knots"" texts (#23943)"	Gui/DrawSketchHandlerBSpline.h
9c4bafc28f	2025-09-15	Roy-043	feature	0	0	open	4		Sketcher: Add 'Toggle' to 'Construction Geometry' menu texts (#23944)	Gui/CommandAlterGeometry.cpp Gui/TaskSketcherElements.cpp
4bb387dd0b	2025-09-16	Roy-043	?	0	0	open	30		Sketcher: titles of parameter sections to Title Case (#23936)	Gui/DrawSketchHandlerArc.h Gui/DrawSketchHandlerArcSlot.h Gui/DrawSketchHandlerBSpline.h Gui/DrawSketchHandlerCircle.h Gui/DrawSketchHandlerEllipse.h Gui/DrawSketchHandlerFillet.h Gui/DrawSketchHandlerLine.h Gui/DrawSketchHandlerOffset.h Gui/DrawSketchHandlerPolygon.h Gui/DrawSketchHandlerRectangle.
bac49e4659	2025-09-16	Roy-043	?	0	0	open	52		Sketcher: context menu of Elements section in task panel to Title Case	Gui/TaskSketcherElements.cpp
1c591cd43a	2025-09-17	Roy-043	fix	0	0	open	14		Sketcher: fix some prefs texts (#23992)	Gui/SketcherSettingsAppearance.ui Gui/SketcherSettingsDisplay.ui
fa2e5cd5fe	2025-09-17	theo-vt	refactor	0	0	open	4		Sketcher: Use the right delete flag for delConstraints	App/SketchObject.cpp
750c2a0c4d	2025-09-19	PaddleStroke	fix	1	0	open	55		Sketcher: Offset: fix bad arcs (#24053)	Gui/DrawSketchHandlerOffset.h
7640a03cc8	2025-09-21	Furgo	feature	0	0	open	2		Sketcher: improve Make Internals property tooltip (#23636)	App/SketchObject.cpp
3872d0682d	2025-09-22	PaddleStroke	?	0	0	open	7		Sketcher: Improve circle constraint position (#23569)	Gui/DrawSketchController.h Gui/DrawSketchHandlerCircle.h
46ec53f4da	2025-09-22	matthiasdanner	fix	0	0	open	197	partial 88c9baa853: App/SketchObject.cpp App/SketchObject.h App/SketchObjectPyImp.cpp Gui/EditModeConstraintCoinManager.cpp Gui/TaskSketcherConstraints.cpp Gui/TaskSketcherConstraints.h	"Fix ""Show only Visible Constraints"" option (#23187)"	App/Constraint.cpp App/Constraint.h App/SketchObject.cpp App/SketchObject.h App/SketchObject.pyi App/SketchObjectPyImp.cpp Gui/EditModeConstraintCoinManager.cpp Gui/TaskSketcherConstraints.cpp Gui/TaskSketcherConstraints.h
ef670e7880	2025-09-16	Markus Reitbock	refactor	0	0	open	280	partial 88c9baa853: App/AppSketcher.cpp App/AppSketcherPy.cpp App/ExternalGeometryExtension.cpp App/ExternalGeometryExtensionPyImp.cpp App/ExternalGeometryFacade.cpp App/ExternalGeometryFacadePyImp.cpp App/GeoList.cpp App/Geomet	Sketcher: use CMake to generate precompiled headers on all platforms	App/AppSketcher.cpp App/AppSketcherPy.cpp App/CMakeLists.txt App/Constraint.cpp App/ConstraintPyImp.cpp App/ExternalGeometryExtension.cpp App/ExternalGeometryExtensionPyImp.cpp App/ExternalGeometryFacade.cpp App/ExternalGeometryFacadePyImp.cpp App/GeoEnum.cpp App/GeoEnum.h App/GeoList.cpp App/Geomet
c3805ecf4a	2025-09-21	Markus Reitbock	fix	0	0	open	10	taken 708be44c03	fix duplicate include guards in precompiled headers	App/PreCompiled.h Gui/PreCompiled.h
5961651547	2025-09-23	matthiasdanner	?	0	0	open	3		Sketcher: Display non-empty Sketch when having external geometry (#23660)	Gui/ViewProviderSketch.cpp
c6c084f22c	2025-09-23	theo-vt	fix	0	0	open	5	have: both hunks arrived with the trim/split take d8d462426e	Sketcher: fix split breaking sketch (#23711)	App/SketchObject.cpp
155edc0f53	2025-09-24	PaddleStroke	fix	0	0	open	203		Sketcher: Fix is active. (#24124)	Gui/CommandSketcherBSpline.cpp Gui/CommandSketcherOverlay.cpp Gui/CommandSketcherTools.cpp Gui/Utils.cpp Gui/Utils.h
2aa8f133f3	2025-09-24	PaddleStroke	fix	0	0	open	4		Sketcher: Fix crash on constraint selection	Gui/CommandSketcherBSpline.cpp
2ce0323b8f	2025-08-23	Markus Reitbock	feature	0	0	open	2		cleanup remaining implementations of precompiled headers	Gui/SketcherTransformationExpressionHelper.cpp
af4ed78c01	2025-09-26	PaddleStroke	fix	0	0	open	191		Sketcher: Slot tool: fix redundant horizontal (#24248)	Gui/DrawSketchHandlerSlot.h Gui/Utils.cpp
91017606aa	2025-09-26	PaddleStroke	fix	1	0	open	30	taken 88c9baa853	Sketcher: Fix crash on Sketcher.Constraint (#24269)	App/ConstraintPyImp.cpp
a41159a043	2025-09-21	theo-vt	feature	0	0	open	7		Sketcher.Scale: Add case for distance of a single curve	Gui/DrawSketchHandlerScale.h Gui/EditDatumDialog.cpp
75c8749189	2025-09-28	Chris Hennes	noise	0	0	open	10		GUI: Fix some translatable text (#24289)	Gui/CommandConstraints.cpp Gui/CommandCreateGeo.cpp Gui/CommandSketcherTools.cpp
9be5c97fcf	2025-09-28	tetektoza	?	0	0	open	142		Sketcher: Unset labels that are invalid only after user finished editing	Gui/DrawSketchController.h Gui/DrawSketchHandlerArc.h Gui/DrawSketchHandlerArcSlot.h Gui/DrawSketchHandlerBSpline.h Gui/DrawSketchHandlerCircle.h Gui/DrawSketchHandlerEllipse.h Gui/DrawSketchHandlerLine.h Gui/DrawSketchHandlerOffset.h Gui/DrawSketchHandlerPolygon.h Gui/DrawSketchHandlerRectangle.h G
dc2aec50d4	2025-09-28	Kacper Donat	?	0	0	open	2		Sketcher: Do not force visibility of planes on edit	Gui/ViewProviderSketch.cpp
f2af5b7e7f	2025-09-29	tetektoza	?	0	0	open	43		Sketcher: Remove isSet checks that were replaced by hasFinishedEditing	Gui/DrawSketchHandlerArc.h Gui/DrawSketchHandlerBSpline.h Gui/DrawSketchHandlerCircle.h Gui/DrawSketchHandlerEllipse.h Gui/DrawSketchHandlerLine.h Gui/DrawSketchHandlerRectangle.h
582eae5ba3	2025-09-07	George Peden	feature	0	0	open	4		Add missing hints for ConstrainRadiam tool	Gui/CommandConstraints.cpp
871ee4ca32	2025-09-07	George Peden	feature	0	0	open	32		Add context-aware hints for ConstrainAngle tool	Gui/CommandConstraints.cpp
17533deb50	2025-09-07	George Peden	feature	0	0	open	66		Add context-aware hints for remaining constraint tools	Gui/CommandConstraints.cpp
8b36da6782	2025-09-07	George Peden	feature	0	0	open	84		Refactor hint strings to use constants	Gui/CommandConstraints.cpp
584472f779	2025-09-08	George Peden	feature	0	0	open	69		Refactor: Replace all literal hint strings with constants	Gui/CommandConstraints.cpp
dbd72f9c60	2025-09-08	George Peden	feature	0	0	open	64		Improve context-aware hints for Sketcher constraints	Gui/CommandConstraints.cpp
b82408c545	2025-09-08	George Peden	fix	0	0	open	16		Fix Sketcher Dimension hints - add context-aware hints based on selection	Gui/CommandConstraints.cpp
abf9762abb	2025-09-20	George Peden	fix	0	0	open	38		Fix ConstrainSymmetric two points + symmetry point workflow	Gui/CommandConstraints.cpp
1ac117f1c8	2025-09-20	George Peden	feature	0	0	open	17		Add MODE_HINT to dimension tool	Gui/CommandConstraints.cpp
a940181998	2025-09-21	longrackslabs	fix	0	0	open	2		Fix ConstrainSymmetric hint for point->edge->point workflow	Gui/CommandConstraints.cpp
99f27f1a56	2025-09-21	longrackslabs	feature	0	0	open	9		Add 'or click to finish' to Sketcher_Dimension hints	Gui/CommandConstraints.cpp
ef10f20351	2025-09-30	PaddleStroke	fix	1	0	open	3		Sketcher: Prevent non-edit toolbars from showing up when switching tab (#24202)	Gui/Workbench.cpp
f90e73f64b	2025-09-25	paddle	feature	1	0	open	8		Sketcher: Force OVP visibility for offset and scale.	Gui/DrawSketchController.h Gui/DrawSketchHandlerOffset.h Gui/DrawSketchHandlerScale.h
c2592271e8	2025-10-06	PaddleStroke	feature	0	0	open	22		Sketcher: remove edit tools from toolbar (#24229)	Gui/Workbench.cpp Gui/Workbench.h
365af33fc6	2025-10-06	PaddleStroke	?	1	0	open	54	taken 88c9baa853	Sketcher: Symmetric arc when center is on symmetry line. (#24228)	App/Sketch.cpp
331e51cdfc	2025-10-09	PaddleStroke	fix	0	0	open	11	have: toggleConstructions clones and sets values	Sketcher: Fix toggle construction not undoable (#24539)	App/SketchObject.cpp
ca8bfc6180	2025-10-09	PaddleStroke	?	0	0	open	35		Sketcher: Make ctrlA work with filter (#24541)	Gui/TaskSketcherConstraints.cpp Gui/TaskSketcherElements.cpp Gui/ViewProviderSketch.cpp
084003e361	2025-10-09		noise	0	0	open	7		Tests: Add/update SPDX header (#24547)	tests/App/CMakeLists.txt tests/App/Constraint.cpp tests/App/planegcs/CMakeLists.txt tests/CMakeLists.txt
98d64f9939	2025-10-09	PaddleStroke	?	0	0	open	14		Sketcher: Element Task : clear selection when list selection is cleared	Gui/TaskSketcherElements.cpp Gui/TaskSketcherElements.h
f4fe303829	2025-09-30	Florian Foinant-Willig	refactor	0	0	open	10	taken 88c9baa853	Sketcher: rename DeriVector2::crossProdNorm to DeriVector2::crossProdZ	App/planegcs/Constraints.cpp App/planegcs/Geo.cpp App/planegcs/Geo.h tests/App/planegcs/Constraints.cpp
62c222c211	2025-10-13	matthiasdanner	fix	0	0	open	317	deferred: the App hunk (which PointPos flips in reverseAngleConstraintToSupplementary) serves the Gui snapping half; upstream rewrote the function again in 8b06bca68a -- phase 3 cluster with 8b06bca68a and 8ff4736a05	Sketcher: Fix Angle Constraint jumping to opposite side on movement (#24150)	App/SketchObject.cpp Gui/CommandConstraints.cpp Gui/CommandSketcherBSpline.cpp Gui/CommandSketcherTools.cpp Gui/DrawSketchControllableHandler.h Gui/DrawSketchController.h Gui/DrawSketchDefaultHandler.h Gui/DrawSketchHandler.h Gui/DrawSketchHandlerArcOfEllipse.h Gui/DrawSketchHandlerArcOfHyperbola.h 
981daca351	2025-10-14	PaddleStroke	fix	0	0	open	3		Sketcher: bspline tool: fix error message (#24566)	Gui/DrawSketchHandlerBSpline.h
8275916601	2025-10-14	PaddleStroke	fix	1	0	open	2	taken 88c9baa853	Sketcher: Fix deactivated Block bug (#24548)	App/Sketch.cpp
e278d22d42	2025-10-16	PaddleStroke	fix	0	0	open	20		Sketcher: Fix ctrlA with filter vertex index issue (#24665)	Gui/ViewProviderSketch.cpp
7023e83843	2025-10-20	PaddleStroke	feature	0	0	open	29	taken 88c9baa853	Sketcher: Add support for tangent singularity when concentric circles (#24227)	App/planegcs/Constraints.cpp
129d64dd87	2025-10-20	Chris	?	0	0	open	4		Sketcher: Resolve aggressive snapping (#24730)	Gui/SnapManager.cpp
06c46bd352	2025-10-20	PaddleStroke	fix	0	0	open	130		Sketcher: Fix issue of reversed arcs input for polar pattern (#24351)	Gui/DrawSketchHandlerOffset.h Gui/DrawSketchHandlerRotate.h
498968b89c	2025-10-22	PaddleStroke	?	0	0	open	16		Sketcher: Do not open command if one is pending in doSetVisible (#24778)	Gui/TaskSketcherConstraints.cpp
87d21a643d	2025-10-02	theo-vt	?	0	0	open	37		Sketcher: Reassign virtual space flag to constraints after modifying them through a default DHS	Gui/DrawSketchDefaultHandler.h Gui/DrawSketchHandlerScale.h
e2a141785f	2025-10-28	tetektoza	feature	0	0	open	24		Sketcher: Remember cursor angle for Slot OVPs after OVP is set	Gui/DrawSketchHandlerSlot.h
1f78dac7b5	2025-10-28	tetektoza	feature	0	0	open	57		Sketcher: Remember cursor angle for Line OVPs after OVP is set	Gui/DrawSketchHandlerLine.h
ced9c0dd4f	2025-10-28	tetektoza	feature	0	0	open	23		Sketcher: Remember cursor angle for Rectangle OVPs after OVP is set	Gui/DrawSketchHandlerRectangle.h
0b2268a921	2025-11-02	PaddleStroke	?	0	0	n/a(uncompiled)	88		Sketcher: Constraint rendering (#24534)	Gui/EditModeConstraintCoinManager.cpp Gui/EditModeConstraintCoinManager.h
af014a1bb4	2025-11-04	PaddleStroke	fix	0	1	have(rev)	6		Sketcher: Restore ExprBasedConstrDimColor (#25055)	Gui/EditModeConstraintCoinManager.cpp
cb108249f2	2025-11-05	PaddleStroke	fix	0	0	open	5		Sketcher: Fix offset of open profile (#25091)	Gui/DrawSketchHandlerOffset.h
857190a20a	2025-11-04	Ajinkya Dahale	?	0	0	open	16	taken d8d462426e	Sketcher: Only transfer equality in specific cases in `trim`	App/SketchObject.cpp
c828c5d1d1	2025-11-08	Bas Ruigrok	fix	0	0	open	675		Sketcher: Remove unused grid toggle icons and fix SIGSEGV	Gui/Command.cpp Gui/Resources/Sketcher.qrc Gui/Resources/icons/general/Sketcher_GridToggle.svg Gui/Resources/icons/general/Sketcher_GridToggle_Deactivated.svg
a479197f0b	2025-11-08	Bas Ruigrok	fix	1	0	open	784		Sketcher: Remove unused snap icons and fix SIGSEGV	Gui/Command.cpp Gui/Resources/Sketcher.qrc Gui/Resources/icons/general/Sketcher_Snap.svg Gui/Resources/icons/general/Sketcher_Snap_Deactivated.svg
d95f56b39b	2025-11-08	Bas Ruigrok	refactor	0	0	open	1495		Sketcher: Remove unused rendering order icons	Gui/Command.cpp Gui/Resources/Sketcher.qrc Gui/Resources/icons/general/Sketcher_RenderingOrder_Construction.svg Gui/Resources/icons/general/Sketcher_RenderingOrder_External.svg Gui/Resources/icons/general/Sketcher_RenderingOrder_Normal.svg
6bed2e663e	2025-11-03	tetektoza	?	0	0	open	31		Sketcher: Clear selection on selected geometry when hiding	Gui/TaskSketcherElements.cpp
25c3ba7338	2025-11-11	pre-commit-ci[bot]	noise	0	0	open	17919	partial 88c9baa853: App/AppSketcher.cpp App/ExternalGeometryExtension.cpp App/ExternalGeometryExtension.h App/ExternalGeometryExtensionPyImp.cpp App/ExternalGeometryFacade.cpp App/ExternalGeometryFacadePyImp.cpp App/GeoList.cpp App/GeoList.h App/GeometryFacade	All: Reformat according to new standard	App/AppSketcher.cpp App/Constraint.cpp App/Constraint.h App/ConstraintPyImp.cpp App/ExternalGeometryExtension.cpp App/ExternalGeometryExtension.h App/ExternalGeometryExtensionPyImp.cpp App/ExternalGeometryFacade.cpp App/ExternalGeometryFacadePyImp.cpp App/GeoList.cpp App/GeoList.h App/GeometryFacade
748004b4e4	2025-09-25	Frank Martinez	fix	0	0	open	165		[bindings] fix signatures in pyi files	App/Constraint.pyi App/ExternalGeometryExtension.pyi App/ExternalGeometryFacade.pyi App/GeometryFacade.pyi App/Sketch.pyi App/SketchGeometryExtension.pyi App/SketchObject.pyi App/SketchObjectSF.pyi Gui/ViewProviderSketchGeometryExtension.pyi
0eae00b9a1	2025-09-25	Frank Martinez	?	0	0	open	59		[bindings] Code formatting	App/Constraint.pyi App/ExternalGeometryExtension.pyi App/ExternalGeometryFacade.pyi App/GeometryFacade.pyi App/Sketch.pyi App/SketchGeometryExtension.pyi App/SketchObject.pyi App/SketchObjectSF.pyi Gui/ViewProviderSketchGeometryExtension.pyi
39d15c011e	2025-09-26	Frank Martinez	?	0	0	open	60		black formatting	App/Constraint.pyi App/ExternalGeometryExtension.pyi App/ExternalGeometryFacade.pyi App/GeometryFacade.pyi App/Sketch.pyi App/SketchGeometryExtension.pyi App/SketchObject.pyi App/SketchObjectSF.pyi Gui/ViewProviderSketchGeometryExtension.pyi
2ada443c18	2025-10-05	Frank Martinez	refactor	0	0	open	3		Clean unused imports in .pyi files	App/ExternalGeometryExtension.pyi App/Sketch.pyi
1cf57d6e11	2025-10-07	Frank Martinez	noise	0	0	open	60		[bindings] Format with yapf (precommit will reformat)	App/Constraint.pyi App/ExternalGeometryExtension.pyi App/ExternalGeometryFacade.pyi App/GeometryFacade.pyi App/Sketch.pyi App/SketchGeometryExtension.pyi App/SketchObject.pyi App/SketchObjectSF.pyi Gui/ViewProviderSketchGeometryExtension.pyi
93e4858b01	2025-10-10	Frank Martinez	?	0	0	open	2		[bindings] remove redundant signatures. batch2	App/Sketch.pyi
3561d25c2d	2025-10-18	Frank Martinez	noise	0	0	open	18		[License] Fix pyi license headers.	App/Constraint.pyi App/ExternalGeometryExtension.pyi App/ExternalGeometryFacade.pyi App/GeometryFacade.pyi App/Sketch.pyi App/SketchGeometryExtension.pyi App/SketchObject.pyi App/SketchObjectSF.pyi Gui/ViewProviderSketchGeometryExtension.pyi
5e0dd60ee5	2025-11-11	pre-commit-ci[bot]	noise	0	0	open	60		[pre-commit.ci] auto fixes from pre-commit.com hooks	App/Constraint.pyi App/ExternalGeometryExtension.pyi App/ExternalGeometryFacade.pyi App/GeometryFacade.pyi App/Sketch.pyi App/SketchGeometryExtension.pyi App/SketchObject.pyi App/SketchObjectSF.pyi Gui/ViewProviderSketchGeometryExtension.pyi
4b50d72769	2025-11-12	PaddleStroke	fix	0	0	open	3		Sketcher: Fix origin showing on sketch edit	Gui/ViewProviderSketch.cpp
2903f480ae	2025-11-14	revaarathore11	fix	1	0	open	2		Fix tooltip text mismatch for 'Dimensions only' in Sketcher Preferences (#24825)	Gui/SketcherSettings.ui
a283855697	2025-11-14	Alfred	fix	0	0	open	2		Sketcher: Vertical dimension tooltip fix (#24839)	Gui/CommandConstraints.cpp
d4bfa82161	2025-11-15	theo-vt	?	0	0	open	2	taken 88c9baa853	Sketcher.planegcs: solve reference constraints with lower priority (#25318)	App/planegcs/GCS.cpp
15d9e14851	2025-11-14	theo-vt	?	0	0	open	23		Sketcher: Proceed to chamfer/fillet on a vertex if there are more than 2 lines but only two non-construction lines	App/SketchObject.cpp App/SketchObject.h Gui/DrawSketchHandlerFillet.h
a77f96ea86	2025-11-15	Aqeel Labash	fix	0	0	open	4		Fix wording for On-view-parameters tool tip. (#24773)	Gui/SketcherSettings.ui
1ec1f1506e	2025-11-10	chris	fix	0	0	open	9		sketcher wb: fix issue #25076, resolve grid snapping placement	Gui/ViewProviderSketch.cpp
33d1d80555	2025-11-17	PaddleStroke	?	0	0	open	13		Sketcher: Remove transaction from TaskSketcherConstraints::doSetVisible (#25255)	Gui/TaskSketcherConstraints.cpp
6f90c5ea61	2025-11-18	PaddleStroke	fix	0	0	open	141		Sketcher: ConstraintList: prevent N transaction on box selection (#25254)	Gui/TaskSketcherConstraints.cpp Gui/TaskSketcherConstraints.h
d806b4e5f3	2025-11-19	chris	fix	0	0	open	3		sketcher: fix issue #13852 resolve issue with state not updating constraint text	Gui/ViewProviderSketch.cpp
72d021108f	2025-11-23	Chris	feature	0	0	open	33		Sketcher: allow grid snapping while hovering mouse over axis (#25226)	Gui/SnapManager.cpp
1d30d079b0	2025-11-24	PaddleStroke	fix	0	0	open	15		Sketcher: Rotate: Fix line length ignored (#25434)	Gui/DrawSketchHandlerRotate.h
16aff10544	2025-11-20	pjcreath	fix	0	0	open	16		Sketcher: prevent crash on undo/redo while dragging.	Gui/ViewProviderSketch.cpp
efb10e1b28	2025-11-20	pjcreath	fix	0	0	open	5		Sketcher: prevent undo/redo crash when selected geometry goes away.	Gui/CommandSketcherBSpline.cpp Gui/Utils.cpp
e38154474a	2025-11-24	PaddleStroke	fix	1	0	open	23		Sketcher: Prevent bad coincidences (#25304)	Gui/CommandConstraints.cpp
74aafcee75	2025-11-24	PaddleStroke	?	0	0	open	26	adapted e3a8d113d7	Sketcher: External Face: decide between defining and construction (#25390)	App/SketchObject.cpp
bb0cd704fb	2025-11-24	Ajinkya Dahale	?	0	0	open	6		Merge pull request #25536 from AjinkyaDahale/patch-8	Gui/DrawSketchHandler.cpp
8ea5075385	2025-12-02	marbocub	fix	0	0	open	6	taken e4352d774d	Sketcher: Fix error when first constraint is DistanceX/DistanceY to vertex (#25813)	App/PythonConverter.cpp
5f4fe75f5f	2025-11-27	tetektoza	refactor	0	0	open	23		Sketcher: Use constraint index instead of geoId as key in expr storage	Gui/SketcherTransformationExpressionHelper.cpp Gui/SketcherTransformationExpressionHelper.h
6ddb0165ff	2025-12-02	PaddleStroke	fix	0	0	open	8	n/a: no linkIsDefiningMap	Sketcher: fix new external always construction (#25733)	App/SketchObject.cpp
1784be046f	2025-12-03	PaddleStroke	feature	0	0	open	9		Sketcher: Make VPSketch::addSelection public	Gui/ViewProviderSketch.h
0c34c93fe4	2025-12-03	PaddleStroke	feature	0	0	open	8		Sketcher: dimension tool, use VPSketch version of addSelection	Gui/CommandConstraints.cpp
67234e98b7	2025-12-05	PaddleStroke	fix	0	0	open	22		Sketcher: Offset: Fix failure if 2+ closed wires with different orientations (#25941)	Gui/DrawSketchHandlerOffset.h
945ba15e18	2025-12-05	Sebastian	?	0	0	open	2		Match the string that gets sent to setCommand (#25964)	Gui/Workbench.cpp
a49d106807	2025-12-05	PaddleStroke	fix	0	0	open	11	adapted 329342b6bc	Sketcher: Fix errors message when selecting circle seam point. (#25953)	App/SketchObject.cpp
78e5729520	2025-12-03	Ajinkya Dahale	fix	0	0	open	67	taken d8d462426e	Sketcher: Handle angle constraint on sketchobject changes	App/SketchObject.cpp App/SketchObject.h
0800791a0f	2025-12-12	Ajinkya Dahale	?	0	0	open	52	taken d8d462426e	Sketcher: Only transfer angle to relevant segment on trim etc.	App/SketchObject.cpp
bf697ca710	2025-12-13	Kacper Donat	refactor	0	0	n/a(uncompiled)	9		Gui: Use largest possible marker if needed	Gui/EditModeCoinManager.cpp
29eeab3624	2025-12-12	theo-vt	?	0	0	open	13		Sketcher: Do not autoscale if there are blocked geometries	App/SketchObject.cpp App/SketchObject.h Gui/EditDatumDialog.cpp
50f029edd4	2025-12-16	Chris Hennes	noise	0	0	open	19		Sketcher: Compiler warning cleanup	Gui/Command.cpp Gui/CommandConstraints.cpp Gui/DrawSketchHandlerOffset.h Gui/EditModeCoinManager.cpp
22552848fd	2025-12-17	chris	fix	1	0	open	5		sketcher: fixes issue #26167 no polygon distort when repositioning / constraining	Gui/DrawSketchControllableHandler.h
4cd81136b6	2025-12-21	Chris	feature	0	0	open	261		Sketcher: Allow live preview of sketch placement (#26033)	CMakeLists.txt Gui/ViewProviderSketch.cpp SketcherTests/TestPlacementUpdate.py TestSketcherApp.py
176ef6da4e	2025-12-22	marbocub	fix	0	0	open	374	adapted 92e5004b51: mirror about the local origin, not the Placement; fork's copied-expression path corrected too	Sketcher: add reverse mapping correction to Carbon Copy (#25745)	App/SketchObject.cpp App/SketchObject.pyi App/SketchObjectPyImp.cpp CMakeLists.txt SketcherTests/TestSketchCarbonCopyReverseMapping.FCStd SketcherTests/TestSketchCarbonCopyReverseMapping.py TestSketcherApp.py
eb61ee36a6	2025-12-23	Chris	fix	0	0	open	52		sketcher: fix issue #25992 keep snapped position when releasing mosue for updated sketch points (#26102)	Gui/ViewProviderSketch.cpp
670da3d796	2025-12-25		noise	0	0	open	377	partial 88c9baa853: App/Analyse.h App/AppSketcher.cpp App/AppSketcherPy.cpp App/ExternalGeometryExtension.cpp App/ExternalGeometryExtension.h App/ExternalGeometryExtensionPyImp.cpp App/ExternalGeometryFacade.cpp App/ExternalGeometryFacade.h	SPDX [ 41 ][ Src / Mod / Sketcher ] (#25135)	App/Analyse.h App/AppSketcher.cpp App/AppSketcherPy.cpp App/CMakeLists.txt App/Constraint.cpp App/Constraint.h App/ConstraintPyImp.cpp App/ExternalGeometryExtension.cpp App/ExternalGeometryExtension.h App/ExternalGeometryExtensionPyImp.cpp App/ExternalGeometryFacade.cpp App/ExternalGeometryFacade.h 
4892154faf	2025-12-26	horseDeveloper	fix	1	0	open	10		Fixing Leftover references from migration from freecadweb.org (#26163)	Gui/DrawSketchHandlerOffset.h Gui/Resources/icons/constraints/Constraint_Dimension.svg Gui/Resources/icons/constraints/Constraint_Dimension_Driven.svg Gui/Resources/icons/tools/Sketcher_Rotate.svg Gui/Resources/icons/tools/Sketcher_Scale.svg
cc60502708	2025-12-29	theo-vt	?	0	0	open	56		Sketcher.scale: Scale label of modified constraints (#26442)	Gui/DrawSketchHandlerScale.h Gui/EditDatumDialog.cpp
be6be63764	2026-01-02	PaddleStroke	fix	0	0	n/a(uncompiled)	54		Sketcher: Fix large sketch being laggy (#26598)	Gui/EditModeConstraintCoinManager.cpp
9f2b0f910b	2026-01-02	PaddleStroke	fix	0	0	open	2		Sketcher: Fix snap to axis not working (#26558)	Gui/SnapManager.cpp
c8106982de	2026-01-04	PaddleStroke	fix	0	0	open	206	partial 88c9baa853: Gui/TaskSketcherSolverAdvanced.cpp Gui/TaskSketcherSolverAdvanced.h	Sketcher: Use DenseQR for small sketches to avoid SparseQR rank issues (#26559)	App/Sketch.h App/planegcs/GCS.cpp App/planegcs/GCS.h Gui/TaskSketcherSolverAdvanced.cpp Gui/TaskSketcherSolverAdvanced.h Gui/TaskSketcherSolverAdvanced.ui
26723cf209	2025-12-31	PaddleStroke	?	0	0	open	45		Sketcher: Reverse #25478 and #26033	Gui/ViewProviderSketch.cpp
2682d68809	2026-01-05	Kacper Donat	fix	0	0	open	52		Sketcher: Use correct namespace for tr functions in DSH	Gui/DrawSketchHandler.h Gui/DrawSketchHandlerArc.h Gui/DrawSketchHandlerArcOfEllipse.h Gui/DrawSketchHandlerArcOfHyperbola.h Gui/DrawSketchHandlerArcOfParabola.h Gui/DrawSketchHandlerArcSlot.h Gui/DrawSketchHandlerBSpline.h Gui/DrawSketchHandlerCarbonCopy.h Gui/DrawSketchHandlerCircle.h Gui/DrawSket
21f0d44320	2026-01-05	PaddleStroke	fix	0	0	n/a(uncompiled)	131		Sketcher: Fix selection & zoom lag in large sketches (#26671)	Gui/EditModeConstraintCoinManager.cpp
0fa707c523	2026-01-05	PaddleStroke	?	0	0	open	449		Sketcher: Speed up large bulk Selection in edit (#26663)	Gui/TaskSketcherConstraints.cpp Gui/TaskSketcherConstraints.h Gui/TaskSketcherElements.cpp Gui/TaskSketcherElements.h Gui/ViewProviderSketch.cpp Gui/ViewProviderSketch.h
404482f48e	2025-04-07	Ajinkya Dahale	fix	0	0	open	28	taken d8d462426e	[Sketcher] Fix issue in `replaceGeometries` when more old than new	App/SketchObject.cpp App/SketchObject.h
9c87e26280	2025-04-07	Ajinkya Dahale	feature	0	0	open	67	taken 9b75379eb1	[Sketcher][test] Add tests for `replaceGeometries()`	tests/App/SketchObjectChanges.cpp
ca97889e47	2024-06-29	Ajinkya Dahale	refactor	0	0	have(sync)	39		[Sketcher] Refactor `SketchObject:validateExternalLinks()`	App/SketchObject.cpp
a16be08159	2024-07-01	Ajinkya Dahale	refactor	0	0	have(sync)	260		[Sketcher] Refactor some loops for understandability	App/SketchObject.cpp
8e46e74ee5	2024-07-27	Ajinkya Dahale	refactor	0	0	have(sync)	76		[Sketcher] Refactor based on loops and extraction into functions	App/SketchObject.cpp
43a257a1cb	2024-07-28	Ajinkya Dahale	refactor	0	0	have(sync)	274		[Sketcher] Refactor `SketchObject` some more	App/SketchObject.cpp
db5ffb4769	2024-08-02	Ajinkya Dahale	feature	0	0	have(sync)	853		[Sketcher] Refactor `SketchObject::addCopy()`	App/SketchObject.cpp
38a0443195	2024-08-12	Ajinkya Dahale	refactor	0	0	have(sync)	296		[Sketcher] Use range-`for` loop where straightforward	App/SketchObject.cpp
0ea4c7c280	2024-08-13	Ajinkya Dahale	?	0	0	have(sync)	18		[Sketcher] Move some checks to `Constraint`	App/SketchObject.cpp
bf51899580	2025-08-31	Ajinkya Dahale	feature	0	0	open	69	taken 9b75379eb1	Sketcher: [test] Add test for `addExternal` and `delExternal`	tests/App/SketchObjectChanges.cpp
78cdd8d59d	2024-08-13	Ajinkya Dahale	refactor	0	0	have(sync)	133		[Sketcher] Refactor `delExternalPrivate()`	App/SketchObject.cpp
0c2f4df8d5	2024-08-22	Ajinkya Dahale	feature	0	0	have(sync)	488		[Sketcher] Refactor `addSymmetric` and `getSymmetric`	App/SketchObject.cpp
169a10c7d2	2024-08-23	Ajinkya Dahale	refactor	0	0	have(sync)	91		[Sketcher] Refactor some if-else statements in SketchObject	App/SketchObject.cpp
585ce5ec03	2024-08-22	Ajinkya Dahale	refactor	0	0	have(sync)	280		[Sketcher] Refactor `SketchObject::migrateSketch()`	App/SketchObject.cpp
abc3c74abd	2024-08-28	Ajinkya Dahale	refactor	0	0	have(sync)	52		[Sketcher] Refactor `SketchObject::validateExpression()`	App/SketchObject.cpp
e34d6604d7	2024-08-22	Ajinkya Dahale	refactor	0	0	have(sync)	134		[Sketcher] Refactor `removeAxesAlignment()`	App/SketchObject.cpp
9993cc123c	2024-08-31	Ajinkya Dahale	refactor	0	0	have(sync)	528		[Sketcher] Refactor `SketchObject::onChanged()`	App/SketchObject.cpp App/SketchObject.h
c02969da9c	2024-09-01	Ajinkya Dahale	refactor	0	0	have(sync)	119		[Sketcher] Refactor `SketchObject::updateGeometryRefs()`	App/SketchObject.cpp
50a091c0ca	2025-04-07	Ajinkya Dahale	refactor	0	0	open	116	partial d8d462426e: rest outside the taken functions	[Sketcher] Use `auto` where possible	App/SketchObject.cpp
e9469d93cc	2025-04-07	Ajinkya Dahale	refactor	0	0	open	71	taken d8d462426e	[Sketcher] Use `replaceGeometries()` in `join()`	App/SketchObject.cpp
9000dc3c70	2025-08-25	Ajinkya Dahale	feature	0	0	open	6	taken 9b75379eb1	Sketcher: Add test stubs for `SketchObject::addCopy()`	tests/App/SketchObjectChanges.cpp
9791d3f6d5	2026-01-06	Ajinkya Dahale	?	0	0	open	24		Sketcher: Override clang-format for some readability	App/SketchObject.cpp
c19eb5c0e0	2026-01-06	pre-commit-ci[bot]	noise	0	0	open	333		[pre-commit.ci] auto fixes from pre-commit.com hooks	App/SketchObject.cpp tests/App/SketchObjectChanges.cpp
b1fdf659d8	2026-01-06	tetektoza	?	1	0	n/a(uncompiled)	12		Sketcher: Disable depth testing for constraint icons	Gui/EditModeConstraintCoinManager.cpp
d0c7ab7d62	2026-01-07	Leandro Heck	feature	0	0	open	26		Sketcher: Support Bezier and Offset curves as external geometry (#25144)	App/PreCompiled.h App/SketchObject.cpp
69058376e6	2026-01-07	tritao	?	0	0	open	105		Base: Remove Boost-based signals and switch to `FastSignals`.	App/PropertyConstraintList.h App/SketchObject.h Gui/DrawSketchDefaultWidgetController.h Gui/SketcherToolDefaultWidget.h Gui/TaskDlgEditSketch.h Gui/TaskSketcherConstraints.cpp Gui/TaskSketcherConstraints.h Gui/TaskSketcherElements.h Gui/TaskSketcherTool.h Gui/ViewProviderSketch.h
db8c90b788	2026-01-08	Saksham Malhotra	fix	0	0	open	20	declined: the notifier already names the sketch; a formatted string loses its translation	Fix sketch redundancy warning (#26064)	App/SketchObject.cpp
887c8d3bdf	2026-01-07	tetektoza	fix	0	0	open	2		Sketcher: Fix crash when applying constraints during selection batching	Gui/TaskSketcherConstraints.cpp Gui/TaskSketcherElements.cpp
e1a431d5ee	2026-01-13	Ajinkya Dahale	feature	0	0	open	88	taken 280d8c993f: inside the addSymmetric take	Sketcher: Use new constraint element access in `add/getSymmetric`	App/SketchObject.cpp
14280cdbf7	2026-01-13	Ajinkya Dahale	feature	0	0	open	4	have: Constraints.setValues after addSymmetric was already here; kept by the take	Sketcher: Add new constraints after running `addSymmetric`	App/SketchObject.cpp
fc82d71c15	2026-01-13	PaddleStroke	fix	0	0	open	15	taken 7b2b094b38	Sketcher: Fix symmetry of slot redundancy false positive (#26604)	App/SketchObject.cpp
c14d6f8848	2026-01-16	Syres916	feature	0	0	open	7		[Sketcher] set vertex size for new sketches to preference otherwise ... (#26908)	Gui/ViewProviderSketch.cpp
cf93c33359	2026-01-18	Yash Suthar	fix	0	0	open	72	n/a: no App::DatumElement / LCS datum elements in the fork	Sketcher: Fix external geometry creation from LCS (#26946)	App/SketchObject.cpp Gui/DrawSketchHandlerExternal.h
0a45527b8b	2026-01-18	Syres916	noise	0	0	open	3		[Sketcher] Fix serious integer typo	Gui/ViewProviderSketch.cpp
af053f19f5	2026-01-19	PaddleStroke	fix	0	0	open	8		Sketcher: Fix box selection regressions. And make addSelections Print to python (#26869)	Gui/ViewProviderSketch.cpp
9beca4363a	2026-01-20	Yash Suthar	?	0	0	open	2		"Sketcher: Switch to perpendicular based instead of ""de la Hire"" in setting minor axis of ellipse"	Gui/DrawSketchHandlerEllipse.h
93abfc4fa4	2026-01-21	PaddleStroke	?	0	0	open	76		Sketch: Forward non-default edit mode to base class.  (#27063)	Gui/CommandAlterGeometry.cpp Gui/CommandConstraints.cpp Gui/CommandSketcherVirtualSpace.cpp Gui/Utils.cpp Gui/ViewProviderSketch.cpp Gui/ViewProviderSketch.h
54d235f8a5	2026-01-09	PaddleStroke	?	0	0	open	86		Sketcher: Show constraint type in the list	Gui/TaskSketcherConstraints.cpp
6a0d59b0c1	2026-01-23	Amon Sha	fix	0	0	open	4		Merge pull request #27077 from amon-sha/fix_sketcher_autoscale_segfault	Gui/DrawSketchHandlerScale.h
c9041132f9	2026-01-23	PaddleStroke	feature	0	0	open	60		Sketcher: add switch between radius and diameter (#26794)	Gui/EditDatumDialog.cpp Gui/EditDatumDialog.h Gui/InsertDatum.ui
7bcaa766de	2026-01-26	PaddleStroke	fix	0	0	open	2		Sketcher: Fix arc angle dragging distance	Gui/ViewProviderSketch.cpp
d3d6459484	2026-01-24	Vassily Checkin	fix	0	0	open	10		Sketcher: fix intermittent crash on sketch exit	Gui/ViewProviderSketch.cpp Gui/ViewProviderSketch.h
a0847c22c7	2026-01-27	PaddleStroke	fix	0	0	open	9		Sketcher: fix logic flaw in ConstraintLineByAngle	Gui/Utils.cpp
00c3422c1f	2026-01-29	PaddleStroke	feature	0	0	open	63		Sketcher: Tooltip when hovering expression driven constraint (#25954)	Gui/ViewProviderSketch.cpp
8a6872e69d	2026-02-03	PaddleStroke	feature	0	0	open	31		Merge pull request #25848 from PaddleStroke/sk_scale_distances	App/SketchObject.cpp App/SketchObject.h Gui/CommandConstraints.cpp Gui/ViewProviderSketch.cpp Gui/ViewProviderSketch.h
41e3cdb9a5	2026-02-04	Tomas Pikalek	feature	0	0	n/a(uncompiled)	13		Sketcher: Reimplement strikethrough of inactive constraint labels	Gui/EditModeConstraintCoinManager.cpp
5f952812c3	2026-02-08	William Skellenger	fix	0	0	open	15		Fix tooltips on mirror checkboxes in sketcher (#27131)	Gui/DrawSketchHandlerSymmetry.h
c4317f88f8	2026-02-04	chris jones @ipatch	fix	0	0	open	6	adapted 3bfb748012	"sketcher: fixes #27281 fix access out of bounds crash with ""remove axes alignment"""	App/SketchObject.cpp
2cd45b07f7	2026-01-22	Yash Suthar	fix	0	0	open	13		Sketcher: Fix snap while drag and fix drag for arc	Gui/ViewProviderSketch.cpp
ecbe21ca03	2026-02-08	Chris Hennes	?	0	0	open	1		Sketcher: Annotate unused parameter	Gui/EditDatumDialog.cpp
ec18d4e250	2026-02-08	Chris Hennes	?	0	0	open	3		Tests/Sketcher: Eliminate unused variables	tests/App/SketchObjectChanges.cpp
076c5916b5	2026-02-08	Chris Hennes	?	0	0	n/a(uncompiled)	95		Sketcher: Remove unneeded parameters from seekConstraintPosition	Gui/EditModeConstraintCoinManager.cpp Gui/EditModeConstraintCoinManager.h
5d81f8ac16	2026-02-13	Loke Strm	fix	0	0	open	221		Sketcher: Fix: Arc of ellipse when first and second X coordinates are the same (#27327)	Gui/DrawSketchHandlerArcOfEllipse.h
885b8cf1de	2026-02-13	PaddleStroke	fix	0	0	open	18	have: fork has ObjEditing and the loop	Sketcher : SketchObject::getHigherElements fix (#27560)	App/SketchObject.cpp
9cbef0c5ce	2026-02-13	theo-vt	?	0	0	open	25		Sketcher.scale: scale constraint with the right index (#27188)	Gui/DrawSketchHandlerScale.h
928b55c6e6	2026-02-15	Louis Gombert	?	0	0	open	4		Replace all uses of FC_TIME_X/FC_DURATION_X	App/SketchObject.cpp
bb5afb911a	2026-02-16	PaddleStroke	fix	0	0	open	36	have: newToOldConstraintMap and the expression restore arrived with the trim/split take d8d462426e	Sketcher: Fix loss of expression on trim (#27505)	App/SketchObject.cpp
bc3c0dc19a	2026-02-17	marbocub	feature	0	0	open	193		Sketcher: Add symmetric constraint option (an element + a symmetry line) (#25525)	Gui/CommandConstraints.cpp
289411f51c	2026-02-15	Louis Gombert	?	0	0	open	3		Move costly boost includes out of core headers	Gui/ViewProviderSketch.cpp Gui/ViewProviderSketch.h
bd07c8a214	2026-02-17	PaddleStroke	fix	0	0	open	1		Sketcher: OVP Fix tab not working when mouse move (#27638)	Gui/DrawSketchKeyboardManager.cpp
be6af47f29	2026-02-18	PaddleStroke	feature	0	0	open	17		Sketcher: Offset: add checkbox tooltips (#26114)	Gui/DrawSketchHandlerOffset.h
ca9e1ecdf3	2026-02-22		noise	0	0	open	704	partial 88c9baa853: App/Analyse.h App/ExternalGeometryExtension.h App/ExternalGeometryFacade.h App/GeoList.h App/GeometryFacade.h App/Measure.h App/PreCompiled.h App/PropertyConstraintList.h App/PythonConverter.h App/SketchAnalysis.h App/SketchGeometryExtension.h App/SketchOb	All: Header Guards -> Pragma Once (#27154)	App/Analyse.h App/Constraint.h App/ExternalGeometryExtension.h App/ExternalGeometryFacade.h App/GeoEnum.h App/GeoList.h App/GeometryFacade.h App/Measure.h App/PreCompiled.h App/PropertyConstraintList.h App/PythonConverter.h App/Sketch.h App/SketchAnalysis.h App/SketchGeometryExtension.h App/SketchOb
92894ea3a8	2026-02-23	theo-vt	?	0	0	open	249	taken 88c9baa853	Sketcher: Evaluate driven constraints rather than solving them (#26632)	App/planegcs/Constraints.cpp App/planegcs/Constraints.h App/planegcs/GCS.cpp App/planegcs/GCS.h
0b44a3f6c8	2026-01-16	Louis Gombert	?	0	0	open	4	taken 88c9baa853	Sketcher: Optimize eliminateNonZerosOverPivotInUpperTriangularMatrix for sparse matrices	App/planegcs/GCS.cpp
e89d849bb7	2026-02-23		fix	0	0	open	3	n/a: fork's PreCompiled.h keeps the _PreComp_ switch	[ Sketcher ]: Fix Windows Include (#27829)	App/PreCompiled.h
34ae16cd01	2026-02-23	theo-vt	fix	0	0	open	29	taken 88c9baa853	Sketcher: fix evaluation of driven diameter constraint	App/Sketch.cpp App/planegcs/Constraints.cpp
8caa218950	2025-03-10	wmayer	fix	1	0	open	13		Sketcher: Handle exception in DrawSketchHandlerOffset::drawOffsetPreview	Gui/DrawSketchHandlerOffset.h
be1ec84709	2025-10-06	Florian Foinant-Willig	?	0	0	open	240	partial 88c9baa853: Gui/CommandConstraints.cpp	Sketcher: extend Perpendicular constraint to point point line	App/ConstraintPyImp.cpp App/Sketch.cpp App/Sketch.h App/planegcs/Constraints.cpp App/planegcs/Constraints.h App/planegcs/GCS.cpp App/planegcs/GCS.h Gui/CommandConstraints.cpp
949c5421cf	2026-03-06	PaddleStroke	refactor	0	0	open	176		Sketcher: refactor removeAxesAlignment (#27451)	App/SketchObject.cpp
83d14b785e	2026-03-06	PaddleStroke	fix	0	0	open	134	have: the fork refs path never had the refs.empty() bug, delExternal refuses the axes (-1/-2) at entry, restoreFinished re-inits them; onDelete already deletes externals in one call (probed: delete all, re-add)	Sketcher: Fix crash on external deletion (#27717)	App/SketchObject.cpp App/SketchObject.h App/SketchObject.pyi App/SketchObjectPyImp.cpp Gui/ViewProviderSketch.cpp
87651cdd4c	2026-02-28	Yurii Sokolovskyi	fix	0	0	open	1		Autoconstraints redundancy error message fix	Gui/DrawSketchDefaultHandler.h
d2b84db105	2025-03-28	Andrea	refactor	0	0	open	142	partial 88c9baa853: App/AppSketcherPy.cpp App/GeometryFacade.cpp Gui/AppSketcherGui.cpp Gui/Command.cpp Gui/DrawSketchHandler.cpp Gui/EditModeInformationOverlayCoinConverter.cpp Gui/TaskSketcherCreateCommands.cpp Gui/ViewProviderSketch.cpp InitGui.py Profiles.py SketcherTests/TestSketchFil	Sketcher: Cleanup commented-out code	App/AppSketcherPy.cpp App/GeometryFacade.cpp App/Sketch.cpp CMakeLists.txt Gui/AppSketcherGui.cpp Gui/Command.cpp Gui/DrawSketchHandler.cpp Gui/EditModeInformationOverlayCoinConverter.cpp Gui/TaskSketcherCreateCommands.cpp Gui/ViewProviderSketch.cpp InitGui.py Profiles.py SketcherTests/TestSketchFil
36dd4b983c	2026-03-07	PaddleStroke	feature	1	0	open	29		Sketcher: Dimension tool: Filter coincident points (#27630)	Gui/CommandConstraints.cpp
f36aeef878	2026-02-27	theo-vt	?	0	0	open	209	taken 88c9baa853	Sketcher.planegcs: don't check for constraint update in solve routine	App/planegcs/Constraints.cpp App/planegcs/Constraints.h
fdf0013dcb	2025-06-17	paddle	feature	0	0	open	4230	partial 88c9baa853: App/SketchObject.cpp App/SketchObject.h App/SketchObjectPyImp.cpp Gui/CommandAlterGeometry.cpp Gui/CommandConstraints.cpp Gui/CommandConstraints.h Gui/CommandCreateGeo.cpp	Sketcher: Text tool	App/Constraint.cpp App/Constraint.h App/ConstraintPyImp.cpp App/Sketch.cpp App/Sketch.h App/SketchObject.cpp App/SketchObject.h App/SketchObject.pyi App/SketchObjectPyImp.cpp Gui/CMakeLists.txt Gui/CommandAlterGeometry.cpp Gui/CommandConstraints.cpp Gui/CommandConstraints.h Gui/CommandCreateGeo.cpp 
fed11359d9	2026-01-09	PaddleStroke	feature	0	0	open	14		Update SketcherToolDefaultWidget.h	Gui/SketcherToolDefaultWidget.h
320bd61156	2026-02-09	paddle	feature	0	0	open	1978	partial 88c9baa853: App/SketchObject.cpp App/SketchObject.h App/SketchObjectPyImp.cpp Gui/CommandConstraints.cpp Gui/CommandConstraints.h Gui/ConstraintFilters.h Gui/DrawSketchHandlerText.h Gui/EditModeConstraintC	Sketcher: Text tool - review changes	App/CMakeLists.txt App/Constraint.cpp App/Constraint.h App/ConstraintPyImp.cpp App/Sketch.cpp App/Sketch.h App/SketchObject.cpp App/SketchObject.h App/SketchObjectPyImp.cpp Gui/CommandConstraints.cpp Gui/CommandConstraints.h Gui/ConstraintFilters.h Gui/DrawSketchHandlerText.h Gui/EditModeConstraintC
d842e4151c	2026-02-13	paddle	fix	0	0	open	175	partial 88c9baa853: App/SketchObject.cpp App/SketchObject.h App/SketchObjectPyImp.cpp Gui/ConstraintFilters.h Gui/DrawSketchHandlerText.h Gui/EditTextDialog.cpp Gui/TaskSketcherConstraints.cpp Gui/TaskSketcherConstraints.h Gui/Utils.cpp Gui/ViewProviderSketch.cp	Sketcher: Text: Fixes	App/Sketch.cpp App/SketchObject.cpp App/SketchObject.h App/SketchObject.pyi App/SketchObjectPyImp.cpp Gui/ConstraintFilters.h Gui/DrawSketchHandlerText.h Gui/EditTextDialog.cpp Gui/EditTextDialog.ui Gui/TaskSketcherConstraints.cpp Gui/TaskSketcherConstraints.h Gui/Utils.cpp Gui/ViewProviderSketch.cp
e7e5e39e7b	2026-03-02	PaddleStroke	?	0	0	open	2		Sketcher: Change default text to Text	Gui/DrawSketchHandlerText.h
ca4660167e	2026-03-08	Benjamin Nauck	feature	0	0	open	3		Sketcher: Add .ttc (TrueType Collection) to font file discovery	Gui/Utils.cpp
cd5876dc54	2026-03-09	Benjamin Nauck	?	0	0	open	7		Sketcher: Escape text and font path in EditTextDialog	Gui/EditTextDialog.cpp
0ea238f90c	2026-03-09	Benjamin Nauck	fix	0	0	open	1		Sketcher: Fix dangling command context on double-click text edit	Gui/ViewProviderSketch.cpp
a06be5de68	2026-03-09	Benjamin Nauck	fix	0	0	n/a(uncompiled)	1		Sketcher: Fix void bounding box fall-through in constraint visualization	Gui/EditModeConstraintCoinManager.cpp
451072f0d7	2026-03-11	PaddleStroke	fix	1	0	open	38		Sketcher : arc with symmetric + 2 coincidence fix (#28120)	Gui/DrawSketchHandlerArc.h
76a84f63ab	2026-03-10	PaddleStroke	feature	1	0	open	20		Sketcher: Dimension tool: don't update distance type based on position for horizontal/vert	Gui/CommandConstraints.cpp
51b37da53e	2025-02-14	wmayer	fix	0	0	open	33	partial 88c9baa853: App/SketchObject.cpp	Sketch: Fix crash when moving sketch with hidden constraints	App/Sketch.cpp App/Sketch.h App/SketchObject.cpp
baa47bd606	2025-03-19	wmayer	refactor	0	0	open	500		Sketch: Refactor SketchObject::getPoint	App/AppSketcher.cpp App/CMakeLists.txt App/SketchGeometry.cpp App/SketchGeometry.h App/SketchObject.cpp App/SketchObject.h
7d39a9d59a	2026-03-12	pjcreath	refactor	0	0	open	7654		Sketch: [1/5] Move code from SketchObject.cpp to SketchObjectOperations.cpp.	App/SketchObject.cpp App/SketchObjectOperations.cpp
e1815f10ff	2026-03-12	pjcreath	refactor	0	0	open	6176		Sketch: [2/5] Move code from SketchObject.cpp to SketchObjectConstraints.cpp.	App/SketchObject.cpp App/SketchObjectConstraints.cpp
eda87a7efe	2026-03-12	pjcreath	refactor	0	0	open	3708		Sketch: [3/5] Move code from SketchObject.cpp to SketchObjectGeometry.cpp.	App/SketchObject.cpp App/SketchObjectGeometry.cpp
8efe9964e7	2026-03-12	pjcreath	refactor	0	0	open	6150		Sketch: [4/5] Move code from SketchObject.cpp to SketchObjectExternal.cpp.	App/SketchObject.cpp App/SketchObjectExternal.cpp
79aca8950f	2026-03-12	pjcreath	fix	0	0	open	377		Sketch: [5/5] Fix up files after splitting SketchObject.cpp	App/CMakeLists.txt App/SketchObject.cpp App/SketchObjectConstraints.cpp App/SketchObjectExternal.cpp App/SketchObjectGeometry.cpp App/SketchObjectOperations.cpp
0819d776d7	2026-03-12	pre-commit-ci[bot]	noise	0	0	open	12	taken 88c9baa853	[pre-commit.ci] auto fixes from pre-commit.com hooks	App/Sketch.cpp App/Sketch.h
f4665aa7b5	2026-02-01	theo-vt	feature	0	0	open	1222		Core: support multiple active transactions	Gui/Command.cpp Gui/CommandConstraints.cpp Gui/CommandConstraints.h Gui/CommandSketcherBSpline.cpp Gui/CommandSketcherTools.cpp Gui/CommandSketcherVirtualSpace.cpp Gui/DrawSketchController.h Gui/DrawSketchDefaultHandler.h Gui/DrawSketchDefaultWidgetController.h Gui/DrawSketchHandler.cpp Gui/DrawSket
7db3f901fd	2026-02-12	theo-vt	fix	0	0	open	2		Fix diapearing sketcher tools	Gui/ViewProviderSketch.cpp
3c8a254356	2025-12-10	theo-vt	?	0	0	open	514	taken 0f5a36bfc8	Sketcher: Make point-line distance signed	App/Constraint.cpp App/Constraint.h App/Sketch.cpp App/Sketch.h App/SketchObject.cpp App/SketchObject.h App/SketchObjectConstraints.cpp App/planegcs/Constraints.cpp App/planegcs/Constraints.h App/planegcs/GCS.cpp App/planegcs/GCS.h SketcherTests/TestSketcherSolver.py
7771ecf6f3	2026-02-25	theo-vt	noise	0	0	open	4		Spelling	App/SketchObjectConstraints.cpp
a8724645b6	2026-03-16	pre-commit-ci[bot]	noise	0	0	open	2		[pre-commit.ci] auto fixes from pre-commit.com hooks	App/SketchObjectConstraints.cpp
9abe7b4af1	2026-03-16	Loke Strm	fix	0	0	open	338		Sketcher: Fix: Arc of Hyperbola (#27656)	Gui/DrawSketchHandlerArcOfHyperbola.h
dcb380e1ca	2026-03-16	PaddleStroke	fix	0	0	open	2		Sketcher: Text position OVP fix	Gui/DrawSketchHandlerText.h
0cb8f7e240	2026-03-16	Chris Hennes	feature	0	0	open	30	n/a: upstream _ExternalGeoVersion compat path, removed again by 652b25811d; the fork gates with _Version	Sketcher: Add backwards-compat path for external geo	App/SketchObject.cpp App/SketchObject.h App/SketchObjectExternal.cpp
f733ad7be4	2026-03-20	PaddleStroke	fix	0	0	open	22		Sketcher: Text fix OVP disappearing on second attempt (#28311)	Gui/DrawSketchHandlerText.h
0b1187b2cd	2026-03-20	PaddleStroke	?	0	0	open	111		Sketcher: Double click also select external (#28105)	Gui/ViewProviderSketch.cpp Gui/ViewProviderSketch.h
2d5d8ab86c	2026-03-20	PaddleStroke	refactor	0	0	open	9		Sketcher: Double click geometric constraint trigger rename. (#27678)	Gui/TaskSketcherConstraints.cpp
7432ce131f	2026-03-04	Bojan	?	0	0	open	4		Sketcher: skip non-toggleable geometry in ToggleConstruction	Gui/CommandAlterGeometry.cpp
da3aa42244	2026-03-21	PaddleStroke	?	0	0	open	40	partial 88c9baa853: Gui/DrawSketchHandlerText.h Gui/EditTextDialog.cpp Gui/EditTextDialog.h	Sketcher: Text: store only font name. (#28418)	App/Constraint.cpp Gui/DrawSketchHandlerText.h Gui/EditTextDialog.cpp Gui/EditTextDialog.h
9189abe69b	2026-03-23	wiljam144	feature	0	0	open	11		"Sketcher: Change default value for ""Scale upon first constraint"" from ""Always"" to ""When no scale feature is visible"" (#27955)"	Gui/EditDatumDialog.cpp Gui/SketcherSettings.cpp Gui/SketcherSettings.ui
8ff4736a05	2026-03-19	andershol	fix	0	0	open	91	deferred: gtest half of the angle cluster (62c222c211, 8b06bca68a), phase 3	Refactor test to avoid reverseAngleConstraintExpression and setConstraintExpression	tests/App/SketchObject.cpp
857a428590	2026-03-19	andershol	refactor	0	0	open	25		Simplify constraint expression methods	App/SketchObjectConstraints.cpp
8b06bca68a	2026-03-19	andershol	?	0	0	open	117		Sketcher: Create supplementary angle expression using AST, instead of string	App/SketchObject.h App/SketchObjectConstraints.cpp tests/App/SketchObject.cpp
de3de7624a	2026-03-25	xxorza	feature	0	0	open	7		Sketcher: enable two-sided lighting for internal faces	Gui/ViewProviderSketch.cpp
bf009d41e4	2026-03-25	xxorza	fix	0	0	open	3		Sketcher: fix multi-selection highlighting for internal faces	Gui/ViewProviderSketch.cpp
3d0aaeb616	2026-03-26	Syres916	fix	0	0	open	1		[Sketcher] Fix missing checkbox preference on loadsettings	Gui/SketcherSettings.cpp
24ab301685	2026-03-28	ilya	fix	0	0	open	515	declined WireJoiner kept, fixed in aa31511fbd	Sketcher: fix internal face generation for complex overlapping geometry (#28648)	App/SketchObject.cpp CMakeLists.txt SketcherTests/TestSketchInternalFaces.py TestSketcherApp.py
926e93c314	2026-03-28	PaddleStroke	?	0	0	open	668		Sketcher: Copy paste of groups (#28728)	App/PythonConverter.cpp App/SketchObject.cpp App/SketchObject.h Gui/CommandSketcherTools.cpp
03bc80c060	2026-03-28	Max Wilfinger	feature	0	0	open	46		Sketcher: Add grid transparency preference	Gui/SketcherSettings.cpp Gui/SketcherSettingsGrid.ui Gui/ViewProviderSketch.cpp
be1d53cf5f	2026-03-28	Max Wilfinger	feature	0	0	open	5		Sketcher: Change Make Internals default for new sketches	App/SketchObject.cpp Gui/SketcherSettings.ui
a357868691	2026-03-28	Max Wilfinger	feature	0	0	open	14		Sketcher: Change Grid defaults for new sketches	Gui/SketcherSettings.cpp Gui/SketcherSettingsGrid.ui Gui/ViewProviderSketch.cpp
28f5e823d3	2026-03-30	PaddleStroke	feature	0	0	open	322	taken 280d8c993f: addSymmetric replaced by upstream tip; 6 gtests enabled	Sketcher: Symmetric: Improve 'add symmetric constraints' option (#28118)	App/SketchObjectOperations.cpp tests/App/CMakeLists.txt tests/App/SketchObjectSymmetric.cpp
5d50832734	2026-03-13	Parag Debnath	?	0	0	open	4		Sketcher:Create symmtery constrint is checked by default	Gui/DrawSketchHandlerSymmetry.h
e4b2aa2d9c	2026-03-30	pre-commit-ci[bot]	noise	0	0	open	425	partial 88c9baa853: App/GeoList.cpp App/PythonConverter.cpp App/SketchObjectConstraints.cpp App/SketchObjectOperations.cpp App/SketchObjectPyImp.cpp Gui/DrawSketchDefaultHandler.h Gui/DrawSketchHandlerArcOfEllipse.h Gui/DrawSketchHandlerArcOfHyperbola.h Gui/Draw	[pre-commit.ci] auto fixes from pre-commit.com hooks	App/ConstraintPyImp.cpp App/GeoList.cpp App/PythonConverter.cpp App/Sketch.cpp App/SketchObjectConstraints.cpp App/SketchObjectOperations.cpp App/SketchObjectPyImp.cpp App/planegcs/Geo.h Gui/DrawSketchDefaultHandler.h Gui/DrawSketchHandlerArcOfEllipse.h Gui/DrawSketchHandlerArcOfHyperbola.h Gui/Draw
c13ea2fa6d	2026-03-30	Roy-043	noise	0	0	open	2		Sketcher: fix Group Constraint menu text typo	Gui/CommandConstraints.cpp
f432d1c6a7	2026-04-02	theo-vt	refactor	0	0	open	67	partial 88c9baa853: App/SketchObjectConstraints.cpp SketcherTests/TestSketcherSolver.py	Sketcher: Compute and use orientation for line-circle tangent	App/Sketch.cpp App/Sketch.h App/SketchObjectConstraints.cpp App/planegcs/Constraints.cpp App/planegcs/GCS.cpp App/planegcs/GCS.h SketcherTests/TestSketcherSolver.py
5a6be36bc3	2026-04-02	theo-vt	fix	0	0	open	116	partial 88c9baa853: App/SketchObject.h App/SketchObjectConstraints.cpp SketcherTests/TestSketcherSolver.py	Sketcher: Handle arcs for constraints orientation	App/SketchObject.h App/SketchObjectConstraints.cpp App/planegcs/Constraints.cpp SketcherTests/TestSketcherSolver.py
6321ac28a3	2026-04-03	PaddleStroke	refactor	0	0	open	46		Sketcher : moveConstraint don't use solved sketch to get geometries and points (#28294)	Gui/ViewProviderSketch.cpp
aab4bf329a	2026-03-28	Gregg Jaskiewicz	fix	1	0	open	2		Sketcher: Fix TextNodePosition enum to match addChild() order	Gui/EditModeInformationOverlayCoinConverter.h
00f547d67c	2026-03-28	Gregg Jaskiewicz	fix	0	0	open	4		Gui: Fix use-after-free in QTimer lambdas capturing this	Gui/TaskSketcherConstraints.cpp Gui/TaskSketcherElements.cpp
2deee96cab	2026-04-04	Bojan	fix	0	0	open	2		Sketcher: fix inverted null check in purgeHandler leaving selection enabled	Gui/ViewProviderSketch.cpp
0939408c21	2026-04-13	ilya	fix	0	0	open	268	adapted aa31511fbd	Sketcher: fix internal faces for self-intersecting BSplines and dangling edges (#28964)	SketcherTests/TestSketchInternalFaces.py
d0b98703c0	2026-02-13	wwmayer	fix	0	0	open	7	adapted ae323bf5a9: y averaged before the back-rotation; upstream's flattens tilted lines	Sketcher: Fix workaround of PR 19700	App/SketchObjectExternal.cpp
652b25811d	2026-04-12	Chris Hennes	?	0	0	open	30	n/a: removes upstream _ExternalGeoVersion, which the fork never had (its gate is _Version, e3a8d113d7)	Sketcher: remove obsolete backwards compat hack	App/SketchObject.cpp App/SketchObject.h App/SketchObjectExternal.cpp
29771d4a0a	2026-04-14	Joao Matos	fix	0	0	open	221		Sketcher: add rectangle OVP Enter regression test	CMakeLists.txt InitGui.py SketcherTests/TestOnViewParameterGui.py TestSketcherApp.py TestSketcherGui.py
e228ab8616	2026-04-14	Joao Matos	feature	0	0	open	15		Gui: split OVP accept from live value changes	Gui/DrawSketchController.h
36786d4794	2026-04-14	theo-vt	?	0	0	open	21		Sketcher: Reduce superfluous solves (#28652)	Gui/CommandConstraints.cpp Gui/ViewProviderSketch.cpp
9493b86f53	2026-03-17	Chris Hennes	fix	0	0	open	4	taken 88c9baa853	Sketcher: Fix signess in comparsion	App/Constraint.cpp
64bc717c82	2026-03-17	Chris Hennes	refactor	0	0	open	4	partial 88c9baa853: App/SketchObjectPyImp.cpp	Sketcher: Remove unused arguments	App/SketchObjectPyImp.cpp App/planegcs/GCS.cpp
0e40c68822	2026-03-17	Chris Hennes	refactor	0	0	n/a(uncompiled)	5		Sketcher: Remove unused variable	Gui/EditModeInformationOverlayCoinConverter.cpp
918547f876	2026-04-05	Bojan	?	0	0	open	11		Sketcher: skip autoscale when dimension value yields invalid scale factor	Gui/EditDatumDialog.cpp
189d86ee53	2026-04-21	PaddleStroke	feature	0	0	open	765		Sketcher: Add cancel tool (#29337)	Gui/Command.cpp Gui/Resources/Sketcher.qrc Gui/Resources/icons/general/Sketcher_CancelSketch.svg Gui/Resources/icons/general/Sketcher_LeaveSketch.svg Gui/TaskDlgEditSketch.cpp Gui/TaskDlgEditSketch.h Gui/ViewProviderSketch.cpp Gui/ViewProviderSketch.h Gui/Workbench.cpp
9d5e68b184	2026-04-21	Roy-043	?	0	0	open	2		Sketcher: change 'Change Value' to 'Edit Value' in task panel	Gui/TaskSketcherConstraints.cpp
67b3f4e143	2026-04-22	PaddleStroke	feature	0	0	open	10		Merge pull request #29568 from PaddleStroke/patch-263157	Gui/Command.cpp Gui/Workbench.cpp
3d87975faf	2026-04-23	Turan Furkan Topak	?	0	0	open	125		Sketcher: Better Distance/X/Y Placement (#29538)	Gui/CommandConstraints.cpp Gui/ViewProviderSketch.h
a5bf17b144	2026-04-24	Olaf ogin	?	0	0	open	15		Core: Box selection filter and cursor improvement (#28982)	Gui/ViewProviderSketch.cpp
00228821d0	2026-04-12	Celeste Wouters	fix	0	0	open	58		Sketcher: make line type settings visible on dark theme, fix #29305	Gui/SketcherSettings.cpp
b4de78d3d7	2026-04-16	Celeste Wouters	?	0	0	open	12		Sketcher: make line type settings DPI-aware	Gui/SketcherSettings.cpp
ab9188a5dc	2026-04-16	Celeste Wouters	refactor	0	0	open	205		Sketcher: properly use theme colors in line type settings	Gui/SketcherSettings.cpp Gui/SketcherSettings.h
94c486184c	2026-04-26	Ladislav Michl	fix	0	0	open	2		Sketcher: fix initialization order	Gui/ViewProviderSketch.cpp
d9910ce9bc	2026-04-27	PaddleStroke	fix	0	0	open	318	adapted 9ffed788d9	Sketcher: Fix PythonConverter cropping precision (#29211)	App/PythonConverter.cpp
b2c51665a2	2026-04-29	Rehan Ahmed	refactor	0	0	open	2		Convert Qt Dialog titles to title case	Gui/Command.cpp
ebd770e025	2026-05-01	Alfredo Monclus	fix	0	0	open	110		Merge pull request #29477 from alfrix/fix_ovp_4	Gui/DrawSketchKeyboardManager.cpp Gui/DrawSketchKeyboardManager.h
a2468774d3	2026-05-03	ilya	?	0	0	open	2		Gui: prioritize annotation picks over shape picks at same location (#29253)	Gui/ViewProviderSketch.cpp
d34081b9fe	2026-04-19	Mitsunori YOSHIDA	fix	0	0	open	320		Sketcher: Fix and extend the Merge Sketches command	Gui/Command.cpp
08cacbbc27	2026-05-05	luzpaz	noise	0	0	n/a(uncompiled)	2		Fix a variety of typos throughout the codebase (#29759)	Gui/EditModeConstraintCoinManager.cpp
a8296de674	2026-04-11	Lokestrom	feature	0	0	open	1024		Added OVP for arc of hyperbola	Gui/DrawSketchDefaultHandler.h Gui/DrawSketchHandlerArcOfHyperbola.h
9c62c19255	2026-04-12	Lokestrom	fix	0	0	open	1072		Added OVP for arc of ellipse, and small fix for hyperbola	Gui/DrawSketchDefaultHandler.h Gui/DrawSketchHandlerArcOfEllipse.h Gui/DrawSketchHandlerArcOfHyperbola.h
5dc9e0e0d5	2026-04-12	Lokestrom	fix	0	0	open	922		Added OVP for arc of parabola. And fixed minor issues in the others.	Gui/DrawSketchDefaultHandler.h Gui/DrawSketchHandlerArcOfEllipse.h Gui/DrawSketchHandlerArcOfHyperbola.h Gui/DrawSketchHandlerArcOfParabola.h
535074842b	2026-04-12	pre-commit-ci[bot]	noise	0	0	open	9		[pre-commit.ci] auto fixes from pre-commit.com hooks	Gui/DrawSketchDefaultHandler.h Gui/DrawSketchHandlerArcOfEllipse.h Gui/DrawSketchHandlerArcOfHyperbola.h
870877ab2c	2026-04-13	Lokestrom	fix	0	0	open	13		Fixed toolWidgetManager values.	Gui/DrawSketchHandlerArcOfEllipse.h Gui/DrawSketchHandlerArcOfHyperbola.h
fa3d63d7d4	2026-04-14	Lokestrom	fix	0	0	open	8		Fixed unused variables.	Gui/DrawSketchHandlerArcOfEllipse.h Gui/DrawSketchHandlerArcOfHyperbola.h Gui/DrawSketchHandlerArcOfParabola.h
6fa9125919	2026-05-08	PaddleStroke	feature	0	0	open	38		PartDesign: pattern tool: Add OVP to control the overrides. (#23997)	Gui/DrawSketchController.h
30912c1d4e	2026-05-05	Louis Gombert	?	0	0	open	4		Remove gtest as submodule, always find it externally	tests/CMakeLists.txt
160db2afd6	2026-05-07	Pieter Hijma	?	1	0	open	1		Sketcher: Make common between OCCT 7 and OCCT 8	Gui/DrawSketchHandlerOffset.h
99c2f19dfc	2026-05-14	David Osterberg	fix	0	0	open	2		Sketcher: Fix Trim Edge shortcut hijacked by new Text tool (#29721)	Gui/CommandCreateGeo.cpp
a9942be046	2026-05-03	andershol	fix	0	0	open	5	declined: removes the fork's own isSame optimisation (db62f72188); no failing case given	Sketcher: Remove incorrect optimization due to isSame not checking solver result	App/SketchObjectConstraints.cpp
a00fe1e886	2026-05-14	Celeste Wouters	fix	0	0	open	4		Sketcher: fix line style dropdowns being empty	Gui/SketcherSettings.cpp
4dbd16a31c	2026-05-16	Louis Gombert	fix	0	0	open	2		Fix -Winconsistent-missing-override by adding missing 'override'	Gui/TaskDlgEditSketch.h
97e7b9d1f2	2026-05-15	Bojan	fix	0	0	open	56		Sketcher: fix AutoColor not updating colors immediately when enabled	Gui/ViewProviderSketch.cpp Gui/ViewProviderSketch.h SketcherTests/TestOnViewParameterGui.py
9663cf8dd4	2026-05-18	Turan Furkan Topak	?	0	0	open	152		Sketcher: Better Angle Placement (#29630)	Gui/CommandConstraints.cpp
b9a89bada1	2026-05-18	Tomas Pavlicek	?	0	0	open	531		Sketcher: Make label font face configurable (#26600)	Gui/EditModeCoinManager.cpp Gui/EditModeCoinManagerParameters.cpp Gui/EditModeCoinManagerParameters.h Gui/EditModeConstraintCoinManager.cpp Gui/SketcherSettings.cpp Gui/SketcherSettings.h Gui/SketcherSettingsDisplay.ui
d77c9647c3	2026-05-18	PaddleStroke	?	0	0	open	1698		Sketcher: Polyline rework. (#29336)	Gui/CommandCreateGeo.cpp Gui/DrawSketchControllableHandler.h Gui/DrawSketchController.h Gui/DrawSketchDefaultHandler.h Gui/DrawSketchDefaultWidgetController.h Gui/DrawSketchHandler.cpp Gui/DrawSketchHandler.h Gui/DrawSketchHandlerBSpline.h Gui/DrawSketchHandlerLineSet.h
21b56fe3fa	2026-05-20	Louis Gombert	fix	0	0	open	8		Enable FREECAD_WARN_ERROR in release and not debug (#30299)	Gui/DrawSketchDefaultWidgetController.h Gui/DrawSketchHandlerLineSet.h Gui/SketcherSettings.cpp
129c7d4d03	2026-04-27	Turan Furkan Topak	?	0	0	open	81		The arc angle is selected and applied simply by clicking, not by selecting and clicking	Gui/CommandConstraints.cpp
c6fe0aba45	2026-05-21	Max Wilfinger	feature	0	0	open	35		Sketcher: Add hints to new polyline tool	Gui/DrawSketchControllableHandler.h Gui/DrawSketchHandlerLineSet.h
256459a5c1	2026-05-21	Max Wilfinger	refactor	0	0	open	7		Sketcher: UI Cleanup	Gui/DrawSketchHandlerLineSet.h
69930bc58d	2026-05-21	Max Wilfinger	?	0	0	open	4		Sketcher: Group Polyline and Line by default	Gui/SketcherSettings.ui Gui/Workbench.cpp
5b0ac59255	2026-05-21	PaddleStroke	fix	0	0	open	2		Sketcher: Fix DSH shortcuts not working anymore	Gui/DrawSketchKeyboardManager.cpp
c71c15c009	2026-05-25	Max Wilfinger	feature	0	0	open	3		Sketcher: Use old Polyline shortcut for new tool	Gui/CommandCreateGeo.cpp
2ba97bf783	2026-05-26	ilya	?	0	0	open	68		Sketcher: Show adjacent faces in clarify selection menu	Gui/ViewProviderSketch.cpp Gui/ViewProviderSketch.h
2f3161f312	2026-05-25	Joao Matos	?	0	0	open	668		Sketcher: improve overlapping constraint preselection	Gui/EditModeCoinManager.cpp Gui/EditModeCoinManager.h Gui/EditModeConstraintCoinManager.cpp Gui/EditModeConstraintCoinManager.h Gui/ViewProviderSketch.cpp Gui/ViewProviderSketch.h Gui/ViewProviderSketchCoinAttorney.h
6e1826295b	2026-05-25	Joao Matos	fix	0	0	open	299		Sketcher: add GUI preselection regression test	CMakeLists.txt Gui/AppSketcherGui.cpp SketcherTests/TestConstraintPreselectionGui.py TestSketcherGui.py
0e1a9786e8	2026-01-05	wwmayer	feature	0	0	open	62		Sketch: Add commands to delete constraints	Gui/TaskSketcherConstraints.cpp Gui/TaskSketcherConstraints.h
d5eda6def3	2026-05-11	Max Wilfinger	?	0	0	open	24		Apply suggestions from code review	Gui/TaskSketcherConstraints.cpp
b8b90871a9	2026-05-27	Max Wilfinger	?	0	0	open	15		Update src/Mod/Sketcher/Gui/TaskSketcherConstraints.cpp	Gui/TaskSketcherConstraints.cpp
6771eba7f4	2026-05-27	Joao Matos	?	0	0	n/a(uncompiled)	117		Sketcher: prioritize point hits over overlapping edges	Gui/EditModeCoinManager.cpp Gui/EditModeCoinManager.h
9efe08b33b	2026-05-27	Joao Matos	?	0	0	open	70		Sketcher: keep clicks aligned with hovered preselection	Gui/ViewProviderSketch.cpp Gui/ViewProviderSketch.h
a27c3f0ae9	2026-05-27	Joao Matos	?	0	0	n/a(uncompiled)	259		Sketcher: prefer constraint icons over overlapping geometry	Gui/EditModeCoinManager.cpp Gui/EditModeConstraintCoinManager.cpp Gui/EditModeConstraintCoinManager.h
dee977f98f	2026-05-27	Max Wilfinger	refactor	0	0	open	32		Clean up missed strings acc. to FEP007	Gui/Command.cpp Gui/CommandSketcherOverlay.cpp Gui/EditDatumDialog.cpp Gui/EditTextDialog.ui Gui/TaskSketcherMessages.cpp
b8b8a3e2a0	2026-05-27	Joao Matos	refactor	0	0	open	386		Sketcher: use screen-space geometry preselection	Gui/EditModeCoinManager.cpp Gui/EditModeCoinManager.h Gui/EditModeConstraintCoinManager.cpp Gui/ViewProviderSketch.cpp
57650b8067	2026-05-27	Joao Matos	?	0	0	n/a(uncompiled)	620		Sketcher: factor screen-space geometry preselection	Gui/EditModeCoinManager.cpp Gui/EditModeCoinManager.h
96ab8a5be3	2026-05-28	Joao Matos	refactor	0	0	open	176		Sketcher: use viewport pixels for screen-space picking	Gui/EditModeCoinManager.cpp Gui/EditModeCoinManager.h Gui/EditModeCoinManagerParameters.h Gui/EditModeConstraintCoinManager.cpp Gui/ViewProviderSketch.cpp
9d65679719	2026-05-28	Joao Matos	fix	0	0	open	27		Sketcher: restore OVP Esc cancel behavior	Gui/DrawSketchController.h Gui/DrawSketchDefaultHandler.h Gui/DrawSketchHandler.cpp Gui/DrawSketchHandler.h
e6d3f9d6db	2026-05-28	Joao Matos	?	0	0	open	37		Sketcher: adopt resetEdit task-dialog lifecycle	Gui/TaskDlgEditSketch.cpp Gui/TaskDlgEditSketch.h Gui/ViewProviderSketch.cpp
cbe8b6a58f	2026-05-28	Joao Matos	feature	0	0	open	489		Sketcher: expand GUI coverage for OVP cancel and task-dialog lifecycle	CMakeLists.txt SketcherTests/GuiTestCase.py SketcherTests/TestOnViewParameterGui.py SketcherTests/TestPlacementUpdate.py
8d3c8076b2	2026-05-30	Joao Matos	?	0	0	open	1		Sketcher: make task-panel Esc cancel sketch edit	Gui/TaskDlgEditSketch.cpp
f4134951e5	2026-02-01	wwmayer	refactor	0	0	open	135		Sketcher: Cleanup code	Gui/CommandSketcherTools.cpp Gui/PreCompiled.h
24fe47830e	2026-04-13	Lokestrom	fix	1	0	open	88		Fixed hyperbola and parabola end and start point icon.	Gui/Resources/icons/elements/Sketcher_Element_Hyperbolic_Arc_End_Point.svg Gui/Resources/icons/elements/Sketcher_Element_Hyperbolic_Arc_Start_Point.svg Gui/Resources/icons/elements/Sketcher_Element_Parabolic_Arc_End_Point.svg Gui/Resources/icons/elements/Sketcher_Element_Parabolic_Arc_Start_Point.sv
ab4ff5f184	2026-05-03	chris jones @ipatch	fix	0	0	n/a(uncompiled)	281		sketcher: fixes #28639 allow highlight of faces with preselection when using external projection tool, unit tests	CMakeLists.txt Gui/EditModeConstraintCoinManager.cpp SketcherTests/TestExternalFacePreselection.py TestSketcherGui.py
07de249ec7	2026-06-02	PaddleStroke	fix	0	0	open	4		Sketcher: Fix perpendicular autoconstraint	Gui/DrawSketchHandler.cpp
ac701c226a	2026-05-03	chris jones @ipatch	?	0	0	n/a(uncompiled)	398		sketcher: run code actions on EditModeConstraintCoinManager.{h,cpp}	Gui/EditModeConstraintCoinManager.cpp Gui/EditModeConstraintCoinManager.h TestSketcherGui.py
c7e33dfc6a	2026-06-03	Joao Matos	?	0	0	open	75		Test: harden Sketcher GUI probes for HiDPI	SketcherTests/GuiTestCase.py SketcherTests/TestExternalFacePreselection.py SketcherTests/TestOnViewParameterGui.py
afebd17d80	2026-06-03	Elaine Gibson	feature	0	0	open	4	taken 88c9baa853	CMake: support external libkdtree++ and nlohmann_json	App/CMakeLists.txt App/Constraint.cpp
e992fef709	2026-06-05	Chris Hennes	noise	0	0	open	2		String fixes from issues on CrowdIn (#30604)	Gui/SketcherSettingsDisplay.ui
5268aa43db	2026-02-01	wwmayer	fix	0	0	open	27		Sketcher: Fix memory leaks	Gui/CommandSketcherTools.cpp
f7252a11ca	2026-02-01	wwmayer	fix	0	0	n/a(uncompiled)	8		Sketcher: Fix memory leaks	Gui/EditModeGeometryCoinManager.cpp
e2ba9763d6	2026-02-01	wwmayer	fix	0	0	n/a(uncompiled)	4		Sketcher: Fix memory leaks	Gui/EditModeCoinManagerParameters.cpp
fe8d2845ea	2026-05-12	Max Wilfinger	feature	0	0	open	34		Address review comments	Gui/CommandSketcherTools.cpp Gui/EditModeCoinManagerParameters.cpp
b5b34f1a03	2026-06-04	luzpaz	noise	0	0	open	4		Fix various typos Found via codespell	Gui/DrawSketchHandlerLineSet.h
cda0d1201c	2026-06-06	Max Wilfinger	feature	0	0	open	257		Sketcher: Add hints to dimension tool	Gui/CommandConstraints.cpp
6bbb82fdbc	2026-06-08	PaddleStroke	fix	0	0	open	79		Sketcher: Polyline: Fix R to undo when AutoRecompute is ON (#30667)	Gui/DrawSketchHandlerLineSet.h
387d25c219	2026-06-08	Turan Furkan Topak	?	0	0	open	382		Sketcher: Point-on-Line Constrain is now also possible along the line for AutoConstrain (#30332)	Gui/DrawSketchHandler.cpp Gui/DrawSketchHandler.h Gui/DrawSketchHandlerLine.h Gui/DrawSketchHandlerPoint.h Gui/EditModeCoinManager.cpp Gui/EditModeCoinManager.h Gui/EditModeCoinManagerParameters.h Gui/ViewProviderSketch.cpp Gui/ViewProviderSketch.h
9d8bbc680a	2026-06-08	PaddleStroke	fix	0	0	open	7		Sketcher: Fix fillet not working if AutoRecompute is ON (#30666)	Gui/DrawSketchHandlerLineSet.h
400f6b3ac5	2026-06-09	PaddleStroke	fix	0	0	n/a(uncompiled)	34		Sketcher: Fix new GeometryScreenPreselector global placement (#30671)	Gui/EditModeCoinManager.cpp
474f704e6c	2026-06-09	Nemanja Pejic	?	0	0	open	67	have: isTrimmedGeoConic in createNewConstraintsForTrim and the sibling transfer in deleteUnusedInternalGeometryWhenTwoFoci are both here	Sketcher: preserve ellipse internal geometry after trim (#30138)	App/SketchObjectGeometry.cpp App/SketchObjectOperations.cpp
873df27118	2026-06-06	Max Wilfinger	feature	0	0	open	41		Sketcher: Add hints to B-Spline tool	Gui/DrawSketchHandlerBSpline.h Gui/DrawSketchHandlerPolygon.h
facca5c426	2026-06-12	PaddleStroke	?	0	0	open	1		Sketcher: Esc should not cancel sketch edit	Gui/TaskDlgEditSketch.cpp
3fa5f1c236	2026-05-27	Liangping Cheung	feature	0	0	open	2		[Sketcher]Replace TopTools_ListIteratorOfListOfShape.hxx with TopTools_ListOfListOfShape.hxx for OCCT 8.0 compatibility.	Gui/ViewProviderSketch.cpp
91c44d9fee	2026-06-14	Lokestrom	fix	1	0	open	4		Fixed parabola center point icon	Gui/Resources/icons/elements/Sketcher_Element_Parabolic_Arc_Centre_Point.svg
c0d47c5ecd	2026-06-15	matthiasdanner	feature	0	0	open	25		Sketcher: Allow Constraint Name to be empty (#29894)	Gui/EditDatumDialog.cpp Gui/TaskSketcherConstraints.cpp
ec298e9e9a	2026-06-15	Turan Furkan Topak	?	0	0	open	519		Sketcher: AutoConstrants for Point Drag (#29771)	Gui/CMakeLists.txt Gui/DrawSketchHandler.cpp Gui/DrawSketchHandlerDragAutoConstraint.cpp Gui/DrawSketchHandlerDragAutoConstraint.h Gui/ViewProviderSketch.cpp Gui/ViewProviderSketch.h
03363ea537	2026-06-16	Max Wilfinger	?	1	0	open	2	taken 88c9baa853	Sketch: Don't copy constraints in Sketcher_CopyClipboard (#30749)	App/Sketch.cpp
6fd9159970	2026-06-21	Chris Hennes	?	0	0	open	20		Sketcher/Tests: Make sure the frame is ready before checking for hover	SketcherTests/TestExternalFacePreselection.py
b178a7aede	2026-06-14	Joao Matos	?	0	0	n/a(uncompiled)	54		Sketcher: collect preselection candidates before resolving	Gui/EditModeCoinManager.cpp Gui/EditModeCoinManager.h
cb025c145a	2026-06-22	PaddleStroke	fix	0	0	open	11		Sketcher: Polyline: Fix errors when arc invalid (#30497)	Gui/DrawSketchHandlerLineSet.h
9a1020929e	2026-06-23	John Lewin	feature	0	0	open	247		Add per sketch GeometryCreationMode state (#30761)	Gui/CommandAlterGeometry.cpp Gui/CommandCreateGeo.cpp Gui/DrawSketchHandler.cpp Gui/DrawSketchHandler.h Gui/DrawSketchHandlerArc.h Gui/DrawSketchHandlerArcOfEllipse.h Gui/DrawSketchHandlerArcOfHyperbola.h Gui/DrawSketchHandlerArcOfParabola.h Gui/DrawSketchHandlerArcSlot.h Gui/DrawSketchHandlerBSplin
b71a54d9cc	2026-06-24	Timothy Miller	fix	0	0	open	16		Sketcher: fix auto-constraint to external geometry using wrong GeoId (#30942)	Gui/DrawSketchHandler.cpp
5f6494b7db	2026-06-25	Timothy Miller	fix	0	0	open	3		Sketcher: fix flaky TestExternalFacePreselection camera framing (#30993)	SketcherTests/TestExternalFacePreselection.py
cda241dbd0	2026-06-29	Yash Suthar	feature	0	0	open	445		Sketcher : added transparency parameter to see object behind axes (#26594)	Gui/EditModeCoinManager.cpp Gui/EditModeCoinManager.h Gui/EditModeCoinManagerParameters.h Gui/EditModeGeometryCoinManager.cpp Gui/SketcherSettings.cpp Gui/SketcherSettingsDisplay.ui
1050996387	2026-06-29	theo-vt	fix	1	0	open	7		Sketcher: Prevent self-tangency	Gui/CommandConstraints.cpp
f32d5e5fd9	2026-06-30	Joao Matos	feature	0	0	open	27		Sketcher: reject non-finite controllable tool positions	Gui/DrawSketchControllableHandler.h Gui/DrawSketchController.h
9ce1cae190	2026-06-30	Joao Matos	?	0	0	open	147		Sketcher: validate sketch view projection results	Gui/ViewProviderSketch.cpp Gui/ViewProviderSketch.h
0e174da56d	2026-06-30	Joao Matos	?	0	0	open	47		Sketcher: reject invalid rectangle geometry	Gui/DrawSketchHandlerRectangle.h
41fb15ba19	2026-06-30	Joao Matos	feature	0	0	open	43		Sketcher tests: wait for valid rectangle OVP click point	SketcherTests/TestOnViewParameterGui.py
fbf590e7d8	2026-07-06	PaddleStroke	fix	0	0	open	6		Sketcher: Polyline: fix angle OVP bad constraint (#30468)	Gui/DrawSketchHandlerLineSet.h Gui/Utils.cpp
5587b48a0f	2026-07-07	PaddleStroke	?	0	0	open	119		Core Sketcher: Bounding box rework (#26291)	Gui/ViewProviderSketch.cpp Gui/ViewProviderSketch.h
aa26d9ff8a	2026-07-08	Tari	feature	0	0	open	43		Created new icon variant for external construction geometry (#28507)	Gui/TaskSketcherElements.cpp
ea6469a7d7	2026-07-08	Max Wilfinger	feature	0	0	open	19		Sketcher: Add custom hint check for dimension tool (#30944)	Gui/CommandConstraints.cpp
3d9921e71a	2026-07-08	Max Wilfinger	?	0	0	n/a(uncompiled)	40		Gui: Improve selection colors (#31050)	Gui/EditModeCoinManagerParameters.cpp
cc802c341d	2026-07-05	wwmayer	fix	0	0	open	8	taken 4e6df1319a	Sketcher: Fix crash in SketchObject::rebuildExternalGeometry	App/SketchObject.cpp App/SketchObjectExternal.cpp
5f90e988a0	2026-06-15	PaddleStroke	fix	0	0	open	17		Sketcher: Copy: fix crash when external selected	Gui/CommandSketcherTools.cpp
93feb3ce51	2026-06-22	Joao Matos	?	0	0	n/a(uncompiled)	334		Sketcher: score typed preselection candidates	Gui/EditModeCoinManager.cpp Gui/EditModeCoinManager.h Gui/EditModeConstraintCoinManager.cpp Gui/EditModeConstraintCoinManager.h SketcherTests/TestConstraintPreselectionGui.py
46a0498069	2026-07-12	Matthias Danner	?	1	0	open	518		Sketcher_CreateFillet_Constr Sketcher_CreateFillet_Constr	Gui/Resources/Sketcher.qrc Gui/Resources/icons/geometry/Sketcher_CreateFillet_Constr.svg
f4adbed7bd	2026-06-19	Turan Furkan Topak	?	0	0	open	60		Sketcher: Geometry during dragging is solved geom	Gui/DrawSketchHandlerDragAutoConstraint.cpp Gui/DrawSketchHandlerDragAutoConstraint.h
2c2f1d7db7	2026-06-28	Turan Furkan Topak	refactor	0	0	open	658		Sketcher: Use the same workflow as Draw for Drag	Gui/DrawSketchDefaultHandler.h Gui/DrawSketchHandler.cpp Gui/DrawSketchHandler.h Gui/DrawSketchHandlerDragAutoConstraint.cpp
2f2787611c	2026-07-12	theo-vt	?	0	0	open	21		Sketcher.ViewSection: Make sure ActiveSketch is up to date when calling command	Gui/Command.cpp
23ca5dc52f	2026-07-14	Lokestrom	fix	0	0	open	8		Fixed incorect radius constraint in arc of ellipse	Gui/DrawSketchHandlerArcOfEllipse.h
7968e0c8f5	2026-05-13	Joao Matos	feature	1	0	open	17		Typing: add utility module stubs	App/Sketcher.module.pyi
ed4c15642c	2026-07-05	Max Wilfinger	?	0	0	open	2		Sketcher: Check for arc constraint on cycle	Gui/DrawSketchHandlerLineSet.h
f07195c198	2026-07-08	Matthias Danner	feature	0	0	open	10		Sketcher: Reset OVP on Click in Polyline and Bspline Tool	Gui/DrawSketchHandlerBSpline.h Gui/DrawSketchHandlerLineSet.h Gui/DrawSketchKeyboardManager.cpp Gui/DrawSketchKeyboardManager.h
f73e520728	2026-07-18	PaddleStroke	feature	0	0	open	8		Merge pull request #30479 from PaddleStroke/patch-793529	Gui/DrawSketchHandlerLine.h Gui/DrawSketchHandlerLineSet.h Gui/DrawSketchHandlerSlot.h Gui/DrawSketchHandlerText.h
a4b8ca1ada	2026-07-15	Joao Matos	?	0	0	open	15	n/a: a FaceMakerBuildFace null result; the fork kept WireJoiner + FaceMakerRing (aa31511fbd)	Sketcher: accept empty internal face results	App/SketchObject.cpp
b9155035fe	2026-05-14	Bojan	fix	0	0	open	157		Sketcher/Measure: fix precision loss in constraint and measurement values	Gui/CommandConstraints.cpp Gui/EditDatumDialog.cpp
67586e1699	2026-07-20	Grzegorz Kwacz	refactor	0	0	open	2		TaskView: Remove dead code from TaskView and QSint (#27653)	Gui/SketcherToolDefaultWidget.h
057d51f846	2026-07-20	Pieter Hijma	?	0	0	open	235024	partial 88c9baa853: App/Analyse.h App/AppSketcher.cpp App/AppSketcherPy.cpp App/ExternalGeometryExtension.cpp App/ExternalGeometryExtension.h App/ExternalGeometryExtensionPyImp.cpp App/Ext	Merge pull request #29904	App/Analyse.h App/AppSketcher.cpp App/AppSketcherPy.cpp App/CMakeLists.txt App/Constraint.cpp App/Constraint.h App/Constraint.pyi App/ConstraintPyImp.cpp App/ExternalGeometryExtension.cpp App/ExternalGeometryExtension.h App/ExternalGeometryExtension.pyi App/ExternalGeometryExtensionPyImp.cpp App/Ext
bbbff1f8f1	2026-07-08	chris jones @ipatch	fix	0	0	open	4	have: split passes newGeosConst to deriveConstraintsForPieces since d8d462426e	sketcher: fix issue #28240 split edge tool: fix split dropping point constraints on the split edge	App/SketchObjectOperations.cpp
735bc6b200	2026-07-24	PaddleStroke	feature	0	0	open	527		Merge pull request #30747 from PaddleStroke/patch-377788	Gui/CommandSketcherTools.cpp Gui/DrawSketchHandlerRotate.h Gui/DrawSketchHandlerTranslate.h
3f55736dfa	2026-07-24	ilya	?	0	0	open	59	n/a: a FaceMakerRing/BuildFace version switch; the fork never left FaceMakerRing, so pre-1.2 naming is what it does	Sketcher: preserve legacy internal-face naming for pre-1.2 documents (#31117)	App/SketchObject.cpp App/SketchObject.h
bfe1295b6b	2026-07-25	PaddleStroke	feature	0	0	open	1009		Merge pull request #30579 from PaddleStroke/sk_perp_hintlines	Gui/DrawSketchControllableHandler.h Gui/DrawSketchDefaultHandler.h Gui/DrawSketchHandler.cpp Gui/DrawSketchHandler.h Gui/DrawSketchHandlerLine.h Gui/DrawSketchHandlerLineSet.h Gui/EditModeCoinManager.cpp Gui/EditModeCoinManager.h Gui/EditModeCoinManagerParameters.cpp Gui/EditModeCoinManagerParameter
63af5cb2f3	2026-07-28	PaddleStroke	fix	0	0	open	81		Sketcher: Transform tool : fix expression helper (#30507)	Gui/SketcherTransformationExpressionHelper.cpp Gui/SketcherTransformationExpressionHelper.h
0eb37323f0	2026-07-10	Joao Matos	feature	0	0	open	3		Bindings: add structured Python API deprecation metadata	App/SketchObject.pyi
1e3dbc7ff2	2026-07-10	Joao Matos	?	0	0	open	15		Bindings: migrate legacy deprecation metadata	App/SketchObject.pyi
ddd3beaf84	2026-07-29	PaddleStroke	fix	0	0	open	120		Sketcher : Fix Polyline parallel/perp helper doesn't stay arc segment FreeCAD#31568	Gui/DrawSketchHandler.cpp Gui/DrawSketchHandler.h
8a6f859a57	2026-07-16	Max Wilfinger	?	0	0	open	10		Sketcher: Increase contrast of default face color	Gui/SketcherSettingsAppearance.ui Gui/ViewProviderSketch.cpp
ff47e5d523	2026-07-24	Max Wilfinger	feature	0	0	open	55		Sketcher: Add hints for pattern tools	Gui/DrawSketchHandlerBSpline.h Gui/DrawSketchHandlerPolygon.h Gui/DrawSketchHandlerRotate.h Gui/DrawSketchHandlerTranslate.h
fe9b559779	2026-08-02	Jakub Vanek	refactor	0	0	n/a(uncompiled)	9		Sketcher: Simplify constraint icon conversion for Coin3D	Gui/EditModeConstraintCoinManager.cpp
770015798f	2026-07-29	Lokestrom	fix	0	0	open	3		Fix arc of ellipse arc OVP flip	Gui/DrawSketchHandlerArcOfEllipse.h
1dde0a83ce	2026-08-02	Max Wilfinger	?	0	0	n/a(uncompiled)	14		Sketcher: Remove transparency from origin point	Gui/EditModeCoinManager.cpp
955efa639e	2026-07-30	wwmayer	fix	0	0	open	16		Sketch: Handle exception in ViewProviderSketch::setEdit	Gui/ViewProviderSketch.cpp
2b88396504	2026-07-30	wwmayer	fix	0	0	open	5	taken 88c9baa853	Sketcher: Handle OCC exception in sketcher	App/Sketch.cpp
e1e72c9195	2026-08-03	Chris Hennes	refactor	0	0	open	433	taken 0f5a36bfc8	Sketcher: Use existing geometry to migrate to signed constraints	App/Sketch.cpp App/SketchObject.cpp App/SketchObject.h App/SketchObjectConstraints.cpp App/SketchObjectExternal.cpp App/SketchObjectOperations.cpp SketcherTests/TestSketcherSolver.py
196da068a0	2026-08-05	matthiasdanner	feature	0	0	open	249	partial: App half (trim includeSketchAxes) is here since d8d462426e; the Gui trimming handler half is phase 3	Sketcher: Add Option to include axes in Trimming Operation	App/SketchObject.h App/SketchObjectOperations.cpp App/SketchObjectPyImp.cpp Gui/DrawSketchHandlerTrimming.h
ba25babdf9	2026-08-03	Max Wilfinger	?	0	0	open	56		Sketcher: Delay auto-constraints while dragging	Gui/DrawSketchHandlerDragAutoConstraint.cpp Gui/DrawSketchHandlerDragAutoConstraint.h Gui/ViewProviderSketch.cpp
2a511bdada	2026-08-08	Turan Furkan Topak	?	0	0	open	13		Merge pull request #31295 from Reqrefusion/pointonobjectonarc	Gui/DrawSketchHandlerDragAutoConstraint.cpp
efec2c6795	2026-08-08	John Lewin	?	0	0	open	12		Collect theme foreground color from available sources for icon brush (#31594)	Gui/SketcherSettings.cpp
72318afbbf	2026-08-08	Wes Lord	refactor	1	0	open	56		Sketcher: Convert text elements to paths in CreateRegularPolygon SVGs	Gui/Resources/icons/geometry/Sketcher_CreateRegularPolygon.svg Gui/Resources/icons/geometry/Sketcher_CreateRegularPolygon_Constr.svg
a1bdbb6083	2026-08-03	221174284+kkchemboli@users.noreply.github.com	fix	0	0	open	2		Sketcher: Fix elliptical and hyperbolic arc OVP input being ignored	Gui/DrawSketchHandlerArcOfEllipse.h Gui/DrawSketchHandlerArcOfHyperbola.h
c2d6248bc7	2026-08-10	John Lewin	feature	0	0	open	212		Add dimensional constraint line style preferences	Gui/EditModeCoinManager.cpp Gui/EditModeCoinManagerParameters.h Gui/EditModeConstraintCoinManager.cpp Gui/SketcherSettings.cpp Gui/SketcherSettingsAppearance.ui
ed848d3251	2026-08-12	John Lewin	feature	0	0	n/a(uncompiled)	56		Add missing pref group observer to EditModeCoinManager (#31892)	Gui/EditModeCoinManager.cpp
90ca7a30d9	2026-08-13	John Lewin	feature	0	0	open	80		Add axis line width preference (#31679)	Gui/EditModeCoinManager.cpp Gui/EditModeCoinManagerParameters.h Gui/SketcherSettings.cpp Gui/SketcherSettingsAppearance.ui
8c1d03ccb4	2026-08-14	PaddleStroke	feature	0	0	open	3		Core: Add VP actions to view right click for consistency. (#30990)	Gui/ViewProviderSketch.cpp
884192e005	2026-08-16	Flaviu Tamas	fix	0	0	open	7	taken bec74e1472	Sketcher: fix memory leak	App/SketchObjectConstraints.cpp
f8890114fa	2026-08-16	Flaviu Tamas	?	0	0	open	13		suggested unique pointer approach	App/SketchObjectConstraints.cpp
ed932218ec	2026-08-16	pre-commit-ci[bot]	noise	0	0	open	10		[pre-commit.ci] auto fixes from pre-commit.com hooks	App/SketchObjectConstraints.cpp
3ec51da2cb	2026-08-19	matthiasdanner	feature	0	0	open	137		Sketcher: Add Angle Constraint to Polygon (#31180)	Gui/DrawSketchHandlerPolygon.h
490419ecb2	2026-08-23	Max Wilfinger	fix	0	0	open	17		Sketcher: Avoid invalid drag curve projections	Gui/DrawSketchHandlerDragAutoConstraint.cpp
a540d47665	2026-08-23	Max Wilfinger	?	0	0	open	54		Sketcher: Harden delayed drag auto-constraints	Gui/DrawSketchHandlerDragAutoConstraint.cpp Gui/DrawSketchHandlerDragAutoConstraint.h
2e390f1543	2026-07-01	John Lewin	fix	0	0	open	1		Ensure checkBoxLineGroup property value is synced with restored state	Gui/SketcherSettings.cpp
8271904dee	2026-06-10	Pieter Hijma	feature	0	0	open	3		Core: Support -Werror with GCC	App/SketchObjectOperations.cpp
83eb84157d	2026-06-12	Pieter Hijma	noise	0	0	open	2		Build: Disable deprecation warnings OCCT 8	CMakeLists.txt
72faf72088	2026-08-26	Joao Matos	?	0	0	open	104		Complete Sketcher and Part geometry signatures	App/Constraint.pyi App/SketchObject.pyi
38c68f353d	2026-08-28	Joao Matos	?	0	0	open	20		Generate stubs for C++-registered dynamic properties	App/PropertyPythonContracts.pyi App/SketchObject.pyi
ce1b63584c	2026-08-12	Joao Matos	?	0	0	n/a(uncompiled)	1		Sketcher: keep angle constraint labels in front of model	Gui/EditModeConstraintCoinManager.cpp
e06290557d	2026-08-27	wwmayer	fix	0	0	open	69	taken f7c3d7bff4	Sketcher: Fix adding ellipse	App/SketchObjectExternal.cpp CMakeLists.txt SketcherTests/TestSketcherEllipse.py TestSketcherApp.py
2b9bd823bc	2026-08-27	wwmayer	feature	0	0	open	26		Sketch: Add test case for rotated ellipse	SketcherTests/TestSketcherEllipse.py
cb5a28acd7	2026-08-28	Joao Matos	?	0	0	n/a(uncompiled)	150		Sketcher: connect distance labels to finite geometry	CMakeLists.txt Gui/EditModeConstraintCoinManager.cpp SketcherTests/TestDistanceLabelExtensionGui.py TestSketcherGui.py
566a724c26	2026-08-29	Michael Bujnovsky	?	0	0	open	60		Refresh active Sketcher preview on construction mode changes (#32245)	Gui/EditModeCoinManager.cpp Gui/EditModeCoinManager.h Gui/ViewProviderSketch.cpp
631ab0e7a4	2026-07-21	FreeCAD-Nut	feature	0	0	open	14		Gui: update external icon theme support	Gui/TaskSketcherConstraints.cpp Gui/TaskSketcherElements.cpp
c1b3281561	2026-08-29	Joao Matos	?	0	0	n/a(uncompiled)	14		Sketcher: keep origin point opaque in edit mode	Gui/EditModeCoinManager.cpp Gui/EditModeCoinManagerParameters.h
16908241f0	2026-08-29	Joao Matos	fix	0	0	open	54		Sketcher: restore origin marker state and stabilize OVP activation	Gui/DrawSketchController.h Gui/DrawSketchHandler.cpp Gui/DrawSketchHandler.h Gui/EditModeCoinManager.cpp Gui/EditModeCoinManager.h Gui/ViewProviderSketch.cpp Gui/ViewProviderSketch.h
86518416ee	2026-08-29	Joao Matos	fix	0	0	open	513		Sketcher: add regression tests for origin and OVP behavior	SketcherTests/TestOnViewParameterGui.py
d8cf415e4f	2026-08-31	Celeste Wouters	?	0	0	open	565	taken b4d1b55b6c	Sketcher: replace solve() & friends' int return codes with enums	App/Sketch.cpp App/Sketch.h App/SketchAnalysis.cpp App/SketchAnalysis.h App/SketchObject.cpp App/SketchObject.h App/SketchObjectConstraints.cpp App/SketchObjectOperations.cpp App/SketchObjectPyImp.cpp App/SketchPyImp.cpp App/planegcs/GCS.cpp App/planegcs/GCS.h Gui/CommandConstraints.cpp Gui/ViewProv
66aff6a7c2	2026-08-31	pre-commit-ci[bot]	noise	0	0	open	74	partial 88c9baa853: App/AppSketcher.cpp App/SketchObject.h Gui/AppSketcherGui.cpp	[pre-commit.ci] auto fixes from pre-commit.com hooks	App/AppSketcher.cpp App/Constraint.h App/SketchObject.h Gui/AppSketcherGui.cpp
db2a26feae	2026-07-14	Louis Gombert	?	0	0	open	8		move FREECAD_WARN_ERROR up, activate for Windows	App/CMakeLists.txt Gui/CMakeLists.txt
a502762119	2026-09-01	Celeste Wouters	refactor	0	0	open	240	taken cd7ff82e17	"Sketcher: remove dead code GCS solver ""fine"" parameter"	App/Sketch.cpp App/Sketch.h App/SketchObject.h App/SketchObjectOperations.cpp App/SketchObjectPyImp.cpp App/planegcs/GCS.cpp App/planegcs/GCS.h Gui/ViewProviderSketch.cpp
c1b70e5c98	2026-09-01	Joao Matos	fix	0	0	open	64		Sketcher: stabilize rectangle GUI regression test	SketcherTests/TestOnViewParameterGui.py
b9368b17a8	2026-08-29	Joao Matos	refactor	0	0	n/a(uncompiled)	30		Sketcher: split datum label preselection semantics	Gui/EditModeCoinManager.cpp Gui/EditModeCoinManager.h Gui/EditModeConstraintCoinManager.cpp Gui/EditModeConstraintCoinManager.h
4b7f8e5e07	2026-08-29	Joao Matos	fix	0	0	open	59		Sketcher: add datum text overlap preselection regression	SketcherTests/TestConstraintPreselectionGui.py
6d06b61c7e	2026-09-01	UnKabaraQuiDev	refactor	0	0	open	943	adapted c2924c2fa4: unconnected curves still fillet and keep the corner; ids and chamfer ends fixed; Gui tooltip/handler halves phase 3 (was: partial 88c9baa853: App/SketchObject.h App/SketchObjectConstraints.cpp App/SketchObjectOperations.cpp Gui/CommandCreateGeo.cpp Gui/CommandSketcherTools.cpp Gui/DrawSketchHandlerFillet.h Gui/DrawSketchHandlerLineSet.h SketcherTests/TestSket)	Sketcher: Preserve fillet corner using split (#31746)	App/Constraint.cpp App/Constraint.h App/GeoEnum.cpp App/GeoEnum.h App/Sketch.cpp App/SketchObject.h App/SketchObjectConstraints.cpp App/SketchObjectOperations.cpp Gui/CommandCreateGeo.cpp Gui/CommandSketcherTools.cpp Gui/DrawSketchHandlerFillet.h Gui/DrawSketchHandlerLineSet.h SketcherTests/TestSket
999fed9c4e	2026-08-12	Max Wilfinger	?	0	0	open	469		Sketcher: Dimension external edges and vertices	Gui/CommandConstraints.cpp
865fc12a8e	2026-09-01	Joao Matos	?	0	0	open	99		Sketcher: cover angle label preselection on horizontal axis	SketcherTests/TestConstraintPreselectionGui.py
1dcde4e4cc	2026-09-03	UnKabaraQuiDev	feature	0	0	open	223	have: fillet/trim/split solve on noRecomputes since d8d462426e; its gtest changes came with 9b75379eb1	Sketcher: Trim tool skips recompute (#32355)	App/SketchObjectOperations.cpp tests/App/SketchObjectChanges.cpp
321a782eff	2026-09-07	paddle	fix	0	0	open	10		"Sketcher: Double-clicking the active sketch now runs ""Align View to Sketch"" without closing and reopening it. Fix 13826"	Gui/ViewProviderSketch.cpp
084379651a	2026-09-07	paddle	fix	0	0	open	22		Sketcher: Fix Constraint coincident tool gives error when applying two points on the same line  #20771	Gui/CommandConstraints.cpp
828b85fae1	2026-09-07	paddle	?	1	0	open	4		Sketcher: Offset fully constraint the construction lines 17930	Gui/DrawSketchHandlerOffset.h
deeb43198d	2026-09-07	paddle	fix	0	0	open	8		Sketcher: Fix Sketcher: OVP 270 degree internal angle for 3 corners rectangle results in over-contrained sketch (since v0.22) #12321	Gui/DrawSketchHandlerRectangle.h
82ec32f9e9	2026-09-07	paddle	fix	0	0	open	47	taken 798e88bfd5	Sketcher: Fix MissingVerticalHorizontal false positive #21396	App/SketchAnalysis.cpp SketcherTests/TestSketcherSolver.py
55c36e8c03	2026-09-08	PaddleStroke	fix	0	0	open	7		Sketcher: Fix Cancelling Sketcher B-spline creation tools leaves behind (#32457)	Gui/DrawSketchHandler.cpp
0c6b877daa	2026-09-07	paddle	fix	1	0	n/a(uncompiled)	10		Sketcher: Fix constraint text cutoff 21269	Gui/EditModeConstraintCoinManager.cpp
9d7073ce7b	2026-09-08	PaddleStroke	fix	1	0	open	22	taken 9b9c4d4a3a	Sketcher: Fix Geometry Extension Not Working on Point Object (#32453)	SketcherTests/TestSketcherSolver.py
16a836743a	2026-09-07	paddle	fix	0	0	open	11		Sketcher: Fix updating a spreadsheet dimension does not update an open sketch 17036	Gui/ViewProviderSketch.cpp
07b2d9973d	2026-09-08	PaddleStroke	fix	0	0	open	30		Sketcher: Report in tree and tree item tooltip when broken external (#32478)	Gui/ViewProviderSketch.cpp Gui/ViewProviderSketch.h
0540f90a15	2026-09-08	Joao Matos	fix	0	0	open	33		Sketcher: avoid origin hit in marker GUI test	SketcherTests/TestOnViewParameterGui.py
880335a0f2	2026-09-09	007stevendigar-lgtm	fix	1	0	open	4		Fix grid line width tooltips	Gui/SketcherSettingsGrid.ui
ceeeba26b2	2026-05-27	andershol	refactor	0	0	open	4		Build: Simplify use of SET_BIN_DIR	App/CMakeLists.txt Gui/CMakeLists.txt
69b04222cc	2026-09-11	Chris Hennes	fix	0	0	open	2		Sketcher: Correct Transformed() call on BBox	Gui/ViewProviderSketch.cpp
5b43180899	2026-09-11	PaddleStroke	fix	0	0	open	20	taken 30b9838f3c	Sketcher: Fix sketch recompute does not honor configured Sketcher default solver (#32461)	App/SketchObject.cpp
fe7c1d18be	2026-09-12	PaddleStroke	fix	0	0	open	2833		Sketcher: dismiss handler when triggering constraints (#32467)	CMakeLists.txt Gui/CommandConstraints.cpp SketcherTests/TestConstraintCommandsGui.py TestSketcherGui.py
cfd1cdfb36	2026-09-12	Max Wilfinger	fix	0	0	open	7		Gui: Fix LCS attachment (#32401)	Gui/Command.cpp

